subject_id,trial_id,class_label,original_trial_index,run_id,run_id_source,included,exclusion_reason,split,split_method,random_seed
s01,s01_left_hand_000,left_hand,0,1,inferred_from_protocol,True,,train,run_holdout,-1
s01,s01_left_hand_001,left_hand,1,1,inferred_from_protocol,True,,train,run_holdout,-1
s01,s01_left_hand_002,left_hand,2,1,inferred_from_protocol,True,,train,run_holdout,-1
s01,s01_left_hand_003,left_hand,3,1,inferred_from_protocol,True,,train,run_holdout,-1
s01,s01_left_hand_004,left_hand,4,1,inferred_from_protocol,True,,train,run_holdout,-1
s01,s01_left_hand_005,left_hand,5,1,inferred_from_protocol,True,,train,run_holdout,-1
s01,s01_left_hand_006,left_hand,6,1,inferred_from_protocol,True,,train,run_holdout,-1
s01,s01_left_hand_007,left_hand,7,1,inferred_from_protocol,True,,train,run_holdout,-1
s01,s01_left_hand_008,left_hand,8,1,inferred_from_protocol,True,,train,run_holdout,-1
s01,s01_left_hand_009,left_hand,9,1,inferred_from_protocol,True,,train,run_holdout,-1
s01,s01_left_hand_010,left_hand,10,1,inferred_from_protocol,True,,train,run_holdout,-1
s01,s01_left_hand_011,left_hand,11,1,inferred_from_protocol,True,,train,run_holdout,-1
s01,s01_left_hand_012,left_hand,12,1,inferred_from_protocol,True,,train,run_holdout,-1
s01,s01_left_hand_013,left_hand,13,1,inferred_from_protocol,True,,train,run_holdout,-1
s01,s01_left_hand_014,left_hand,14,1,inferred_from_protocol,True,,train,run_holdout,-1
s01,s01_left_hand_015,left_hand,15,1,inferred_from_protocol,True,,train,run_holdout,-1
s01,s01_left_hand_016,left_hand,16,1,inferred_from_protocol,True,,train,run_holdout,-1
s01,s01_left_hand_017,left_hand,17,1,inferred_from_protocol,True,,train,run_holdout,-1
s01,s01_left_hand_018,left_hand,18,1,inferred_from_protocol,True,,train,run_holdout,-1
s01,s01_left_hand_019,left_hand,19,1,inferred_from_protocol,True,,train,run_holdout,-1
s01,s01_left_hand_020,left_hand,20,2,inferred_from_protocol,True,,train,run_holdout,-1
s01,s01_left_hand_021,left_hand,21,2,inferred_from_protocol,True,,train,run_holdout,-1
s01,s01_left_hand_022,left_hand,22,2,inferred_from_protocol,True,,train,run_holdout,-1
s01,s01_left_hand_023,left_hand,23,2,inferred_from_protocol,True,,train,run_holdout,-1
s01,s01_left_hand_024,left_hand,24,2,inferred_from_protocol,True,,train,run_holdout,-1
s01,s01_left_hand_025,left_hand,25,2,inferred_from_protocol,True,,train,run_holdout,-1
s01,s01_left_hand_026,left_hand,26,2,inferred_from_protocol,True,,train,run_holdout,-1
s01,s01_left_hand_027,left_hand,27,2,inferred_from_protocol,True,,train,run_holdout,-1
s01,s01_left_hand_028,left_hand,28,2,inferred_from_protocol,True,,train,run_holdout,-1
s01,s01_left_hand_029,left_hand,29,2,inferred_from_protocol,True,,train,run_holdout,-1
s01,s01_left_hand_030,left_hand,30,2,inferred_from_protocol,True,,train,run_holdout,-1
s01,s01_left_hand_031,left_hand,31,2,inferred_from_protocol,True,,train,run_holdout,-1
s01,s01_left_hand_032,left_hand,32,2,inferred_from_protocol,True,,train,run_holdout,-1
s01,s01_left_hand_033,left_hand,33,2,inferred_from_protocol,True,,train,run_holdout,-1
s01,s01_left_hand_034,left_hand,34,2,inferred_from_protocol,True,,train,run_holdout,-1
s01,s01_left_hand_035,left_hand,35,2,inferred_from_protocol,True,,train,run_holdout,-1
s01,s01_left_hand_036,left_hand,36,2,inferred_from_protocol,True,,train,run_holdout,-1
s01,s01_left_hand_037,left_hand,37,2,inferred_from_protocol,True,,train,run_holdout,-1
s01,s01_left_hand_038,left_hand,38,2,inferred_from_protocol,True,,train,run_holdout,-1
s01,s01_left_hand_039,left_hand,39,2,inferred_from_protocol,True,,train,run_holdout,-1
s01,s01_left_hand_040,left_hand,40,3,inferred_from_protocol,True,,train,run_holdout,-1
s01,s01_left_hand_041,left_hand,41,3,inferred_from_protocol,True,,train,run_holdout,-1
s01,s01_left_hand_042,left_hand,42,3,inferred_from_protocol,True,,train,run_holdout,-1
s01,s01_left_hand_043,left_hand,43,3,inferred_from_protocol,True,,train,run_holdout,-1
s01,s01_left_hand_044,left_hand,44,3,inferred_from_protocol,True,,train,run_holdout,-1
s01,s01_left_hand_045,left_hand,45,3,inferred_from_protocol,True,,train,run_holdout,-1
s01,s01_left_hand_046,left_hand,46,3,inferred_from_protocol,True,,train,run_holdout,-1
s01,s01_left_hand_047,left_hand,47,3,inferred_from_protocol,True,,train,run_holdout,-1
s01,s01_left_hand_048,left_hand,48,3,inferred_from_protocol,True,,train,run_holdout,-1
s01,s01_left_hand_049,left_hand,49,3,inferred_from_protocol,True,,train,run_holdout,-1
s01,s01_left_hand_050,left_hand,50,3,inferred_from_protocol,True,,train,run_holdout,-1
s01,s01_left_hand_051,left_hand,51,3,inferred_from_protocol,True,,train,run_holdout,-1
s01,s01_left_hand_052,left_hand,52,3,inferred_from_protocol,True,,train,run_holdout,-1
s01,s01_left_hand_053,left_hand,53,3,inferred_from_protocol,True,,train,run_holdout,-1
s01,s01_left_hand_054,left_hand,54,3,inferred_from_protocol,True,,train,run_holdout,-1
s01,s01_left_hand_055,left_hand,55,3,inferred_from_protocol,True,,train,run_holdout,-1
s01,s01_left_hand_056,left_hand,56,3,inferred_from_protocol,True,,train,run_holdout,-1
s01,s01_left_hand_057,left_hand,57,3,inferred_from_protocol,True,,train,run_holdout,-1
s01,s01_left_hand_058,left_hand,58,3,inferred_from_protocol,True,,train,run_holdout,-1
s01,s01_left_hand_059,left_hand,59,3,inferred_from_protocol,True,,train,run_holdout,-1
s01,s01_left_hand_060,left_hand,60,4,inferred_from_protocol,True,,val,run_holdout,-1
s01,s01_left_hand_061,left_hand,61,4,inferred_from_protocol,True,,val,run_holdout,-1
s01,s01_left_hand_062,left_hand,62,4,inferred_from_protocol,True,,val,run_holdout,-1
s01,s01_left_hand_063,left_hand,63,4,inferred_from_protocol,True,,val,run_holdout,-1
s01,s01_left_hand_064,left_hand,64,4,inferred_from_protocol,True,,val,run_holdout,-1
s01,s01_left_hand_065,left_hand,65,4,inferred_from_protocol,True,,val,run_holdout,-1
s01,s01_left_hand_066,left_hand,66,4,inferred_from_protocol,True,,val,run_holdout,-1
s01,s01_left_hand_067,left_hand,67,4,inferred_from_protocol,True,,val,run_holdout,-1
s01,s01_left_hand_068,left_hand,68,4,inferred_from_protocol,True,,val,run_holdout,-1
s01,s01_left_hand_069,left_hand,69,4,inferred_from_protocol,True,,val,run_holdout,-1
s01,s01_left_hand_070,left_hand,70,4,inferred_from_protocol,True,,val,run_holdout,-1
s01,s01_left_hand_071,left_hand,71,4,inferred_from_protocol,True,,val,run_holdout,-1
s01,s01_left_hand_072,left_hand,72,4,inferred_from_protocol,True,,val,run_holdout,-1
s01,s01_left_hand_073,left_hand,73,4,inferred_from_protocol,True,,val,run_holdout,-1
s01,s01_left_hand_074,left_hand,74,4,inferred_from_protocol,True,,val,run_holdout,-1
s01,s01_left_hand_075,left_hand,75,4,inferred_from_protocol,True,,val,run_holdout,-1
s01,s01_left_hand_076,left_hand,76,4,inferred_from_protocol,True,,val,run_holdout,-1
s01,s01_left_hand_077,left_hand,77,4,inferred_from_protocol,True,,val,run_holdout,-1
s01,s01_left_hand_078,left_hand,78,4,inferred_from_protocol,True,,val,run_holdout,-1
s01,s01_left_hand_079,left_hand,79,4,inferred_from_protocol,True,,val,run_holdout,-1
s01,s01_left_hand_080,left_hand,80,5,inferred_from_protocol,True,,test,run_holdout,-1
s01,s01_left_hand_081,left_hand,81,5,inferred_from_protocol,True,,test,run_holdout,-1
s01,s01_left_hand_082,left_hand,82,5,inferred_from_protocol,True,,test,run_holdout,-1
s01,s01_left_hand_083,left_hand,83,5,inferred_from_protocol,True,,test,run_holdout,-1
s01,s01_left_hand_084,left_hand,84,5,inferred_from_protocol,True,,test,run_holdout,-1
s01,s01_left_hand_085,left_hand,85,5,inferred_from_protocol,True,,test,run_holdout,-1
s01,s01_left_hand_086,left_hand,86,5,inferred_from_protocol,True,,test,run_holdout,-1
s01,s01_left_hand_087,left_hand,87,5,inferred_from_protocol,True,,test,run_holdout,-1
s01,s01_left_hand_088,left_hand,88,5,inferred_from_protocol,True,,test,run_holdout,-1
s01,s01_left_hand_089,left_hand,89,5,inferred_from_protocol,True,,test,run_holdout,-1
s01,s01_left_hand_090,left_hand,90,5,inferred_from_protocol,True,,test,run_holdout,-1
s01,s01_left_hand_091,left_hand,91,5,inferred_from_protocol,True,,test,run_holdout,-1
s01,s01_left_hand_092,left_hand,92,5,inferred_from_protocol,True,,test,run_holdout,-1
s01,s01_left_hand_093,left_hand,93,5,inferred_from_protocol,True,,test,run_holdout,-1
s01,s01_left_hand_094,left_hand,94,5,inferred_from_protocol,True,,test,run_holdout,-1
s01,s01_left_hand_095,left_hand,95,5,inferred_from_protocol,True,,test,run_holdout,-1
s01,s01_left_hand_096,left_hand,96,5,inferred_from_protocol,True,,test,run_holdout,-1
s01,s01_left_hand_097,left_hand,97,5,inferred_from_protocol,True,,test,run_holdout,-1
s01,s01_left_hand_098,left_hand,98,5,inferred_from_protocol,True,,test,run_holdout,-1
s01,s01_left_hand_099,left_hand,99,5,inferred_from_protocol,True,,test,run_holdout,-1
s01,s01_right_hand_000,right_hand,0,1,inferred_from_protocol,True,,train,run_holdout,-1
s01,s01_right_hand_001,right_hand,1,1,inferred_from_protocol,True,,train,run_holdout,-1
s01,s01_right_hand_002,right_hand,2,1,inferred_from_protocol,True,,train,run_holdout,-1
s01,s01_right_hand_003,right_hand,3,1,inferred_from_protocol,True,,train,run_holdout,-1
s01,s01_right_hand_004,right_hand,4,1,inferred_from_protocol,True,,train,run_holdout,-1
s01,s01_right_hand_005,right_hand,5,1,inferred_from_protocol,True,,train,run_holdout,-1
s01,s01_right_hand_006,right_hand,6,1,inferred_from_protocol,True,,train,run_holdout,-1
s01,s01_right_hand_007,right_hand,7,1,inferred_from_protocol,True,,train,run_holdout,-1
s01,s01_right_hand_008,right_hand,8,1,inferred_from_protocol,True,,train,run_holdout,-1
s01,s01_right_hand_009,right_hand,9,1,inferred_from_protocol,True,,train,run_holdout,-1
s01,s01_right_hand_010,right_hand,10,1,inferred_from_protocol,True,,train,run_holdout,-1
s01,s01_right_hand_011,right_hand,11,1,inferred_from_protocol,True,,train,run_holdout,-1
s01,s01_right_hand_012,right_hand,12,1,inferred_from_protocol,True,,train,run_holdout,-1
s01,s01_right_hand_013,right_hand,13,1,inferred_from_protocol,True,,train,run_holdout,-1
s01,s01_right_hand_014,right_hand,14,1,inferred_from_protocol,True,,train,run_holdout,-1
s01,s01_right_hand_015,right_hand,15,1,inferred_from_protocol,True,,train,run_holdout,-1
s01,s01_right_hand_016,right_hand,16,1,inferred_from_protocol,True,,train,run_holdout,-1
s01,s01_right_hand_017,right_hand,17,1,inferred_from_protocol,True,,train,run_holdout,-1
s01,s01_right_hand_018,right_hand,18,1,inferred_from_protocol,True,,train,run_holdout,-1
s01,s01_right_hand_019,right_hand,19,1,inferred_from_protocol,True,,train,run_holdout,-1
s01,s01_right_hand_020,right_hand,20,2,inferred_from_protocol,True,,train,run_holdout,-1
s01,s01_right_hand_021,right_hand,21,2,inferred_from_protocol,True,,train,run_holdout,-1
s01,s01_right_hand_022,right_hand,22,2,inferred_from_protocol,True,,train,run_holdout,-1
s01,s01_right_hand_023,right_hand,23,2,inferred_from_protocol,True,,train,run_holdout,-1
s01,s01_right_hand_024,right_hand,24,2,inferred_from_protocol,True,,train,run_holdout,-1
s01,s01_right_hand_025,right_hand,25,2,inferred_from_protocol,True,,train,run_holdout,-1
s01,s01_right_hand_026,right_hand,26,2,inferred_from_protocol,True,,train,run_holdout,-1
s01,s01_right_hand_027,right_hand,27,2,inferred_from_protocol,True,,train,run_holdout,-1
s01,s01_right_hand_028,right_hand,28,2,inferred_from_protocol,True,,train,run_holdout,-1
s01,s01_right_hand_029,right_hand,29,2,inferred_from_protocol,True,,train,run_holdout,-1
s01,s01_right_hand_030,right_hand,30,2,inferred_from_protocol,True,,train,run_holdout,-1
s01,s01_right_hand_031,right_hand,31,2,inferred_from_protocol,True,,train,run_holdout,-1
s01,s01_right_hand_032,right_hand,32,2,inferred_from_protocol,True,,train,run_holdout,-1
s01,s01_right_hand_033,right_hand,33,2,inferred_from_protocol,True,,train,run_holdout,-1
s01,s01_right_hand_034,right_hand,34,2,inferred_from_protocol,True,,train,run_holdout,-1
s01,s01_right_hand_035,right_hand,35,2,inferred_from_protocol,True,,train,run_holdout,-1
s01,s01_right_hand_036,right_hand,36,2,inferred_from_protocol,True,,train,run_holdout,-1
s01,s01_right_hand_037,right_hand,37,2,inferred_from_protocol,True,,train,run_holdout,-1
s01,s01_right_hand_038,right_hand,38,2,inferred_from_protocol,True,,train,run_holdout,-1
s01,s01_right_hand_039,right_hand,39,2,inferred_from_protocol,True,,train,run_holdout,-1
s01,s01_right_hand_040,right_hand,40,3,inferred_from_protocol,True,,train,run_holdout,-1
s01,s01_right_hand_041,right_hand,41,3,inferred_from_protocol,True,,train,run_holdout,-1
s01,s01_right_hand_042,right_hand,42,3,inferred_from_protocol,True,,train,run_holdout,-1
s01,s01_right_hand_043,right_hand,43,3,inferred_from_protocol,True,,train,run_holdout,-1
s01,s01_right_hand_044,right_hand,44,3,inferred_from_protocol,True,,train,run_holdout,-1
s01,s01_right_hand_045,right_hand,45,3,inferred_from_protocol,True,,train,run_holdout,-1
s01,s01_right_hand_046,right_hand,46,3,inferred_from_protocol,True,,train,run_holdout,-1
s01,s01_right_hand_047,right_hand,47,3,inferred_from_protocol,True,,train,run_holdout,-1
s01,s01_right_hand_048,right_hand,48,3,inferred_from_protocol,True,,train,run_holdout,-1
s01,s01_right_hand_049,right_hand,49,3,inferred_from_protocol,True,,train,run_holdout,-1
s01,s01_right_hand_050,right_hand,50,3,inferred_from_protocol,True,,train,run_holdout,-1
s01,s01_right_hand_051,right_hand,51,3,inferred_from_protocol,True,,train,run_holdout,-1
s01,s01_right_hand_052,right_hand,52,3,inferred_from_protocol,True,,train,run_holdout,-1
s01,s01_right_hand_053,right_hand,53,3,inferred_from_protocol,True,,train,run_holdout,-1
s01,s01_right_hand_054,right_hand,54,3,inferred_from_protocol,True,,train,run_holdout,-1
s01,s01_right_hand_055,right_hand,55,3,inferred_from_protocol,True,,train,run_holdout,-1
s01,s01_right_hand_056,right_hand,56,3,inferred_from_protocol,True,,train,run_holdout,-1
s01,s01_right_hand_057,right_hand,57,3,inferred_from_protocol,True,,train,run_holdout,-1
s01,s01_right_hand_058,right_hand,58,3,inferred_from_protocol,True,,train,run_holdout,-1
s01,s01_right_hand_059,right_hand,59,3,inferred_from_protocol,True,,train,run_holdout,-1
s01,s01_right_hand_060,right_hand,60,4,inferred_from_protocol,True,,val,run_holdout,-1
s01,s01_right_hand_061,right_hand,61,4,inferred_from_protocol,True,,val,run_holdout,-1
s01,s01_right_hand_062,right_hand,62,4,inferred_from_protocol,True,,val,run_holdout,-1
s01,s01_right_hand_063,right_hand,63,4,inferred_from_protocol,True,,val,run_holdout,-1
s01,s01_right_hand_064,right_hand,64,4,inferred_from_protocol,True,,val,run_holdout,-1
s01,s01_right_hand_065,right_hand,65,4,inferred_from_protocol,True,,val,run_holdout,-1
s01,s01_right_hand_066,right_hand,66,4,inferred_from_protocol,True,,val,run_holdout,-1
s01,s01_right_hand_067,right_hand,67,4,inferred_from_protocol,True,,val,run_holdout,-1
s01,s01_right_hand_068,right_hand,68,4,inferred_from_protocol,True,,val,run_holdout,-1
s01,s01_right_hand_069,right_hand,69,4,inferred_from_protocol,True,,val,run_holdout,-1
s01,s01_right_hand_070,right_hand,70,4,inferred_from_protocol,True,,val,run_holdout,-1
s01,s01_right_hand_071,right_hand,71,4,inferred_from_protocol,True,,val,run_holdout,-1
s01,s01_right_hand_072,right_hand,72,4,inferred_from_protocol,True,,val,run_holdout,-1
s01,s01_right_hand_073,right_hand,73,4,inferred_from_protocol,True,,val,run_holdout,-1
s01,s01_right_hand_074,right_hand,74,4,inferred_from_protocol,True,,val,run_holdout,-1
s01,s01_right_hand_075,right_hand,75,4,inferred_from_protocol,True,,val,run_holdout,-1
s01,s01_right_hand_076,right_hand,76,4,inferred_from_protocol,True,,val,run_holdout,-1
s01,s01_right_hand_077,right_hand,77,4,inferred_from_protocol,True,,val,run_holdout,-1
s01,s01_right_hand_078,right_hand,78,4,inferred_from_protocol,True,,val,run_holdout,-1
s01,s01_right_hand_079,right_hand,79,4,inferred_from_protocol,True,,val,run_holdout,-1
s01,s01_right_hand_080,right_hand,80,5,inferred_from_protocol,True,,test,run_holdout,-1
s01,s01_right_hand_081,right_hand,81,5,inferred_from_protocol,True,,test,run_holdout,-1
s01,s01_right_hand_082,right_hand,82,5,inferred_from_protocol,True,,test,run_holdout,-1
s01,s01_right_hand_083,right_hand,83,5,inferred_from_protocol,True,,test,run_holdout,-1
s01,s01_right_hand_084,right_hand,84,5,inferred_from_protocol,True,,test,run_holdout,-1
s01,s01_right_hand_085,right_hand,85,5,inferred_from_protocol,True,,test,run_holdout,-1
s01,s01_right_hand_086,right_hand,86,5,inferred_from_protocol,True,,test,run_holdout,-1
s01,s01_right_hand_087,right_hand,87,5,inferred_from_protocol,True,,test,run_holdout,-1
s01,s01_right_hand_088,right_hand,88,5,inferred_from_protocol,True,,test,run_holdout,-1
s01,s01_right_hand_089,right_hand,89,5,inferred_from_protocol,True,,test,run_holdout,-1
s01,s01_right_hand_090,right_hand,90,5,inferred_from_protocol,True,,test,run_holdout,-1
s01,s01_right_hand_091,right_hand,91,5,inferred_from_protocol,True,,test,run_holdout,-1
s01,s01_right_hand_092,right_hand,92,5,inferred_from_protocol,True,,test,run_holdout,-1
s01,s01_right_hand_093,right_hand,93,5,inferred_from_protocol,True,,test,run_holdout,-1
s01,s01_right_hand_094,right_hand,94,5,inferred_from_protocol,True,,test,run_holdout,-1
s01,s01_right_hand_095,right_hand,95,5,inferred_from_protocol,True,,test,run_holdout,-1
s01,s01_right_hand_096,right_hand,96,5,inferred_from_protocol,True,,test,run_holdout,-1
s01,s01_right_hand_097,right_hand,97,5,inferred_from_protocol,True,,test,run_holdout,-1
s01,s01_right_hand_098,right_hand,98,5,inferred_from_protocol,True,,test,run_holdout,-1
s01,s01_right_hand_099,right_hand,99,5,inferred_from_protocol,True,,test,run_holdout,-1
s02,s02_left_hand_000,left_hand,0,1,inferred_from_protocol,True,,train,run_holdout,-1
s02,s02_left_hand_001,left_hand,1,1,inferred_from_protocol,True,,train,run_holdout,-1
s02,s02_left_hand_002,left_hand,2,1,inferred_from_protocol,True,,train,run_holdout,-1
s02,s02_left_hand_003,left_hand,3,1,inferred_from_protocol,True,,train,run_holdout,-1
s02,s02_left_hand_004,left_hand,4,1,inferred_from_protocol,True,,train,run_holdout,-1
s02,s02_left_hand_005,left_hand,5,1,inferred_from_protocol,True,,train,run_holdout,-1
s02,s02_left_hand_006,left_hand,6,1,inferred_from_protocol,True,,train,run_holdout,-1
s02,s02_left_hand_007,left_hand,7,1,inferred_from_protocol,True,,train,run_holdout,-1
s02,s02_left_hand_008,left_hand,8,1,inferred_from_protocol,True,,train,run_holdout,-1
s02,s02_left_hand_009,left_hand,9,1,inferred_from_protocol,True,,train,run_holdout,-1
s02,s02_left_hand_010,left_hand,10,1,inferred_from_protocol,True,,train,run_holdout,-1
s02,s02_left_hand_011,left_hand,11,1,inferred_from_protocol,True,,train,run_holdout,-1
s02,s02_left_hand_012,left_hand,12,1,inferred_from_protocol,True,,train,run_holdout,-1
s02,s02_left_hand_013,left_hand,13,1,inferred_from_protocol,True,,train,run_holdout,-1
s02,s02_left_hand_014,left_hand,14,1,inferred_from_protocol,True,,train,run_holdout,-1
s02,s02_left_hand_015,left_hand,15,1,inferred_from_protocol,True,,train,run_holdout,-1
s02,s02_left_hand_016,left_hand,16,1,inferred_from_protocol,True,,train,run_holdout,-1
s02,s02_left_hand_017,left_hand,17,1,inferred_from_protocol,True,,train,run_holdout,-1
s02,s02_left_hand_018,left_hand,18,1,inferred_from_protocol,True,,train,run_holdout,-1
s02,s02_left_hand_019,left_hand,19,1,inferred_from_protocol,True,,train,run_holdout,-1
s02,s02_left_hand_020,left_hand,20,2,inferred_from_protocol,True,,train,run_holdout,-1
s02,s02_left_hand_021,left_hand,21,2,inferred_from_protocol,True,,train,run_holdout,-1
s02,s02_left_hand_022,left_hand,22,2,inferred_from_protocol,True,,train,run_holdout,-1
s02,s02_left_hand_023,left_hand,23,2,inferred_from_protocol,True,,train,run_holdout,-1
s02,s02_left_hand_024,left_hand,24,2,inferred_from_protocol,True,,train,run_holdout,-1
s02,s02_left_hand_025,left_hand,25,2,inferred_from_protocol,True,,train,run_holdout,-1
s02,s02_left_hand_026,left_hand,26,2,inferred_from_protocol,True,,train,run_holdout,-1
s02,s02_left_hand_027,left_hand,27,2,inferred_from_protocol,True,,train,run_holdout,-1
s02,s02_left_hand_028,left_hand,28,2,inferred_from_protocol,True,,train,run_holdout,-1
s02,s02_left_hand_029,left_hand,29,2,inferred_from_protocol,True,,train,run_holdout,-1
s02,s02_left_hand_030,left_hand,30,2,inferred_from_protocol,True,,train,run_holdout,-1
s02,s02_left_hand_031,left_hand,31,2,inferred_from_protocol,True,,train,run_holdout,-1
s02,s02_left_hand_032,left_hand,32,2,inferred_from_protocol,True,,train,run_holdout,-1
s02,s02_left_hand_033,left_hand,33,2,inferred_from_protocol,True,,train,run_holdout,-1
s02,s02_left_hand_034,left_hand,34,2,inferred_from_protocol,True,,train,run_holdout,-1
s02,s02_left_hand_035,left_hand,35,2,inferred_from_protocol,True,,train,run_holdout,-1
s02,s02_left_hand_036,left_hand,36,2,inferred_from_protocol,True,,train,run_holdout,-1
s02,s02_left_hand_037,left_hand,37,2,inferred_from_protocol,True,,train,run_holdout,-1
s02,s02_left_hand_038,left_hand,38,2,inferred_from_protocol,True,,train,run_holdout,-1
s02,s02_left_hand_039,left_hand,39,2,inferred_from_protocol,True,,train,run_holdout,-1
s02,s02_left_hand_040,left_hand,40,3,inferred_from_protocol,True,,train,run_holdout,-1
s02,s02_left_hand_041,left_hand,41,3,inferred_from_protocol,True,,train,run_holdout,-1
s02,s02_left_hand_042,left_hand,42,3,inferred_from_protocol,True,,train,run_holdout,-1
s02,s02_left_hand_043,left_hand,43,3,inferred_from_protocol,True,,train,run_holdout,-1
s02,s02_left_hand_044,left_hand,44,3,inferred_from_protocol,True,,train,run_holdout,-1
s02,s02_left_hand_045,left_hand,45,3,inferred_from_protocol,True,,train,run_holdout,-1
s02,s02_left_hand_046,left_hand,46,3,inferred_from_protocol,True,,train,run_holdout,-1
s02,s02_left_hand_047,left_hand,47,3,inferred_from_protocol,True,,train,run_holdout,-1
s02,s02_left_hand_048,left_hand,48,3,inferred_from_protocol,True,,train,run_holdout,-1
s02,s02_left_hand_049,left_hand,49,3,inferred_from_protocol,True,,train,run_holdout,-1
s02,s02_left_hand_050,left_hand,50,3,inferred_from_protocol,True,,train,run_holdout,-1
s02,s02_left_hand_051,left_hand,51,3,inferred_from_protocol,True,,train,run_holdout,-1
s02,s02_left_hand_052,left_hand,52,3,inferred_from_protocol,True,,train,run_holdout,-1
s02,s02_left_hand_053,left_hand,53,3,inferred_from_protocol,True,,train,run_holdout,-1
s02,s02_left_hand_054,left_hand,54,3,inferred_from_protocol,True,,train,run_holdout,-1
s02,s02_left_hand_055,left_hand,55,3,inferred_from_protocol,True,,train,run_holdout,-1
s02,s02_left_hand_056,left_hand,56,3,inferred_from_protocol,True,,train,run_holdout,-1
s02,s02_left_hand_057,left_hand,57,3,inferred_from_protocol,True,,train,run_holdout,-1
s02,s02_left_hand_058,left_hand,58,3,inferred_from_protocol,True,,train,run_holdout,-1
s02,s02_left_hand_059,left_hand,59,3,inferred_from_protocol,True,,train,run_holdout,-1
s02,s02_left_hand_060,left_hand,60,4,inferred_from_protocol,True,,val,run_holdout,-1
s02,s02_left_hand_061,left_hand,61,4,inferred_from_protocol,True,,val,run_holdout,-1
s02,s02_left_hand_062,left_hand,62,4,inferred_from_protocol,True,,val,run_holdout,-1
s02,s02_left_hand_063,left_hand,63,4,inferred_from_protocol,True,,val,run_holdout,-1
s02,s02_left_hand_064,left_hand,64,4,inferred_from_protocol,True,,val,run_holdout,-1
s02,s02_left_hand_065,left_hand,65,4,inferred_from_protocol,True,,val,run_holdout,-1
s02,s02_left_hand_066,left_hand,66,4,inferred_from_protocol,True,,val,run_holdout,-1
s02,s02_left_hand_067,left_hand,67,4,inferred_from_protocol,True,,val,run_holdout,-1
s02,s02_left_hand_068,left_hand,68,4,inferred_from_protocol,True,,val,run_holdout,-1
s02,s02_left_hand_069,left_hand,69,4,inferred_from_protocol,True,,val,run_holdout,-1
s02,s02_left_hand_070,left_hand,70,4,inferred_from_protocol,True,,val,run_holdout,-1
s02,s02_left_hand_071,left_hand,71,4,inferred_from_protocol,True,,val,run_holdout,-1
s02,s02_left_hand_072,left_hand,72,4,inferred_from_protocol,True,,val,run_holdout,-1
s02,s02_left_hand_073,left_hand,73,4,inferred_from_protocol,True,,val,run_holdout,-1
s02,s02_left_hand_074,left_hand,74,4,inferred_from_protocol,True,,val,run_holdout,-1
s02,s02_left_hand_075,left_hand,75,4,inferred_from_protocol,True,,val,run_holdout,-1
s02,s02_left_hand_076,left_hand,76,4,inferred_from_protocol,True,,val,run_holdout,-1
s02,s02_left_hand_077,left_hand,77,4,inferred_from_protocol,True,,val,run_holdout,-1
s02,s02_left_hand_078,left_hand,78,4,inferred_from_protocol,True,,val,run_holdout,-1
s02,s02_left_hand_079,left_hand,79,4,inferred_from_protocol,True,,val,run_holdout,-1
s02,s02_left_hand_080,left_hand,80,5,inferred_from_protocol,False,amplitude,test,run_holdout,-1
s02,s02_left_hand_081,left_hand,81,5,inferred_from_protocol,True,,test,run_holdout,-1
s02,s02_left_hand_082,left_hand,82,5,inferred_from_protocol,True,,test,run_holdout,-1
s02,s02_left_hand_083,left_hand,83,5,inferred_from_protocol,True,,test,run_holdout,-1
s02,s02_left_hand_084,left_hand,84,5,inferred_from_protocol,True,,test,run_holdout,-1
s02,s02_left_hand_085,left_hand,85,5,inferred_from_protocol,True,,test,run_holdout,-1
s02,s02_left_hand_086,left_hand,86,5,inferred_from_protocol,True,,test,run_holdout,-1
s02,s02_left_hand_087,left_hand,87,5,inferred_from_protocol,True,,test,run_holdout,-1
s02,s02_left_hand_088,left_hand,88,5,inferred_from_protocol,True,,test,run_holdout,-1
s02,s02_left_hand_089,left_hand,89,5,inferred_from_protocol,True,,test,run_holdout,-1
s02,s02_left_hand_090,left_hand,90,5,inferred_from_protocol,True,,test,run_holdout,-1
s02,s02_left_hand_091,left_hand,91,5,inferred_from_protocol,True,,test,run_holdout,-1
s02,s02_left_hand_092,left_hand,92,5,inferred_from_protocol,True,,test,run_holdout,-1
s02,s02_left_hand_093,left_hand,93,5,inferred_from_protocol,True,,test,run_holdout,-1
s02,s02_left_hand_094,left_hand,94,5,inferred_from_protocol,True,,test,run_holdout,-1
s02,s02_left_hand_095,left_hand,95,5,inferred_from_protocol,True,,test,run_holdout,-1
s02,s02_left_hand_096,left_hand,96,5,inferred_from_protocol,True,,test,run_holdout,-1
s02,s02_left_hand_097,left_hand,97,5,inferred_from_protocol,True,,test,run_holdout,-1
s02,s02_left_hand_098,left_hand,98,5,inferred_from_protocol,True,,test,run_holdout,-1
s02,s02_left_hand_099,left_hand,99,5,inferred_from_protocol,True,,test,run_holdout,-1
s02,s02_right_hand_000,right_hand,0,1,inferred_from_protocol,True,,train,run_holdout,-1
s02,s02_right_hand_001,right_hand,1,1,inferred_from_protocol,True,,train,run_holdout,-1
s02,s02_right_hand_002,right_hand,2,1,inferred_from_protocol,True,,train,run_holdout,-1
s02,s02_right_hand_003,right_hand,3,1,inferred_from_protocol,True,,train,run_holdout,-1
s02,s02_right_hand_004,right_hand,4,1,inferred_from_protocol,True,,train,run_holdout,-1
s02,s02_right_hand_005,right_hand,5,1,inferred_from_protocol,True,,train,run_holdout,-1
s02,s02_right_hand_006,right_hand,6,1,inferred_from_protocol,True,,train,run_holdout,-1
s02,s02_right_hand_007,right_hand,7,1,inferred_from_protocol,True,,train,run_holdout,-1
s02,s02_right_hand_008,right_hand,8,1,inferred_from_protocol,True,,train,run_holdout,-1
s02,s02_right_hand_009,right_hand,9,1,inferred_from_protocol,True,,train,run_holdout,-1
s02,s02_right_hand_010,right_hand,10,1,inferred_from_protocol,True,,train,run_holdout,-1
s02,s02_right_hand_011,right_hand,11,1,inferred_from_protocol,True,,train,run_holdout,-1
s02,s02_right_hand_012,right_hand,12,1,inferred_from_protocol,True,,train,run_holdout,-1
s02,s02_right_hand_013,right_hand,13,1,inferred_from_protocol,True,,train,run_holdout,-1
s02,s02_right_hand_014,right_hand,14,1,inferred_from_protocol,True,,train,run_holdout,-1
s02,s02_right_hand_015,right_hand,15,1,inferred_from_protocol,True,,train,run_holdout,-1
s02,s02_right_hand_016,right_hand,16,1,inferred_from_protocol,True,,train,run_holdout,-1
s02,s02_right_hand_017,right_hand,17,1,inferred_from_protocol,True,,train,run_holdout,-1
s02,s02_right_hand_018,right_hand,18,1,inferred_from_protocol,True,,train,run_holdout,-1
s02,s02_right_hand_019,right_hand,19,1,inferred_from_protocol,True,,train,run_holdout,-1
s02,s02_right_hand_020,right_hand,20,2,inferred_from_protocol,True,,train,run_holdout,-1
s02,s02_right_hand_021,right_hand,21,2,inferred_from_protocol,True,,train,run_holdout,-1
s02,s02_right_hand_022,right_hand,22,2,inferred_from_protocol,True,,train,run_holdout,-1
s02,s02_right_hand_023,right_hand,23,2,inferred_from_protocol,True,,train,run_holdout,-1
s02,s02_right_hand_024,right_hand,24,2,inferred_from_protocol,True,,train,run_holdout,-1
s02,s02_right_hand_025,right_hand,25,2,inferred_from_protocol,True,,train,run_holdout,-1
s02,s02_right_hand_026,right_hand,26,2,inferred_from_protocol,True,,train,run_holdout,-1
s02,s02_right_hand_027,right_hand,27,2,inferred_from_protocol,True,,train,run_holdout,-1
s02,s02_right_hand_028,right_hand,28,2,inferred_from_protocol,True,,train,run_holdout,-1
s02,s02_right_hand_029,right_hand,29,2,inferred_from_protocol,True,,train,run_holdout,-1
s02,s02_right_hand_030,right_hand,30,2,inferred_from_protocol,True,,train,run_holdout,-1
s02,s02_right_hand_031,right_hand,31,2,inferred_from_protocol,True,,train,run_holdout,-1
s02,s02_right_hand_032,right_hand,32,2,inferred_from_protocol,True,,train,run_holdout,-1
s02,s02_right_hand_033,right_hand,33,2,inferred_from_protocol,True,,train,run_holdout,-1
s02,s02_right_hand_034,right_hand,34,2,inferred_from_protocol,True,,train,run_holdout,-1
s02,s02_right_hand_035,right_hand,35,2,inferred_from_protocol,True,,train,run_holdout,-1
s02,s02_right_hand_036,right_hand,36,2,inferred_from_protocol,True,,train,run_holdout,-1
s02,s02_right_hand_037,right_hand,37,2,inferred_from_protocol,True,,train,run_holdout,-1
s02,s02_right_hand_038,right_hand,38,2,inferred_from_protocol,True,,train,run_holdout,-1
s02,s02_right_hand_039,right_hand,39,2,inferred_from_protocol,True,,train,run_holdout,-1
s02,s02_right_hand_040,right_hand,40,3,inferred_from_protocol,True,,train,run_holdout,-1
s02,s02_right_hand_041,right_hand,41,3,inferred_from_protocol,True,,train,run_holdout,-1
s02,s02_right_hand_042,right_hand,42,3,inferred_from_protocol,True,,train,run_holdout,-1
s02,s02_right_hand_043,right_hand,43,3,inferred_from_protocol,True,,train,run_holdout,-1
s02,s02_right_hand_044,right_hand,44,3,inferred_from_protocol,True,,train,run_holdout,-1
s02,s02_right_hand_045,right_hand,45,3,inferred_from_protocol,True,,train,run_holdout,-1
s02,s02_right_hand_046,right_hand,46,3,inferred_from_protocol,True,,train,run_holdout,-1
s02,s02_right_hand_047,right_hand,47,3,inferred_from_protocol,True,,train,run_holdout,-1
s02,s02_right_hand_048,right_hand,48,3,inferred_from_protocol,True,,train,run_holdout,-1
s02,s02_right_hand_049,right_hand,49,3,inferred_from_protocol,True,,train,run_holdout,-1
s02,s02_right_hand_050,right_hand,50,3,inferred_from_protocol,True,,train,run_holdout,-1
s02,s02_right_hand_051,right_hand,51,3,inferred_from_protocol,True,,train,run_holdout,-1
s02,s02_right_hand_052,right_hand,52,3,inferred_from_protocol,True,,train,run_holdout,-1
s02,s02_right_hand_053,right_hand,53,3,inferred_from_protocol,True,,train,run_holdout,-1
s02,s02_right_hand_054,right_hand,54,3,inferred_from_protocol,True,,train,run_holdout,-1
s02,s02_right_hand_055,right_hand,55,3,inferred_from_protocol,True,,train,run_holdout,-1
s02,s02_right_hand_056,right_hand,56,3,inferred_from_protocol,True,,train,run_holdout,-1
s02,s02_right_hand_057,right_hand,57,3,inferred_from_protocol,True,,train,run_holdout,-1
s02,s02_right_hand_058,right_hand,58,3,inferred_from_protocol,True,,train,run_holdout,-1
s02,s02_right_hand_059,right_hand,59,3,inferred_from_protocol,True,,train,run_holdout,-1
s02,s02_right_hand_060,right_hand,60,4,inferred_from_protocol,True,,val,run_holdout,-1
s02,s02_right_hand_061,right_hand,61,4,inferred_from_protocol,True,,val,run_holdout,-1
s02,s02_right_hand_062,right_hand,62,4,inferred_from_protocol,True,,val,run_holdout,-1
s02,s02_right_hand_063,right_hand,63,4,inferred_from_protocol,True,,val,run_holdout,-1
s02,s02_right_hand_064,right_hand,64,4,inferred_from_protocol,True,,val,run_holdout,-1
s02,s02_right_hand_065,right_hand,65,4,inferred_from_protocol,True,,val,run_holdout,-1
s02,s02_right_hand_066,right_hand,66,4,inferred_from_protocol,True,,val,run_holdout,-1
s02,s02_right_hand_067,right_hand,67,4,inferred_from_protocol,True,,val,run_holdout,-1
s02,s02_right_hand_068,right_hand,68,4,inferred_from_protocol,True,,val,run_holdout,-1
s02,s02_right_hand_069,right_hand,69,4,inferred_from_protocol,True,,val,run_holdout,-1
s02,s02_right_hand_070,right_hand,70,4,inferred_from_protocol,True,,val,run_holdout,-1
s02,s02_right_hand_071,right_hand,71,4,inferred_from_protocol,True,,val,run_holdout,-1
s02,s02_right_hand_072,right_hand,72,4,inferred_from_protocol,True,,val,run_holdout,-1
s02,s02_right_hand_073,right_hand,73,4,inferred_from_protocol,True,,val,run_holdout,-1
s02,s02_right_hand_074,right_hand,74,4,inferred_from_protocol,True,,val,run_holdout,-1
s02,s02_right_hand_075,right_hand,75,4,inferred_from_protocol,True,,val,run_holdout,-1
s02,s02_right_hand_076,right_hand,76,4,inferred_from_protocol,True,,val,run_holdout,-1
s02,s02_right_hand_077,right_hand,77,4,inferred_from_protocol,True,,val,run_holdout,-1
s02,s02_right_hand_078,right_hand,78,4,inferred_from_protocol,True,,val,run_holdout,-1
s02,s02_right_hand_079,right_hand,79,4,inferred_from_protocol,True,,val,run_holdout,-1
s02,s02_right_hand_080,right_hand,80,5,inferred_from_protocol,True,,test,run_holdout,-1
s02,s02_right_hand_081,right_hand,81,5,inferred_from_protocol,True,,test,run_holdout,-1
s02,s02_right_hand_082,right_hand,82,5,inferred_from_protocol,True,,test,run_holdout,-1
s02,s02_right_hand_083,right_hand,83,5,inferred_from_protocol,True,,test,run_holdout,-1
s02,s02_right_hand_084,right_hand,84,5,inferred_from_protocol,True,,test,run_holdout,-1
s02,s02_right_hand_085,right_hand,85,5,inferred_from_protocol,True,,test,run_holdout,-1
s02,s02_right_hand_086,right_hand,86,5,inferred_from_protocol,True,,test,run_holdout,-1
s02,s02_right_hand_087,right_hand,87,5,inferred_from_protocol,True,,test,run_holdout,-1
s02,s02_right_hand_088,right_hand,88,5,inferred_from_protocol,True,,test,run_holdout,-1
s02,s02_right_hand_089,right_hand,89,5,inferred_from_protocol,True,,test,run_holdout,-1
s02,s02_right_hand_090,right_hand,90,5,inferred_from_protocol,True,,test,run_holdout,-1
s02,s02_right_hand_091,right_hand,91,5,inferred_from_protocol,True,,test,run_holdout,-1
s02,s02_right_hand_092,right_hand,92,5,inferred_from_protocol,True,,test,run_holdout,-1
s02,s02_right_hand_093,right_hand,93,5,inferred_from_protocol,True,,test,run_holdout,-1
s02,s02_right_hand_094,right_hand,94,5,inferred_from_protocol,True,,test,run_holdout,-1
s02,s02_right_hand_095,right_hand,95,5,inferred_from_protocol,True,,test,run_holdout,-1
s02,s02_right_hand_096,right_hand,96,5,inferred_from_protocol,True,,test,run_holdout,-1
s02,s02_right_hand_097,right_hand,97,5,inferred_from_protocol,True,,test,run_holdout,-1
s02,s02_right_hand_098,right_hand,98,5,inferred_from_protocol,True,,test,run_holdout,-1
s02,s02_right_hand_099,right_hand,99,5,inferred_from_protocol,True,,test,run_holdout,-1
s03,s03_left_hand_000,left_hand,0,1,inferred_from_protocol,True,,train,run_holdout,-1
s03,s03_left_hand_001,left_hand,1,1,inferred_from_protocol,True,,train,run_holdout,-1
s03,s03_left_hand_002,left_hand,2,1,inferred_from_protocol,True,,train,run_holdout,-1
s03,s03_left_hand_003,left_hand,3,1,inferred_from_protocol,True,,train,run_holdout,-1
s03,s03_left_hand_004,left_hand,4,1,inferred_from_protocol,True,,train,run_holdout,-1
s03,s03_left_hand_005,left_hand,5,1,inferred_from_protocol,True,,train,run_holdout,-1
s03,s03_left_hand_006,left_hand,6,1,inferred_from_protocol,True,,train,run_holdout,-1
s03,s03_left_hand_007,left_hand,7,1,inferred_from_protocol,True,,train,run_holdout,-1
s03,s03_left_hand_008,left_hand,8,1,inferred_from_protocol,True,,train,run_holdout,-1
s03,s03_left_hand_009,left_hand,9,1,inferred_from_protocol,True,,train,run_holdout,-1
s03,s03_left_hand_010,left_hand,10,1,inferred_from_protocol,True,,train,run_holdout,-1
s03,s03_left_hand_011,left_hand,11,1,inferred_from_protocol,True,,train,run_holdout,-1
s03,s03_left_hand_012,left_hand,12,1,inferred_from_protocol,True,,train,run_holdout,-1
s03,s03_left_hand_013,left_hand,13,1,inferred_from_protocol,True,,train,run_holdout,-1
s03,s03_left_hand_014,left_hand,14,1,inferred_from_protocol,True,,train,run_holdout,-1
s03,s03_left_hand_015,left_hand,15,1,inferred_from_protocol,True,,train,run_holdout,-1
s03,s03_left_hand_016,left_hand,16,1,inferred_from_protocol,True,,train,run_holdout,-1
s03,s03_left_hand_017,left_hand,17,1,inferred_from_protocol,True,,train,run_holdout,-1
s03,s03_left_hand_018,left_hand,18,1,inferred_from_protocol,True,,train,run_holdout,-1
s03,s03_left_hand_019,left_hand,19,1,inferred_from_protocol,True,,train,run_holdout,-1
s03,s03_left_hand_020,left_hand,20,2,inferred_from_protocol,True,,train,run_holdout,-1
s03,s03_left_hand_021,left_hand,21,2,inferred_from_protocol,True,,train,run_holdout,-1
s03,s03_left_hand_022,left_hand,22,2,inferred_from_protocol,True,,train,run_holdout,-1
s03,s03_left_hand_023,left_hand,23,2,inferred_from_protocol,True,,train,run_holdout,-1
s03,s03_left_hand_024,left_hand,24,2,inferred_from_protocol,True,,train,run_holdout,-1
s03,s03_left_hand_025,left_hand,25,2,inferred_from_protocol,True,,train,run_holdout,-1
s03,s03_left_hand_026,left_hand,26,2,inferred_from_protocol,True,,train,run_holdout,-1
s03,s03_left_hand_027,left_hand,27,2,inferred_from_protocol,True,,train,run_holdout,-1
s03,s03_left_hand_028,left_hand,28,2,inferred_from_protocol,True,,train,run_holdout,-1
s03,s03_left_hand_029,left_hand,29,2,inferred_from_protocol,True,,train,run_holdout,-1
s03,s03_left_hand_030,left_hand,30,2,inferred_from_protocol,True,,train,run_holdout,-1
s03,s03_left_hand_031,left_hand,31,2,inferred_from_protocol,True,,train,run_holdout,-1
s03,s03_left_hand_032,left_hand,32,2,inferred_from_protocol,True,,train,run_holdout,-1
s03,s03_left_hand_033,left_hand,33,2,inferred_from_protocol,True,,train,run_holdout,-1
s03,s03_left_hand_034,left_hand,34,2,inferred_from_protocol,True,,train,run_holdout,-1
s03,s03_left_hand_035,left_hand,35,2,inferred_from_protocol,True,,train,run_holdout,-1
s03,s03_left_hand_036,left_hand,36,2,inferred_from_protocol,True,,train,run_holdout,-1
s03,s03_left_hand_037,left_hand,37,2,inferred_from_protocol,True,,train,run_holdout,-1
s03,s03_left_hand_038,left_hand,38,2,inferred_from_protocol,True,,train,run_holdout,-1
s03,s03_left_hand_039,left_hand,39,2,inferred_from_protocol,True,,train,run_holdout,-1
s03,s03_left_hand_040,left_hand,40,3,inferred_from_protocol,True,,train,run_holdout,-1
s03,s03_left_hand_041,left_hand,41,3,inferred_from_protocol,True,,train,run_holdout,-1
s03,s03_left_hand_042,left_hand,42,3,inferred_from_protocol,True,,train,run_holdout,-1
s03,s03_left_hand_043,left_hand,43,3,inferred_from_protocol,True,,train,run_holdout,-1
s03,s03_left_hand_044,left_hand,44,3,inferred_from_protocol,True,,train,run_holdout,-1
s03,s03_left_hand_045,left_hand,45,3,inferred_from_protocol,True,,train,run_holdout,-1
s03,s03_left_hand_046,left_hand,46,3,inferred_from_protocol,True,,train,run_holdout,-1
s03,s03_left_hand_047,left_hand,47,3,inferred_from_protocol,True,,train,run_holdout,-1
s03,s03_left_hand_048,left_hand,48,3,inferred_from_protocol,True,,train,run_holdout,-1
s03,s03_left_hand_049,left_hand,49,3,inferred_from_protocol,True,,train,run_holdout,-1
s03,s03_left_hand_050,left_hand,50,3,inferred_from_protocol,True,,train,run_holdout,-1
s03,s03_left_hand_051,left_hand,51,3,inferred_from_protocol,True,,train,run_holdout,-1
s03,s03_left_hand_052,left_hand,52,3,inferred_from_protocol,True,,train,run_holdout,-1
s03,s03_left_hand_053,left_hand,53,3,inferred_from_protocol,True,,train,run_holdout,-1
s03,s03_left_hand_054,left_hand,54,3,inferred_from_protocol,True,,train,run_holdout,-1
s03,s03_left_hand_055,left_hand,55,3,inferred_from_protocol,True,,train,run_holdout,-1
s03,s03_left_hand_056,left_hand,56,3,inferred_from_protocol,True,,train,run_holdout,-1
s03,s03_left_hand_057,left_hand,57,3,inferred_from_protocol,True,,train,run_holdout,-1
s03,s03_left_hand_058,left_hand,58,3,inferred_from_protocol,True,,train,run_holdout,-1
s03,s03_left_hand_059,left_hand,59,3,inferred_from_protocol,True,,train,run_holdout,-1
s03,s03_left_hand_060,left_hand,60,4,inferred_from_protocol,True,,val,run_holdout,-1
s03,s03_left_hand_061,left_hand,61,4,inferred_from_protocol,True,,val,run_holdout,-1
s03,s03_left_hand_062,left_hand,62,4,inferred_from_protocol,True,,val,run_holdout,-1
s03,s03_left_hand_063,left_hand,63,4,inferred_from_protocol,True,,val,run_holdout,-1
s03,s03_left_hand_064,left_hand,64,4,inferred_from_protocol,True,,val,run_holdout,-1
s03,s03_left_hand_065,left_hand,65,4,inferred_from_protocol,True,,val,run_holdout,-1
s03,s03_left_hand_066,left_hand,66,4,inferred_from_protocol,True,,val,run_holdout,-1
s03,s03_left_hand_067,left_hand,67,4,inferred_from_protocol,True,,val,run_holdout,-1
s03,s03_left_hand_068,left_hand,68,4,inferred_from_protocol,True,,val,run_holdout,-1
s03,s03_left_hand_069,left_hand,69,4,inferred_from_protocol,True,,val,run_holdout,-1
s03,s03_left_hand_070,left_hand,70,4,inferred_from_protocol,True,,val,run_holdout,-1
s03,s03_left_hand_071,left_hand,71,4,inferred_from_protocol,True,,val,run_holdout,-1
s03,s03_left_hand_072,left_hand,72,4,inferred_from_protocol,True,,val,run_holdout,-1
s03,s03_left_hand_073,left_hand,73,4,inferred_from_protocol,True,,val,run_holdout,-1
s03,s03_left_hand_074,left_hand,74,4,inferred_from_protocol,True,,val,run_holdout,-1
s03,s03_left_hand_075,left_hand,75,4,inferred_from_protocol,True,,val,run_holdout,-1
s03,s03_left_hand_076,left_hand,76,4,inferred_from_protocol,True,,val,run_holdout,-1
s03,s03_left_hand_077,left_hand,77,4,inferred_from_protocol,True,,val,run_holdout,-1
s03,s03_left_hand_078,left_hand,78,4,inferred_from_protocol,True,,val,run_holdout,-1
s03,s03_left_hand_079,left_hand,79,4,inferred_from_protocol,True,,val,run_holdout,-1
s03,s03_left_hand_080,left_hand,80,5,inferred_from_protocol,True,,test,run_holdout,-1
s03,s03_left_hand_081,left_hand,81,5,inferred_from_protocol,True,,test,run_holdout,-1
s03,s03_left_hand_082,left_hand,82,5,inferred_from_protocol,True,,test,run_holdout,-1
s03,s03_left_hand_083,left_hand,83,5,inferred_from_protocol,True,,test,run_holdout,-1
s03,s03_left_hand_084,left_hand,84,5,inferred_from_protocol,True,,test,run_holdout,-1
s03,s03_left_hand_085,left_hand,85,5,inferred_from_protocol,True,,test,run_holdout,-1
s03,s03_left_hand_086,left_hand,86,5,inferred_from_protocol,True,,test,run_holdout,-1
s03,s03_left_hand_087,left_hand,87,5,inferred_from_protocol,True,,test,run_holdout,-1
s03,s03_left_hand_088,left_hand,88,5,inferred_from_protocol,True,,test,run_holdout,-1
s03,s03_left_hand_089,left_hand,89,5,inferred_from_protocol,True,,test,run_holdout,-1
s03,s03_left_hand_090,left_hand,90,5,inferred_from_protocol,True,,test,run_holdout,-1
s03,s03_left_hand_091,left_hand,91,5,inferred_from_protocol,True,,test,run_holdout,-1
s03,s03_left_hand_092,left_hand,92,5,inferred_from_protocol,True,,test,run_holdout,-1
s03,s03_left_hand_093,left_hand,93,5,inferred_from_protocol,True,,test,run_holdout,-1
s03,s03_left_hand_094,left_hand,94,5,inferred_from_protocol,True,,test,run_holdout,-1
s03,s03_left_hand_095,left_hand,95,5,inferred_from_protocol,True,,test,run_holdout,-1
s03,s03_left_hand_096,left_hand,96,5,inferred_from_protocol,True,,test,run_holdout,-1
s03,s03_left_hand_097,left_hand,97,5,inferred_from_protocol,True,,test,run_holdout,-1
s03,s03_left_hand_098,left_hand,98,5,inferred_from_protocol,True,,test,run_holdout,-1
s03,s03_left_hand_099,left_hand,99,5,inferred_from_protocol,True,,test,run_holdout,-1
s03,s03_right_hand_000,right_hand,0,1,inferred_from_protocol,True,,train,run_holdout,-1
s03,s03_right_hand_001,right_hand,1,1,inferred_from_protocol,True,,train,run_holdout,-1
s03,s03_right_hand_002,right_hand,2,1,inferred_from_protocol,True,,train,run_holdout,-1
s03,s03_right_hand_003,right_hand,3,1,inferred_from_protocol,True,,train,run_holdout,-1
s03,s03_right_hand_004,right_hand,4,1,inferred_from_protocol,True,,train,run_holdout,-1
s03,s03_right_hand_005,right_hand,5,1,inferred_from_protocol,True,,train,run_holdout,-1
s03,s03_right_hand_006,right_hand,6,1,inferred_from_protocol,True,,train,run_holdout,-1
s03,s03_right_hand_007,right_hand,7,1,inferred_from_protocol,True,,train,run_holdout,-1
s03,s03_right_hand_008,right_hand,8,1,inferred_from_protocol,True,,train,run_holdout,-1
s03,s03_right_hand_009,right_hand,9,1,inferred_from_protocol,True,,train,run_holdout,-1
s03,s03_right_hand_010,right_hand,10,1,inferred_from_protocol,True,,train,run_holdout,-1
s03,s03_right_hand_011,right_hand,11,1,inferred_from_protocol,True,,train,run_holdout,-1
s03,s03_right_hand_012,right_hand,12,1,inferred_from_protocol,True,,train,run_holdout,-1
s03,s03_right_hand_013,right_hand,13,1,inferred_from_protocol,True,,train,run_holdout,-1
s03,s03_right_hand_014,right_hand,14,1,inferred_from_protocol,True,,train,run_holdout,-1
s03,s03_right_hand_015,right_hand,15,1,inferred_from_protocol,True,,train,run_holdout,-1
s03,s03_right_hand_016,right_hand,16,1,inferred_from_protocol,True,,train,run_holdout,-1
s03,s03_right_hand_017,right_hand,17,1,inferred_from_protocol,True,,train,run_holdout,-1
s03,s03_right_hand_018,right_hand,18,1,inferred_from_protocol,True,,train,run_holdout,-1
s03,s03_right_hand_019,right_hand,19,1,inferred_from_protocol,True,,train,run_holdout,-1
s03,s03_right_hand_020,right_hand,20,2,inferred_from_protocol,True,,train,run_holdout,-1
s03,s03_right_hand_021,right_hand,21,2,inferred_from_protocol,True,,train,run_holdout,-1
s03,s03_right_hand_022,right_hand,22,2,inferred_from_protocol,True,,train,run_holdout,-1
s03,s03_right_hand_023,right_hand,23,2,inferred_from_protocol,True,,train,run_holdout,-1
s03,s03_right_hand_024,right_hand,24,2,inferred_from_protocol,True,,train,run_holdout,-1
s03,s03_right_hand_025,right_hand,25,2,inferred_from_protocol,True,,train,run_holdout,-1
s03,s03_right_hand_026,right_hand,26,2,inferred_from_protocol,True,,train,run_holdout,-1
s03,s03_right_hand_027,right_hand,27,2,inferred_from_protocol,True,,train,run_holdout,-1
s03,s03_right_hand_028,right_hand,28,2,inferred_from_protocol,True,,train,run_holdout,-1
s03,s03_right_hand_029,right_hand,29,2,inferred_from_protocol,True,,train,run_holdout,-1
s03,s03_right_hand_030,right_hand,30,2,inferred_from_protocol,True,,train,run_holdout,-1
s03,s03_right_hand_031,right_hand,31,2,inferred_from_protocol,True,,train,run_holdout,-1
s03,s03_right_hand_032,right_hand,32,2,inferred_from_protocol,True,,train,run_holdout,-1
s03,s03_right_hand_033,right_hand,33,2,inferred_from_protocol,True,,train,run_holdout,-1
s03,s03_right_hand_034,right_hand,34,2,inferred_from_protocol,True,,train,run_holdout,-1
s03,s03_right_hand_035,right_hand,35,2,inferred_from_protocol,True,,train,run_holdout,-1
s03,s03_right_hand_036,right_hand,36,2,inferred_from_protocol,True,,train,run_holdout,-1
s03,s03_right_hand_037,right_hand,37,2,inferred_from_protocol,True,,train,run_holdout,-1
s03,s03_right_hand_038,right_hand,38,2,inferred_from_protocol,True,,train,run_holdout,-1
s03,s03_right_hand_039,right_hand,39,2,inferred_from_protocol,True,,train,run_holdout,-1
s03,s03_right_hand_040,right_hand,40,3,inferred_from_protocol,True,,train,run_holdout,-1
s03,s03_right_hand_041,right_hand,41,3,inferred_from_protocol,True,,train,run_holdout,-1
s03,s03_right_hand_042,right_hand,42,3,inferred_from_protocol,True,,train,run_holdout,-1
s03,s03_right_hand_043,right_hand,43,3,inferred_from_protocol,True,,train,run_holdout,-1
s03,s03_right_hand_044,right_hand,44,3,inferred_from_protocol,True,,train,run_holdout,-1
s03,s03_right_hand_045,right_hand,45,3,inferred_from_protocol,True,,train,run_holdout,-1
s03,s03_right_hand_046,right_hand,46,3,inferred_from_protocol,True,,train,run_holdout,-1
s03,s03_right_hand_047,right_hand,47,3,inferred_from_protocol,True,,train,run_holdout,-1
s03,s03_right_hand_048,right_hand,48,3,inferred_from_protocol,True,,train,run_holdout,-1
s03,s03_right_hand_049,right_hand,49,3,inferred_from_protocol,True,,train,run_holdout,-1
s03,s03_right_hand_050,right_hand,50,3,inferred_from_protocol,True,,train,run_holdout,-1
s03,s03_right_hand_051,right_hand,51,3,inferred_from_protocol,True,,train,run_holdout,-1
s03,s03_right_hand_052,right_hand,52,3,inferred_from_protocol,True,,train,run_holdout,-1
s03,s03_right_hand_053,right_hand,53,3,inferred_from_protocol,True,,train,run_holdout,-1
s03,s03_right_hand_054,right_hand,54,3,inferred_from_protocol,True,,train,run_holdout,-1
s03,s03_right_hand_055,right_hand,55,3,inferred_from_protocol,True,,train,run_holdout,-1
s03,s03_right_hand_056,right_hand,56,3,inferred_from_protocol,True,,train,run_holdout,-1
s03,s03_right_hand_057,right_hand,57,3,inferred_from_protocol,True,,train,run_holdout,-1
s03,s03_right_hand_058,right_hand,58,3,inferred_from_protocol,True,,train,run_holdout,-1
s03,s03_right_hand_059,right_hand,59,3,inferred_from_protocol,True,,train,run_holdout,-1
s03,s03_right_hand_060,right_hand,60,4,inferred_from_protocol,True,,val,run_holdout,-1
s03,s03_right_hand_061,right_hand,61,4,inferred_from_protocol,True,,val,run_holdout,-1
s03,s03_right_hand_062,right_hand,62,4,inferred_from_protocol,True,,val,run_holdout,-1
s03,s03_right_hand_063,right_hand,63,4,inferred_from_protocol,True,,val,run_holdout,-1
s03,s03_right_hand_064,right_hand,64,4,inferred_from_protocol,True,,val,run_holdout,-1
s03,s03_right_hand_065,right_hand,65,4,inferred_from_protocol,True,,val,run_holdout,-1
s03,s03_right_hand_066,right_hand,66,4,inferred_from_protocol,True,,val,run_holdout,-1
s03,s03_right_hand_067,right_hand,67,4,inferred_from_protocol,True,,val,run_holdout,-1
s03,s03_right_hand_068,right_hand,68,4,inferred_from_protocol,True,,val,run_holdout,-1
s03,s03_right_hand_069,right_hand,69,4,inferred_from_protocol,True,,val,run_holdout,-1
s03,s03_right_hand_070,right_hand,70,4,inferred_from_protocol,True,,val,run_holdout,-1
s03,s03_right_hand_071,right_hand,71,4,inferred_from_protocol,True,,val,run_holdout,-1
s03,s03_right_hand_072,right_hand,72,4,inferred_from_protocol,True,,val,run_holdout,-1
s03,s03_right_hand_073,right_hand,73,4,inferred_from_protocol,True,,val,run_holdout,-1
s03,s03_right_hand_074,right_hand,74,4,inferred_from_protocol,True,,val,run_holdout,-1
s03,s03_right_hand_075,right_hand,75,4,inferred_from_protocol,True,,val,run_holdout,-1
s03,s03_right_hand_076,right_hand,76,4,inferred_from_protocol,True,,val,run_holdout,-1
s03,s03_right_hand_077,right_hand,77,4,inferred_from_protocol,True,,val,run_holdout,-1
s03,s03_right_hand_078,right_hand,78,4,inferred_from_protocol,True,,val,run_holdout,-1
s03,s03_right_hand_079,right_hand,79,4,inferred_from_protocol,True,,val,run_holdout,-1
s03,s03_right_hand_080,right_hand,80,5,inferred_from_protocol,True,,test,run_holdout,-1
s03,s03_right_hand_081,right_hand,81,5,inferred_from_protocol,True,,test,run_holdout,-1
s03,s03_right_hand_082,right_hand,82,5,inferred_from_protocol,True,,test,run_holdout,-1
s03,s03_right_hand_083,right_hand,83,5,inferred_from_protocol,True,,test,run_holdout,-1
s03,s03_right_hand_084,right_hand,84,5,inferred_from_protocol,True,,test,run_holdout,-1
s03,s03_right_hand_085,right_hand,85,5,inferred_from_protocol,True,,test,run_holdout,-1
s03,s03_right_hand_086,right_hand,86,5,inferred_from_protocol,True,,test,run_holdout,-1
s03,s03_right_hand_087,right_hand,87,5,inferred_from_protocol,True,,test,run_holdout,-1
s03,s03_right_hand_088,right_hand,88,5,inferred_from_protocol,True,,test,run_holdout,-1
s03,s03_right_hand_089,right_hand,89,5,inferred_from_protocol,True,,test,run_holdout,-1
s03,s03_right_hand_090,right_hand,90,5,inferred_from_protocol,True,,test,run_holdout,-1
s03,s03_right_hand_091,right_hand,91,5,inferred_from_protocol,True,,test,run_holdout,-1
s03,s03_right_hand_092,right_hand,92,5,inferred_from_protocol,True,,test,run_holdout,-1
s03,s03_right_hand_093,right_hand,93,5,inferred_from_protocol,True,,test,run_holdout,-1
s03,s03_right_hand_094,right_hand,94,5,inferred_from_protocol,True,,test,run_holdout,-1
s03,s03_right_hand_095,right_hand,95,5,inferred_from_protocol,True,,test,run_holdout,-1
s03,s03_right_hand_096,right_hand,96,5,inferred_from_protocol,True,,test,run_holdout,-1
s03,s03_right_hand_097,right_hand,97,5,inferred_from_protocol,True,,test,run_holdout,-1
s03,s03_right_hand_098,right_hand,98,5,inferred_from_protocol,True,,test,run_holdout,-1
s03,s03_right_hand_099,right_hand,99,5,inferred_from_protocol,True,,test,run_holdout,-1
s04,s04_left_hand_000,left_hand,0,1,inferred_from_protocol,True,,train,run_holdout,-1
s04,s04_left_hand_001,left_hand,1,1,inferred_from_protocol,True,,train,run_holdout,-1
s04,s04_left_hand_002,left_hand,2,1,inferred_from_protocol,True,,train,run_holdout,-1
s04,s04_left_hand_003,left_hand,3,1,inferred_from_protocol,True,,train,run_holdout,-1
s04,s04_left_hand_004,left_hand,4,1,inferred_from_protocol,True,,train,run_holdout,-1
s04,s04_left_hand_005,left_hand,5,1,inferred_from_protocol,True,,train,run_holdout,-1
s04,s04_left_hand_006,left_hand,6,1,inferred_from_protocol,True,,train,run_holdout,-1
s04,s04_left_hand_007,left_hand,7,1,inferred_from_protocol,True,,train,run_holdout,-1
s04,s04_left_hand_008,left_hand,8,1,inferred_from_protocol,True,,train,run_holdout,-1
s04,s04_left_hand_009,left_hand,9,1,inferred_from_protocol,True,,train,run_holdout,-1
s04,s04_left_hand_010,left_hand,10,1,inferred_from_protocol,True,,train,run_holdout,-1
s04,s04_left_hand_011,left_hand,11,1,inferred_from_protocol,True,,train,run_holdout,-1
s04,s04_left_hand_012,left_hand,12,1,inferred_from_protocol,True,,train,run_holdout,-1
s04,s04_left_hand_013,left_hand,13,1,inferred_from_protocol,True,,train,run_holdout,-1
s04,s04_left_hand_014,left_hand,14,1,inferred_from_protocol,True,,train,run_holdout,-1
s04,s04_left_hand_015,left_hand,15,1,inferred_from_protocol,True,,train,run_holdout,-1
s04,s04_left_hand_016,left_hand,16,1,inferred_from_protocol,True,,train,run_holdout,-1
s04,s04_left_hand_017,left_hand,17,1,inferred_from_protocol,True,,train,run_holdout,-1
s04,s04_left_hand_018,left_hand,18,1,inferred_from_protocol,True,,train,run_holdout,-1
s04,s04_left_hand_019,left_hand,19,1,inferred_from_protocol,True,,train,run_holdout,-1
s04,s04_left_hand_020,left_hand,20,2,inferred_from_protocol,True,,train,run_holdout,-1
s04,s04_left_hand_021,left_hand,21,2,inferred_from_protocol,True,,train,run_holdout,-1
s04,s04_left_hand_022,left_hand,22,2,inferred_from_protocol,True,,train,run_holdout,-1
s04,s04_left_hand_023,left_hand,23,2,inferred_from_protocol,True,,train,run_holdout,-1
s04,s04_left_hand_024,left_hand,24,2,inferred_from_protocol,True,,train,run_holdout,-1
s04,s04_left_hand_025,left_hand,25,2,inferred_from_protocol,True,,train,run_holdout,-1
s04,s04_left_hand_026,left_hand,26,2,inferred_from_protocol,True,,train,run_holdout,-1
s04,s04_left_hand_027,left_hand,27,2,inferred_from_protocol,True,,train,run_holdout,-1
s04,s04_left_hand_028,left_hand,28,2,inferred_from_protocol,True,,train,run_holdout,-1
s04,s04_left_hand_029,left_hand,29,2,inferred_from_protocol,True,,train,run_holdout,-1
s04,s04_left_hand_030,left_hand,30,2,inferred_from_protocol,True,,train,run_holdout,-1
s04,s04_left_hand_031,left_hand,31,2,inferred_from_protocol,True,,train,run_holdout,-1
s04,s04_left_hand_032,left_hand,32,2,inferred_from_protocol,True,,train,run_holdout,-1
s04,s04_left_hand_033,left_hand,33,2,inferred_from_protocol,True,,train,run_holdout,-1
s04,s04_left_hand_034,left_hand,34,2,inferred_from_protocol,True,,train,run_holdout,-1
s04,s04_left_hand_035,left_hand,35,2,inferred_from_protocol,True,,train,run_holdout,-1
s04,s04_left_hand_036,left_hand,36,2,inferred_from_protocol,True,,train,run_holdout,-1
s04,s04_left_hand_037,left_hand,37,2,inferred_from_protocol,True,,train,run_holdout,-1
s04,s04_left_hand_038,left_hand,38,2,inferred_from_protocol,True,,train,run_holdout,-1
s04,s04_left_hand_039,left_hand,39,2,inferred_from_protocol,True,,train,run_holdout,-1
s04,s04_left_hand_040,left_hand,40,3,inferred_from_protocol,True,,train,run_holdout,-1
s04,s04_left_hand_041,left_hand,41,3,inferred_from_protocol,True,,train,run_holdout,-1
s04,s04_left_hand_042,left_hand,42,3,inferred_from_protocol,True,,train,run_holdout,-1
s04,s04_left_hand_043,left_hand,43,3,inferred_from_protocol,True,,train,run_holdout,-1
s04,s04_left_hand_044,left_hand,44,3,inferred_from_protocol,True,,train,run_holdout,-1
s04,s04_left_hand_045,left_hand,45,3,inferred_from_protocol,True,,train,run_holdout,-1
s04,s04_left_hand_046,left_hand,46,3,inferred_from_protocol,True,,train,run_holdout,-1
s04,s04_left_hand_047,left_hand,47,3,inferred_from_protocol,True,,train,run_holdout,-1
s04,s04_left_hand_048,left_hand,48,3,inferred_from_protocol,True,,train,run_holdout,-1
s04,s04_left_hand_049,left_hand,49,3,inferred_from_protocol,True,,train,run_holdout,-1
s04,s04_left_hand_050,left_hand,50,3,inferred_from_protocol,True,,train,run_holdout,-1
s04,s04_left_hand_051,left_hand,51,3,inferred_from_protocol,True,,train,run_holdout,-1
s04,s04_left_hand_052,left_hand,52,3,inferred_from_protocol,True,,train,run_holdout,-1
s04,s04_left_hand_053,left_hand,53,3,inferred_from_protocol,True,,train,run_holdout,-1
s04,s04_left_hand_054,left_hand,54,3,inferred_from_protocol,True,,train,run_holdout,-1
s04,s04_left_hand_055,left_hand,55,3,inferred_from_protocol,True,,train,run_holdout,-1
s04,s04_left_hand_056,left_hand,56,3,inferred_from_protocol,True,,train,run_holdout,-1
s04,s04_left_hand_057,left_hand,57,3,inferred_from_protocol,True,,train,run_holdout,-1
s04,s04_left_hand_058,left_hand,58,3,inferred_from_protocol,True,,train,run_holdout,-1
s04,s04_left_hand_059,left_hand,59,3,inferred_from_protocol,True,,train,run_holdout,-1
s04,s04_left_hand_060,left_hand,60,4,inferred_from_protocol,True,,val,run_holdout,-1
s04,s04_left_hand_061,left_hand,61,4,inferred_from_protocol,True,,val,run_holdout,-1
s04,s04_left_hand_062,left_hand,62,4,inferred_from_protocol,True,,val,run_holdout,-1
s04,s04_left_hand_063,left_hand,63,4,inferred_from_protocol,True,,val,run_holdout,-1
s04,s04_left_hand_064,left_hand,64,4,inferred_from_protocol,True,,val,run_holdout,-1
s04,s04_left_hand_065,left_hand,65,4,inferred_from_protocol,True,,val,run_holdout,-1
s04,s04_left_hand_066,left_hand,66,4,inferred_from_protocol,True,,val,run_holdout,-1
s04,s04_left_hand_067,left_hand,67,4,inferred_from_protocol,True,,val,run_holdout,-1
s04,s04_left_hand_068,left_hand,68,4,inferred_from_protocol,True,,val,run_holdout,-1
s04,s04_left_hand_069,left_hand,69,4,inferred_from_protocol,True,,val,run_holdout,-1
s04,s04_left_hand_070,left_hand,70,4,inferred_from_protocol,True,,val,run_holdout,-1
s04,s04_left_hand_071,left_hand,71,4,inferred_from_protocol,True,,val,run_holdout,-1
s04,s04_left_hand_072,left_hand,72,4,inferred_from_protocol,True,,val,run_holdout,-1
s04,s04_left_hand_073,left_hand,73,4,inferred_from_protocol,True,,val,run_holdout,-1
s04,s04_left_hand_074,left_hand,74,4,inferred_from_protocol,True,,val,run_holdout,-1
s04,s04_left_hand_075,left_hand,75,4,inferred_from_protocol,True,,val,run_holdout,-1
s04,s04_left_hand_076,left_hand,76,4,inferred_from_protocol,True,,val,run_holdout,-1
s04,s04_left_hand_077,left_hand,77,4,inferred_from_protocol,True,,val,run_holdout,-1
s04,s04_left_hand_078,left_hand,78,4,inferred_from_protocol,True,,val,run_holdout,-1
s04,s04_left_hand_079,left_hand,79,4,inferred_from_protocol,True,,val,run_holdout,-1
s04,s04_left_hand_080,left_hand,80,5,inferred_from_protocol,True,,test,run_holdout,-1
s04,s04_left_hand_081,left_hand,81,5,inferred_from_protocol,True,,test,run_holdout,-1
s04,s04_left_hand_082,left_hand,82,5,inferred_from_protocol,True,,test,run_holdout,-1
s04,s04_left_hand_083,left_hand,83,5,inferred_from_protocol,True,,test,run_holdout,-1
s04,s04_left_hand_084,left_hand,84,5,inferred_from_protocol,True,,test,run_holdout,-1
s04,s04_left_hand_085,left_hand,85,5,inferred_from_protocol,True,,test,run_holdout,-1
s04,s04_left_hand_086,left_hand,86,5,inferred_from_protocol,True,,test,run_holdout,-1
s04,s04_left_hand_087,left_hand,87,5,inferred_from_protocol,True,,test,run_holdout,-1
s04,s04_left_hand_088,left_hand,88,5,inferred_from_protocol,True,,test,run_holdout,-1
s04,s04_left_hand_089,left_hand,89,5,inferred_from_protocol,True,,test,run_holdout,-1
s04,s04_left_hand_090,left_hand,90,5,inferred_from_protocol,True,,test,run_holdout,-1
s04,s04_left_hand_091,left_hand,91,5,inferred_from_protocol,True,,test,run_holdout,-1
s04,s04_left_hand_092,left_hand,92,5,inferred_from_protocol,True,,test,run_holdout,-1
s04,s04_left_hand_093,left_hand,93,5,inferred_from_protocol,True,,test,run_holdout,-1
s04,s04_left_hand_094,left_hand,94,5,inferred_from_protocol,True,,test,run_holdout,-1
s04,s04_left_hand_095,left_hand,95,5,inferred_from_protocol,True,,test,run_holdout,-1
s04,s04_left_hand_096,left_hand,96,5,inferred_from_protocol,True,,test,run_holdout,-1
s04,s04_left_hand_097,left_hand,97,5,inferred_from_protocol,True,,test,run_holdout,-1
s04,s04_left_hand_098,left_hand,98,5,inferred_from_protocol,True,,test,run_holdout,-1
s04,s04_left_hand_099,left_hand,99,5,inferred_from_protocol,True,,test,run_holdout,-1
s04,s04_right_hand_000,right_hand,0,1,inferred_from_protocol,True,,train,run_holdout,-1
s04,s04_right_hand_001,right_hand,1,1,inferred_from_protocol,True,,train,run_holdout,-1
s04,s04_right_hand_002,right_hand,2,1,inferred_from_protocol,True,,train,run_holdout,-1
s04,s04_right_hand_003,right_hand,3,1,inferred_from_protocol,True,,train,run_holdout,-1
s04,s04_right_hand_004,right_hand,4,1,inferred_from_protocol,True,,train,run_holdout,-1
s04,s04_right_hand_005,right_hand,5,1,inferred_from_protocol,True,,train,run_holdout,-1
s04,s04_right_hand_006,right_hand,6,1,inferred_from_protocol,True,,train,run_holdout,-1
s04,s04_right_hand_007,right_hand,7,1,inferred_from_protocol,True,,train,run_holdout,-1
s04,s04_right_hand_008,right_hand,8,1,inferred_from_protocol,True,,train,run_holdout,-1
s04,s04_right_hand_009,right_hand,9,1,inferred_from_protocol,True,,train,run_holdout,-1
s04,s04_right_hand_010,right_hand,10,1,inferred_from_protocol,True,,train,run_holdout,-1
s04,s04_right_hand_011,right_hand,11,1,inferred_from_protocol,True,,train,run_holdout,-1
s04,s04_right_hand_012,right_hand,12,1,inferred_from_protocol,True,,train,run_holdout,-1
s04,s04_right_hand_013,right_hand,13,1,inferred_from_protocol,True,,train,run_holdout,-1
s04,s04_right_hand_014,right_hand,14,1,inferred_from_protocol,True,,train,run_holdout,-1
s04,s04_right_hand_015,right_hand,15,1,inferred_from_protocol,True,,train,run_holdout,-1
s04,s04_right_hand_016,right_hand,16,1,inferred_from_protocol,True,,train,run_holdout,-1
s04,s04_right_hand_017,right_hand,17,1,inferred_from_protocol,True,,train,run_holdout,-1
s04,s04_right_hand_018,right_hand,18,1,inferred_from_protocol,True,,train,run_holdout,-1
s04,s04_right_hand_019,right_hand,19,1,inferred_from_protocol,True,,train,run_holdout,-1
s04,s04_right_hand_020,right_hand,20,2,inferred_from_protocol,True,,train,run_holdout,-1
s04,s04_right_hand_021,right_hand,21,2,inferred_from_protocol,True,,train,run_holdout,-1
s04,s04_right_hand_022,right_hand,22,2,inferred_from_protocol,True,,train,run_holdout,-1
s04,s04_right_hand_023,right_hand,23,2,inferred_from_protocol,True,,train,run_holdout,-1
s04,s04_right_hand_024,right_hand,24,2,inferred_from_protocol,True,,train,run_holdout,-1
s04,s04_right_hand_025,right_hand,25,2,inferred_from_protocol,True,,train,run_holdout,-1
s04,s04_right_hand_026,right_hand,26,2,inferred_from_protocol,True,,train,run_holdout,-1
s04,s04_right_hand_027,right_hand,27,2,inferred_from_protocol,True,,train,run_holdout,-1
s04,s04_right_hand_028,right_hand,28,2,inferred_from_protocol,True,,train,run_holdout,-1
s04,s04_right_hand_029,right_hand,29,2,inferred_from_protocol,True,,train,run_holdout,-1
s04,s04_right_hand_030,right_hand,30,2,inferred_from_protocol,True,,train,run_holdout,-1
s04,s04_right_hand_031,right_hand,31,2,inferred_from_protocol,True,,train,run_holdout,-1
s04,s04_right_hand_032,right_hand,32,2,inferred_from_protocol,True,,train,run_holdout,-1
s04,s04_right_hand_033,right_hand,33,2,inferred_from_protocol,True,,train,run_holdout,-1
s04,s04_right_hand_034,right_hand,34,2,inferred_from_protocol,True,,train,run_holdout,-1
s04,s04_right_hand_035,right_hand,35,2,inferred_from_protocol,True,,train,run_holdout,-1
s04,s04_right_hand_036,right_hand,36,2,inferred_from_protocol,True,,train,run_holdout,-1
s04,s04_right_hand_037,right_hand,37,2,inferred_from_protocol,True,,train,run_holdout,-1
s04,s04_right_hand_038,right_hand,38,2,inferred_from_protocol,True,,train,run_holdout,-1
s04,s04_right_hand_039,right_hand,39,2,inferred_from_protocol,True,,train,run_holdout,-1
s04,s04_right_hand_040,right_hand,40,3,inferred_from_protocol,True,,train,run_holdout,-1
s04,s04_right_hand_041,right_hand,41,3,inferred_from_protocol,True,,train,run_holdout,-1
s04,s04_right_hand_042,right_hand,42,3,inferred_from_protocol,True,,train,run_holdout,-1
s04,s04_right_hand_043,right_hand,43,3,inferred_from_protocol,True,,train,run_holdout,-1
s04,s04_right_hand_044,right_hand,44,3,inferred_from_protocol,True,,train,run_holdout,-1
s04,s04_right_hand_045,right_hand,45,3,inferred_from_protocol,True,,train,run_holdout,-1
s04,s04_right_hand_046,right_hand,46,3,inferred_from_protocol,True,,train,run_holdout,-1
s04,s04_right_hand_047,right_hand,47,3,inferred_from_protocol,True,,train,run_holdout,-1
s04,s04_right_hand_048,right_hand,48,3,inferred_from_protocol,True,,train,run_holdout,-1
s04,s04_right_hand_049,right_hand,49,3,inferred_from_protocol,True,,train,run_holdout,-1
s04,s04_right_hand_050,right_hand,50,3,inferred_from_protocol,True,,train,run_holdout,-1
s04,s04_right_hand_051,right_hand,51,3,inferred_from_protocol,True,,train,run_holdout,-1
s04,s04_right_hand_052,right_hand,52,3,inferred_from_protocol,True,,train,run_holdout,-1
s04,s04_right_hand_053,right_hand,53,3,inferred_from_protocol,True,,train,run_holdout,-1
s04,s04_right_hand_054,right_hand,54,3,inferred_from_protocol,True,,train,run_holdout,-1
s04,s04_right_hand_055,right_hand,55,3,inferred_from_protocol,True,,train,run_holdout,-1
s04,s04_right_hand_056,right_hand,56,3,inferred_from_protocol,True,,train,run_holdout,-1
s04,s04_right_hand_057,right_hand,57,3,inferred_from_protocol,True,,train,run_holdout,-1
s04,s04_right_hand_058,right_hand,58,3,inferred_from_protocol,True,,train,run_holdout,-1
s04,s04_right_hand_059,right_hand,59,3,inferred_from_protocol,True,,train,run_holdout,-1
s04,s04_right_hand_060,right_hand,60,4,inferred_from_protocol,True,,val,run_holdout,-1
s04,s04_right_hand_061,right_hand,61,4,inferred_from_protocol,True,,val,run_holdout,-1
s04,s04_right_hand_062,right_hand,62,4,inferred_from_protocol,True,,val,run_holdout,-1
s04,s04_right_hand_063,right_hand,63,4,inferred_from_protocol,True,,val,run_holdout,-1
s04,s04_right_hand_064,right_hand,64,4,inferred_from_protocol,True,,val,run_holdout,-1
s04,s04_right_hand_065,right_hand,65,4,inferred_from_protocol,True,,val,run_holdout,-1
s04,s04_right_hand_066,right_hand,66,4,inferred_from_protocol,True,,val,run_holdout,-1
s04,s04_right_hand_067,right_hand,67,4,inferred_from_protocol,True,,val,run_holdout,-1
s04,s04_right_hand_068,right_hand,68,4,inferred_from_protocol,True,,val,run_holdout,-1
s04,s04_right_hand_069,right_hand,69,4,inferred_from_protocol,True,,val,run_holdout,-1
s04,s04_right_hand_070,right_hand,70,4,inferred_from_protocol,True,,val,run_holdout,-1
s04,s04_right_hand_071,right_hand,71,4,inferred_from_protocol,True,,val,run_holdout,-1
s04,s04_right_hand_072,right_hand,72,4,inferred_from_protocol,True,,val,run_holdout,-1
s04,s04_right_hand_073,right_hand,73,4,inferred_from_protocol,True,,val,run_holdout,-1
s04,s04_right_hand_074,right_hand,74,4,inferred_from_protocol,True,,val,run_holdout,-1
s04,s04_right_hand_075,right_hand,75,4,inferred_from_protocol,True,,val,run_holdout,-1
s04,s04_right_hand_076,right_hand,76,4,inferred_from_protocol,True,,val,run_holdout,-1
s04,s04_right_hand_077,right_hand,77,4,inferred_from_protocol,True,,val,run_holdout,-1
s04,s04_right_hand_078,right_hand,78,4,inferred_from_protocol,True,,val,run_holdout,-1
s04,s04_right_hand_079,right_hand,79,4,inferred_from_protocol,True,,val,run_holdout,-1
s04,s04_right_hand_080,right_hand,80,5,inferred_from_protocol,True,,test,run_holdout,-1
s04,s04_right_hand_081,right_hand,81,5,inferred_from_protocol,True,,test,run_holdout,-1
s04,s04_right_hand_082,right_hand,82,5,inferred_from_protocol,True,,test,run_holdout,-1
s04,s04_right_hand_083,right_hand,83,5,inferred_from_protocol,True,,test,run_holdout,-1
s04,s04_right_hand_084,right_hand,84,5,inferred_from_protocol,True,,test,run_holdout,-1
s04,s04_right_hand_085,right_hand,85,5,inferred_from_protocol,True,,test,run_holdout,-1
s04,s04_right_hand_086,right_hand,86,5,inferred_from_protocol,True,,test,run_holdout,-1
s04,s04_right_hand_087,right_hand,87,5,inferred_from_protocol,True,,test,run_holdout,-1
s04,s04_right_hand_088,right_hand,88,5,inferred_from_protocol,True,,test,run_holdout,-1
s04,s04_right_hand_089,right_hand,89,5,inferred_from_protocol,True,,test,run_holdout,-1
s04,s04_right_hand_090,right_hand,90,5,inferred_from_protocol,True,,test,run_holdout,-1
s04,s04_right_hand_091,right_hand,91,5,inferred_from_protocol,True,,test,run_holdout,-1
s04,s04_right_hand_092,right_hand,92,5,inferred_from_protocol,True,,test,run_holdout,-1
s04,s04_right_hand_093,right_hand,93,5,inferred_from_protocol,True,,test,run_holdout,-1
s04,s04_right_hand_094,right_hand,94,5,inferred_from_protocol,True,,test,run_holdout,-1
s04,s04_right_hand_095,right_hand,95,5,inferred_from_protocol,True,,test,run_holdout,-1
s04,s04_right_hand_096,right_hand,96,5,inferred_from_protocol,True,,test,run_holdout,-1
s04,s04_right_hand_097,right_hand,97,5,inferred_from_protocol,True,,test,run_holdout,-1
s04,s04_right_hand_098,right_hand,98,5,inferred_from_protocol,True,,test,run_holdout,-1
s04,s04_right_hand_099,right_hand,99,5,inferred_from_protocol,True,,test,run_holdout,-1
s05,s05_left_hand_000,left_hand,0,1,inferred_from_protocol,True,,train,run_holdout,-1
s05,s05_left_hand_001,left_hand,1,1,inferred_from_protocol,True,,train,run_holdout,-1
s05,s05_left_hand_002,left_hand,2,1,inferred_from_protocol,True,,train,run_holdout,-1
s05,s05_left_hand_003,left_hand,3,1,inferred_from_protocol,True,,train,run_holdout,-1
s05,s05_left_hand_004,left_hand,4,1,inferred_from_protocol,True,,train,run_holdout,-1
s05,s05_left_hand_005,left_hand,5,1,inferred_from_protocol,True,,train,run_holdout,-1
s05,s05_left_hand_006,left_hand,6,1,inferred_from_protocol,True,,train,run_holdout,-1
s05,s05_left_hand_007,left_hand,7,1,inferred_from_protocol,True,,train,run_holdout,-1
s05,s05_left_hand_008,left_hand,8,1,inferred_from_protocol,True,,train,run_holdout,-1
s05,s05_left_hand_009,left_hand,9,1,inferred_from_protocol,True,,train,run_holdout,-1
s05,s05_left_hand_010,left_hand,10,1,inferred_from_protocol,True,,train,run_holdout,-1
s05,s05_left_hand_011,left_hand,11,1,inferred_from_protocol,True,,train,run_holdout,-1
s05,s05_left_hand_012,left_hand,12,1,inferred_from_protocol,True,,train,run_holdout,-1
s05,s05_left_hand_013,left_hand,13,1,inferred_from_protocol,True,,train,run_holdout,-1
s05,s05_left_hand_014,left_hand,14,1,inferred_from_protocol,False,emg_correlation,train,run_holdout,-1
s05,s05_left_hand_015,left_hand,15,1,inferred_from_protocol,True,,train,run_holdout,-1
s05,s05_left_hand_016,left_hand,16,1,inferred_from_protocol,True,,train,run_holdout,-1
s05,s05_left_hand_017,left_hand,17,1,inferred_from_protocol,True,,train,run_holdout,-1
s05,s05_left_hand_018,left_hand,18,1,inferred_from_protocol,True,,train,run_holdout,-1
s05,s05_left_hand_019,left_hand,19,1,inferred_from_protocol,True,,train,run_holdout,-1
s05,s05_left_hand_020,left_hand,20,2,inferred_from_protocol,True,,train,run_holdout,-1
s05,s05_left_hand_021,left_hand,21,2,inferred_from_protocol,True,,train,run_holdout,-1
s05,s05_left_hand_022,left_hand,22,2,inferred_from_protocol,True,,train,run_holdout,-1
s05,s05_left_hand_023,left_hand,23,2,inferred_from_protocol,True,,train,run_holdout,-1
s05,s05_left_hand_024,left_hand,24,2,inferred_from_protocol,True,,train,run_holdout,-1
s05,s05_left_hand_025,left_hand,25,2,inferred_from_protocol,True,,train,run_holdout,-1
s05,s05_left_hand_026,left_hand,26,2,inferred_from_protocol,True,,train,run_holdout,-1
s05,s05_left_hand_027,left_hand,27,2,inferred_from_protocol,True,,train,run_holdout,-1
s05,s05_left_hand_028,left_hand,28,2,inferred_from_protocol,True,,train,run_holdout,-1
s05,s05_left_hand_029,left_hand,29,2,inferred_from_protocol,True,,train,run_holdout,-1
s05,s05_left_hand_030,left_hand,30,2,inferred_from_protocol,True,,train,run_holdout,-1
s05,s05_left_hand_031,left_hand,31,2,inferred_from_protocol,True,,train,run_holdout,-1
s05,s05_left_hand_032,left_hand,32,2,inferred_from_protocol,True,,train,run_holdout,-1
s05,s05_left_hand_033,left_hand,33,2,inferred_from_protocol,True,,train,run_holdout,-1
s05,s05_left_hand_034,left_hand,34,2,inferred_from_protocol,True,,train,run_holdout,-1
s05,s05_left_hand_035,left_hand,35,2,inferred_from_protocol,True,,train,run_holdout,-1
s05,s05_left_hand_036,left_hand,36,2,inferred_from_protocol,True,,train,run_holdout,-1
s05,s05_left_hand_037,left_hand,37,2,inferred_from_protocol,True,,train,run_holdout,-1
s05,s05_left_hand_038,left_hand,38,2,inferred_from_protocol,True,,train,run_holdout,-1
s05,s05_left_hand_039,left_hand,39,2,inferred_from_protocol,True,,train,run_holdout,-1
s05,s05_left_hand_040,left_hand,40,3,inferred_from_protocol,True,,train,run_holdout,-1
s05,s05_left_hand_041,left_hand,41,3,inferred_from_protocol,True,,train,run_holdout,-1
s05,s05_left_hand_042,left_hand,42,3,inferred_from_protocol,True,,train,run_holdout,-1
s05,s05_left_hand_043,left_hand,43,3,inferred_from_protocol,True,,train,run_holdout,-1
s05,s05_left_hand_044,left_hand,44,3,inferred_from_protocol,True,,train,run_holdout,-1
s05,s05_left_hand_045,left_hand,45,3,inferred_from_protocol,True,,train,run_holdout,-1
s05,s05_left_hand_046,left_hand,46,3,inferred_from_protocol,True,,train,run_holdout,-1
s05,s05_left_hand_047,left_hand,47,3,inferred_from_protocol,True,,train,run_holdout,-1
s05,s05_left_hand_048,left_hand,48,3,inferred_from_protocol,True,,train,run_holdout,-1
s05,s05_left_hand_049,left_hand,49,3,inferred_from_protocol,True,,train,run_holdout,-1
s05,s05_left_hand_050,left_hand,50,3,inferred_from_protocol,True,,train,run_holdout,-1
s05,s05_left_hand_051,left_hand,51,3,inferred_from_protocol,True,,train,run_holdout,-1
s05,s05_left_hand_052,left_hand,52,3,inferred_from_protocol,True,,train,run_holdout,-1
s05,s05_left_hand_053,left_hand,53,3,inferred_from_protocol,True,,train,run_holdout,-1
s05,s05_left_hand_054,left_hand,54,3,inferred_from_protocol,True,,train,run_holdout,-1
s05,s05_left_hand_055,left_hand,55,3,inferred_from_protocol,True,,train,run_holdout,-1
s05,s05_left_hand_056,left_hand,56,3,inferred_from_protocol,True,,train,run_holdout,-1
s05,s05_left_hand_057,left_hand,57,3,inferred_from_protocol,True,,train,run_holdout,-1
s05,s05_left_hand_058,left_hand,58,3,inferred_from_protocol,True,,train,run_holdout,-1
s05,s05_left_hand_059,left_hand,59,3,inferred_from_protocol,True,,train,run_holdout,-1
s05,s05_left_hand_060,left_hand,60,4,inferred_from_protocol,True,,val,run_holdout,-1
s05,s05_left_hand_061,left_hand,61,4,inferred_from_protocol,True,,val,run_holdout,-1
s05,s05_left_hand_062,left_hand,62,4,inferred_from_protocol,True,,val,run_holdout,-1
s05,s05_left_hand_063,left_hand,63,4,inferred_from_protocol,True,,val,run_holdout,-1
s05,s05_left_hand_064,left_hand,64,4,inferred_from_protocol,True,,val,run_holdout,-1
s05,s05_left_hand_065,left_hand,65,4,inferred_from_protocol,True,,val,run_holdout,-1
s05,s05_left_hand_066,left_hand,66,4,inferred_from_protocol,True,,val,run_holdout,-1
s05,s05_left_hand_067,left_hand,67,4,inferred_from_protocol,True,,val,run_holdout,-1
s05,s05_left_hand_068,left_hand,68,4,inferred_from_protocol,True,,val,run_holdout,-1
s05,s05_left_hand_069,left_hand,69,4,inferred_from_protocol,True,,val,run_holdout,-1
s05,s05_left_hand_070,left_hand,70,4,inferred_from_protocol,True,,val,run_holdout,-1
s05,s05_left_hand_071,left_hand,71,4,inferred_from_protocol,True,,val,run_holdout,-1
s05,s05_left_hand_072,left_hand,72,4,inferred_from_protocol,True,,val,run_holdout,-1
s05,s05_left_hand_073,left_hand,73,4,inferred_from_protocol,True,,val,run_holdout,-1
s05,s05_left_hand_074,left_hand,74,4,inferred_from_protocol,True,,val,run_holdout,-1
s05,s05_left_hand_075,left_hand,75,4,inferred_from_protocol,True,,val,run_holdout,-1
s05,s05_left_hand_076,left_hand,76,4,inferred_from_protocol,True,,val,run_holdout,-1
s05,s05_left_hand_077,left_hand,77,4,inferred_from_protocol,True,,val,run_holdout,-1
s05,s05_left_hand_078,left_hand,78,4,inferred_from_protocol,True,,val,run_holdout,-1
s05,s05_left_hand_079,left_hand,79,4,inferred_from_protocol,True,,val,run_holdout,-1
s05,s05_left_hand_080,left_hand,80,5,inferred_from_protocol,True,,test,run_holdout,-1
s05,s05_left_hand_081,left_hand,81,5,inferred_from_protocol,True,,test,run_holdout,-1
s05,s05_left_hand_082,left_hand,82,5,inferred_from_protocol,True,,test,run_holdout,-1
s05,s05_left_hand_083,left_hand,83,5,inferred_from_protocol,True,,test,run_holdout,-1
s05,s05_left_hand_084,left_hand,84,5,inferred_from_protocol,True,,test,run_holdout,-1
s05,s05_left_hand_085,left_hand,85,5,inferred_from_protocol,True,,test,run_holdout,-1
s05,s05_left_hand_086,left_hand,86,5,inferred_from_protocol,True,,test,run_holdout,-1
s05,s05_left_hand_087,left_hand,87,5,inferred_from_protocol,True,,test,run_holdout,-1
s05,s05_left_hand_088,left_hand,88,5,inferred_from_protocol,True,,test,run_holdout,-1
s05,s05_left_hand_089,left_hand,89,5,inferred_from_protocol,True,,test,run_holdout,-1
s05,s05_left_hand_090,left_hand,90,5,inferred_from_protocol,True,,test,run_holdout,-1
s05,s05_left_hand_091,left_hand,91,5,inferred_from_protocol,True,,test,run_holdout,-1
s05,s05_left_hand_092,left_hand,92,5,inferred_from_protocol,True,,test,run_holdout,-1
s05,s05_left_hand_093,left_hand,93,5,inferred_from_protocol,True,,test,run_holdout,-1
s05,s05_left_hand_094,left_hand,94,5,inferred_from_protocol,True,,test,run_holdout,-1
s05,s05_left_hand_095,left_hand,95,5,inferred_from_protocol,True,,test,run_holdout,-1
s05,s05_left_hand_096,left_hand,96,5,inferred_from_protocol,True,,test,run_holdout,-1
s05,s05_left_hand_097,left_hand,97,5,inferred_from_protocol,True,,test,run_holdout,-1
s05,s05_left_hand_098,left_hand,98,5,inferred_from_protocol,True,,test,run_holdout,-1
s05,s05_left_hand_099,left_hand,99,5,inferred_from_protocol,True,,test,run_holdout,-1
s05,s05_right_hand_000,right_hand,0,1,inferred_from_protocol,True,,train,run_holdout,-1
s05,s05_right_hand_001,right_hand,1,1,inferred_from_protocol,True,,train,run_holdout,-1
s05,s05_right_hand_002,right_hand,2,1,inferred_from_protocol,True,,train,run_holdout,-1
s05,s05_right_hand_003,right_hand,3,1,inferred_from_protocol,True,,train,run_holdout,-1
s05,s05_right_hand_004,right_hand,4,1,inferred_from_protocol,True,,train,run_holdout,-1
s05,s05_right_hand_005,right_hand,5,1,inferred_from_protocol,True,,train,run_holdout,-1
s05,s05_right_hand_006,right_hand,6,1,inferred_from_protocol,True,,train,run_holdout,-1
s05,s05_right_hand_007,right_hand,7,1,inferred_from_protocol,True,,train,run_holdout,-1
s05,s05_right_hand_008,right_hand,8,1,inferred_from_protocol,True,,train,run_holdout,-1
s05,s05_right_hand_009,right_hand,9,1,inferred_from_protocol,True,,train,run_holdout,-1
s05,s05_right_hand_010,right_hand,10,1,inferred_from_protocol,True,,train,run_holdout,-1
s05,s05_right_hand_011,right_hand,11,1,inferred_from_protocol,True,,train,run_holdout,-1
s05,s05_right_hand_012,right_hand,12,1,inferred_from_protocol,True,,train,run_holdout,-1
s05,s05_right_hand_013,right_hand,13,1,inferred_from_protocol,True,,train,run_holdout,-1
s05,s05_right_hand_014,right_hand,14,1,inferred_from_protocol,True,,train,run_holdout,-1
s05,s05_right_hand_015,right_hand,15,1,inferred_from_protocol,True,,train,run_holdout,-1
s05,s05_right_hand_016,right_hand,16,1,inferred_from_protocol,True,,train,run_holdout,-1
s05,s05_right_hand_017,right_hand,17,1,inferred_from_protocol,True,,train,run_holdout,-1
s05,s05_right_hand_018,right_hand,18,1,inferred_from_protocol,True,,train,run_holdout,-1
s05,s05_right_hand_019,right_hand,19,1,inferred_from_protocol,True,,train,run_holdout,-1
s05,s05_right_hand_020,right_hand,20,2,inferred_from_protocol,True,,train,run_holdout,-1
s05,s05_right_hand_021,right_hand,21,2,inferred_from_protocol,True,,train,run_holdout,-1
s05,s05_right_hand_022,right_hand,22,2,inferred_from_protocol,True,,train,run_holdout,-1
s05,s05_right_hand_023,right_hand,23,2,inferred_from_protocol,True,,train,run_holdout,-1
s05,s05_right_hand_024,right_hand,24,2,inferred_from_protocol,True,,train,run_holdout,-1
s05,s05_right_hand_025,right_hand,25,2,inferred_from_protocol,True,,train,run_holdout,-1
s05,s05_right_hand_026,right_hand,26,2,inferred_from_protocol,True,,train,run_holdout,-1
s05,s05_right_hand_027,right_hand,27,2,inferred_from_protocol,True,,train,run_holdout,-1
s05,s05_right_hand_028,right_hand,28,2,inferred_from_protocol,True,,train,run_holdout,-1
s05,s05_right_hand_029,right_hand,29,2,inferred_from_protocol,True,,train,run_holdout,-1
s05,s05_right_hand_030,right_hand,30,2,inferred_from_protocol,True,,train,run_holdout,-1
s05,s05_right_hand_031,right_hand,31,2,inferred_from_protocol,True,,train,run_holdout,-1
s05,s05_right_hand_032,right_hand,32,2,inferred_from_protocol,True,,train,run_holdout,-1
s05,s05_right_hand_033,right_hand,33,2,inferred_from_protocol,True,,train,run_holdout,-1
s05,s05_right_hand_034,right_hand,34,2,inferred_from_protocol,True,,train,run_holdout,-1
s05,s05_right_hand_035,right_hand,35,2,inferred_from_protocol,True,,train,run_holdout,-1
s05,s05_right_hand_036,right_hand,36,2,inferred_from_protocol,True,,train,run_holdout,-1
s05,s05_right_hand_037,right_hand,37,2,inferred_from_protocol,True,,train,run_holdout,-1
s05,s05_right_hand_038,right_hand,38,2,inferred_from_protocol,True,,train,run_holdout,-1
s05,s05_right_hand_039,right_hand,39,2,inferred_from_protocol,True,,train,run_holdout,-1
s05,s05_right_hand_040,right_hand,40,3,inferred_from_protocol,True,,train,run_holdout,-1
s05,s05_right_hand_041,right_hand,41,3,inferred_from_protocol,True,,train,run_holdout,-1
s05,s05_right_hand_042,right_hand,42,3,inferred_from_protocol,True,,train,run_holdout,-1
s05,s05_right_hand_043,right_hand,43,3,inferred_from_protocol,True,,train,run_holdout,-1
s05,s05_right_hand_044,right_hand,44,3,inferred_from_protocol,True,,train,run_holdout,-1
s05,s05_right_hand_045,right_hand,45,3,inferred_from_protocol,True,,train,run_holdout,-1
s05,s05_right_hand_046,right_hand,46,3,inferred_from_protocol,True,,train,run_holdout,-1
s05,s05_right_hand_047,right_hand,47,3,inferred_from_protocol,True,,train,run_holdout,-1
s05,s05_right_hand_048,right_hand,48,3,inferred_from_protocol,True,,train,run_holdout,-1
s05,s05_right_hand_049,right_hand,49,3,inferred_from_protocol,True,,train,run_holdout,-1
s05,s05_right_hand_050,right_hand,50,3,inferred_from_protocol,True,,train,run_holdout,-1
s05,s05_right_hand_051,right_hand,51,3,inferred_from_protocol,True,,train,run_holdout,-1
s05,s05_right_hand_052,right_hand,52,3,inferred_from_protocol,True,,train,run_holdout,-1
s05,s05_right_hand_053,right_hand,53,3,inferred_from_protocol,True,,train,run_holdout,-1
s05,s05_right_hand_054,right_hand,54,3,inferred_from_protocol,True,,train,run_holdout,-1
s05,s05_right_hand_055,right_hand,55,3,inferred_from_protocol,True,,train,run_holdout,-1
s05,s05_right_hand_056,right_hand,56,3,inferred_from_protocol,True,,train,run_holdout,-1
s05,s05_right_hand_057,right_hand,57,3,inferred_from_protocol,True,,train,run_holdout,-1
s05,s05_right_hand_058,right_hand,58,3,inferred_from_protocol,True,,train,run_holdout,-1
s05,s05_right_hand_059,right_hand,59,3,inferred_from_protocol,True,,train,run_holdout,-1
s05,s05_right_hand_060,right_hand,60,4,inferred_from_protocol,True,,val,run_holdout,-1
s05,s05_right_hand_061,right_hand,61,4,inferred_from_protocol,True,,val,run_holdout,-1
s05,s05_right_hand_062,right_hand,62,4,inferred_from_protocol,True,,val,run_holdout,-1
s05,s05_right_hand_063,right_hand,63,4,inferred_from_protocol,True,,val,run_holdout,-1
s05,s05_right_hand_064,right_hand,64,4,inferred_from_protocol,True,,val,run_holdout,-1
s05,s05_right_hand_065,right_hand,65,4,inferred_from_protocol,True,,val,run_holdout,-1
s05,s05_right_hand_066,right_hand,66,4,inferred_from_protocol,True,,val,run_holdout,-1
s05,s05_right_hand_067,right_hand,67,4,inferred_from_protocol,True,,val,run_holdout,-1
s05,s05_right_hand_068,right_hand,68,4,inferred_from_protocol,True,,val,run_holdout,-1
s05,s05_right_hand_069,right_hand,69,4,inferred_from_protocol,True,,val,run_holdout,-1
s05,s05_right_hand_070,right_hand,70,4,inferred_from_protocol,True,,val,run_holdout,-1
s05,s05_right_hand_071,right_hand,71,4,inferred_from_protocol,True,,val,run_holdout,-1
s05,s05_right_hand_072,right_hand,72,4,inferred_from_protocol,True,,val,run_holdout,-1
s05,s05_right_hand_073,right_hand,73,4,inferred_from_protocol,True,,val,run_holdout,-1
s05,s05_right_hand_074,right_hand,74,4,inferred_from_protocol,True,,val,run_holdout,-1
s05,s05_right_hand_075,right_hand,75,4,inferred_from_protocol,True,,val,run_holdout,-1
s05,s05_right_hand_076,right_hand,76,4,inferred_from_protocol,True,,val,run_holdout,-1
s05,s05_right_hand_077,right_hand,77,4,inferred_from_protocol,True,,val,run_holdout,-1
s05,s05_right_hand_078,right_hand,78,4,inferred_from_protocol,True,,val,run_holdout,-1
s05,s05_right_hand_079,right_hand,79,4,inferred_from_protocol,True,,val,run_holdout,-1
s05,s05_right_hand_080,right_hand,80,5,inferred_from_protocol,True,,test,run_holdout,-1
s05,s05_right_hand_081,right_hand,81,5,inferred_from_protocol,True,,test,run_holdout,-1
s05,s05_right_hand_082,right_hand,82,5,inferred_from_protocol,True,,test,run_holdout,-1
s05,s05_right_hand_083,right_hand,83,5,inferred_from_protocol,True,,test,run_holdout,-1
s05,s05_right_hand_084,right_hand,84,5,inferred_from_protocol,True,,test,run_holdout,-1
s05,s05_right_hand_085,right_hand,85,5,inferred_from_protocol,True,,test,run_holdout,-1
s05,s05_right_hand_086,right_hand,86,5,inferred_from_protocol,True,,test,run_holdout,-1
s05,s05_right_hand_087,right_hand,87,5,inferred_from_protocol,True,,test,run_holdout,-1
s05,s05_right_hand_088,right_hand,88,5,inferred_from_protocol,True,,test,run_holdout,-1
s05,s05_right_hand_089,right_hand,89,5,inferred_from_protocol,True,,test,run_holdout,-1
s05,s05_right_hand_090,right_hand,90,5,inferred_from_protocol,True,,test,run_holdout,-1
s05,s05_right_hand_091,right_hand,91,5,inferred_from_protocol,True,,test,run_holdout,-1
s05,s05_right_hand_092,right_hand,92,5,inferred_from_protocol,True,,test,run_holdout,-1
s05,s05_right_hand_093,right_hand,93,5,inferred_from_protocol,True,,test,run_holdout,-1
s05,s05_right_hand_094,right_hand,94,5,inferred_from_protocol,True,,test,run_holdout,-1
s05,s05_right_hand_095,right_hand,95,5,inferred_from_protocol,True,,test,run_holdout,-1
s05,s05_right_hand_096,right_hand,96,5,inferred_from_protocol,True,,test,run_holdout,-1
s05,s05_right_hand_097,right_hand,97,5,inferred_from_protocol,True,,test,run_holdout,-1
s05,s05_right_hand_098,right_hand,98,5,inferred_from_protocol,True,,test,run_holdout,-1
s05,s05_right_hand_099,right_hand,99,5,inferred_from_protocol,True,,test,run_holdout,-1
s06,s06_left_hand_000,left_hand,0,1,inferred_from_protocol,True,,train,run_holdout,-1
s06,s06_left_hand_001,left_hand,1,1,inferred_from_protocol,True,,train,run_holdout,-1
s06,s06_left_hand_002,left_hand,2,1,inferred_from_protocol,True,,train,run_holdout,-1
s06,s06_left_hand_003,left_hand,3,1,inferred_from_protocol,True,,train,run_holdout,-1
s06,s06_left_hand_004,left_hand,4,1,inferred_from_protocol,True,,train,run_holdout,-1
s06,s06_left_hand_005,left_hand,5,1,inferred_from_protocol,True,,train,run_holdout,-1
s06,s06_left_hand_006,left_hand,6,1,inferred_from_protocol,True,,train,run_holdout,-1
s06,s06_left_hand_007,left_hand,7,1,inferred_from_protocol,True,,train,run_holdout,-1
s06,s06_left_hand_008,left_hand,8,1,inferred_from_protocol,True,,train,run_holdout,-1
s06,s06_left_hand_009,left_hand,9,1,inferred_from_protocol,True,,train,run_holdout,-1
s06,s06_left_hand_010,left_hand,10,1,inferred_from_protocol,True,,train,run_holdout,-1
s06,s06_left_hand_011,left_hand,11,1,inferred_from_protocol,True,,train,run_holdout,-1
s06,s06_left_hand_012,left_hand,12,1,inferred_from_protocol,True,,train,run_holdout,-1
s06,s06_left_hand_013,left_hand,13,1,inferred_from_protocol,True,,train,run_holdout,-1
s06,s06_left_hand_014,left_hand,14,1,inferred_from_protocol,True,,train,run_holdout,-1
s06,s06_left_hand_015,left_hand,15,1,inferred_from_protocol,True,,train,run_holdout,-1
s06,s06_left_hand_016,left_hand,16,1,inferred_from_protocol,True,,train,run_holdout,-1
s06,s06_left_hand_017,left_hand,17,1,inferred_from_protocol,True,,train,run_holdout,-1
s06,s06_left_hand_018,left_hand,18,1,inferred_from_protocol,True,,train,run_holdout,-1
s06,s06_left_hand_019,left_hand,19,1,inferred_from_protocol,True,,train,run_holdout,-1
s06,s06_left_hand_020,left_hand,20,2,inferred_from_protocol,True,,train,run_holdout,-1
s06,s06_left_hand_021,left_hand,21,2,inferred_from_protocol,True,,train,run_holdout,-1
s06,s06_left_hand_022,left_hand,22,2,inferred_from_protocol,True,,train,run_holdout,-1
s06,s06_left_hand_023,left_hand,23,2,inferred_from_protocol,True,,train,run_holdout,-1
s06,s06_left_hand_024,left_hand,24,2,inferred_from_protocol,True,,train,run_holdout,-1
s06,s06_left_hand_025,left_hand,25,2,inferred_from_protocol,True,,train,run_holdout,-1
s06,s06_left_hand_026,left_hand,26,2,inferred_from_protocol,True,,train,run_holdout,-1
s06,s06_left_hand_027,left_hand,27,2,inferred_from_protocol,True,,train,run_holdout,-1
s06,s06_left_hand_028,left_hand,28,2,inferred_from_protocol,True,,train,run_holdout,-1
s06,s06_left_hand_029,left_hand,29,2,inferred_from_protocol,True,,train,run_holdout,-1
s06,s06_left_hand_030,left_hand,30,2,inferred_from_protocol,True,,train,run_holdout,-1
s06,s06_left_hand_031,left_hand,31,2,inferred_from_protocol,True,,train,run_holdout,-1
s06,s06_left_hand_032,left_hand,32,2,inferred_from_protocol,True,,train,run_holdout,-1
s06,s06_left_hand_033,left_hand,33,2,inferred_from_protocol,True,,train,run_holdout,-1
s06,s06_left_hand_034,left_hand,34,2,inferred_from_protocol,True,,train,run_holdout,-1
s06,s06_left_hand_035,left_hand,35,2,inferred_from_protocol,True,,train,run_holdout,-1
s06,s06_left_hand_036,left_hand,36,2,inferred_from_protocol,True,,train,run_holdout,-1
s06,s06_left_hand_037,left_hand,37,2,inferred_from_protocol,True,,train,run_holdout,-1
s06,s06_left_hand_038,left_hand,38,2,inferred_from_protocol,True,,train,run_holdout,-1
s06,s06_left_hand_039,left_hand,39,2,inferred_from_protocol,True,,train,run_holdout,-1
s06,s06_left_hand_040,left_hand,40,3,inferred_from_protocol,True,,train,run_holdout,-1
s06,s06_left_hand_041,left_hand,41,3,inferred_from_protocol,True,,train,run_holdout,-1
s06,s06_left_hand_042,left_hand,42,3,inferred_from_protocol,True,,train,run_holdout,-1
s06,s06_left_hand_043,left_hand,43,3,inferred_from_protocol,True,,train,run_holdout,-1
s06,s06_left_hand_044,left_hand,44,3,inferred_from_protocol,True,,train,run_holdout,-1
s06,s06_left_hand_045,left_hand,45,3,inferred_from_protocol,True,,train,run_holdout,-1
s06,s06_left_hand_046,left_hand,46,3,inferred_from_protocol,True,,train,run_holdout,-1
s06,s06_left_hand_047,left_hand,47,3,inferred_from_protocol,True,,train,run_holdout,-1
s06,s06_left_hand_048,left_hand,48,3,inferred_from_protocol,True,,train,run_holdout,-1
s06,s06_left_hand_049,left_hand,49,3,inferred_from_protocol,True,,train,run_holdout,-1
s06,s06_left_hand_050,left_hand,50,3,inferred_from_protocol,True,,train,run_holdout,-1
s06,s06_left_hand_051,left_hand,51,3,inferred_from_protocol,True,,train,run_holdout,-1
s06,s06_left_hand_052,left_hand,52,3,inferred_from_protocol,True,,train,run_holdout,-1
s06,s06_left_hand_053,left_hand,53,3,inferred_from_protocol,True,,train,run_holdout,-1
s06,s06_left_hand_054,left_hand,54,3,inferred_from_protocol,True,,train,run_holdout,-1
s06,s06_left_hand_055,left_hand,55,3,inferred_from_protocol,True,,train,run_holdout,-1
s06,s06_left_hand_056,left_hand,56,3,inferred_from_protocol,True,,train,run_holdout,-1
s06,s06_left_hand_057,left_hand,57,3,inferred_from_protocol,True,,train,run_holdout,-1
s06,s06_left_hand_058,left_hand,58,3,inferred_from_protocol,True,,train,run_holdout,-1
s06,s06_left_hand_059,left_hand,59,3,inferred_from_protocol,True,,train,run_holdout,-1
s06,s06_left_hand_060,left_hand,60,4,inferred_from_protocol,True,,val,run_holdout,-1
s06,s06_left_hand_061,left_hand,61,4,inferred_from_protocol,True,,val,run_holdout,-1
s06,s06_left_hand_062,left_hand,62,4,inferred_from_protocol,True,,val,run_holdout,-1
s06,s06_left_hand_063,left_hand,63,4,inferred_from_protocol,True,,val,run_holdout,-1
s06,s06_left_hand_064,left_hand,64,4,inferred_from_protocol,True,,val,run_holdout,-1
s06,s06_left_hand_065,left_hand,65,4,inferred_from_protocol,True,,val,run_holdout,-1
s06,s06_left_hand_066,left_hand,66,4,inferred_from_protocol,True,,val,run_holdout,-1
s06,s06_left_hand_067,left_hand,67,4,inferred_from_protocol,True,,val,run_holdout,-1
s06,s06_left_hand_068,left_hand,68,4,inferred_from_protocol,True,,val,run_holdout,-1
s06,s06_left_hand_069,left_hand,69,4,inferred_from_protocol,True,,val,run_holdout,-1
s06,s06_left_hand_070,left_hand,70,4,inferred_from_protocol,True,,val,run_holdout,-1
s06,s06_left_hand_071,left_hand,71,4,inferred_from_protocol,True,,val,run_holdout,-1
s06,s06_left_hand_072,left_hand,72,4,inferred_from_protocol,True,,val,run_holdout,-1
s06,s06_left_hand_073,left_hand,73,4,inferred_from_protocol,True,,val,run_holdout,-1
s06,s06_left_hand_074,left_hand,74,4,inferred_from_protocol,True,,val,run_holdout,-1
s06,s06_left_hand_075,left_hand,75,4,inferred_from_protocol,True,,val,run_holdout,-1
s06,s06_left_hand_076,left_hand,76,4,inferred_from_protocol,True,,val,run_holdout,-1
s06,s06_left_hand_077,left_hand,77,4,inferred_from_protocol,False,emg_correlation,val,run_holdout,-1
s06,s06_left_hand_078,left_hand,78,4,inferred_from_protocol,True,,val,run_holdout,-1
s06,s06_left_hand_079,left_hand,79,4,inferred_from_protocol,False,emg_correlation,val,run_holdout,-1
s06,s06_left_hand_080,left_hand,80,5,inferred_from_protocol,True,,test,run_holdout,-1
s06,s06_left_hand_081,left_hand,81,5,inferred_from_protocol,True,,test,run_holdout,-1
s06,s06_left_hand_082,left_hand,82,5,inferred_from_protocol,True,,test,run_holdout,-1
s06,s06_left_hand_083,left_hand,83,5,inferred_from_protocol,True,,test,run_holdout,-1
s06,s06_left_hand_084,left_hand,84,5,inferred_from_protocol,True,,test,run_holdout,-1
s06,s06_left_hand_085,left_hand,85,5,inferred_from_protocol,True,,test,run_holdout,-1
s06,s06_left_hand_086,left_hand,86,5,inferred_from_protocol,True,,test,run_holdout,-1
s06,s06_left_hand_087,left_hand,87,5,inferred_from_protocol,True,,test,run_holdout,-1
s06,s06_left_hand_088,left_hand,88,5,inferred_from_protocol,True,,test,run_holdout,-1
s06,s06_left_hand_089,left_hand,89,5,inferred_from_protocol,True,,test,run_holdout,-1
s06,s06_left_hand_090,left_hand,90,5,inferred_from_protocol,True,,test,run_holdout,-1
s06,s06_left_hand_091,left_hand,91,5,inferred_from_protocol,True,,test,run_holdout,-1
s06,s06_left_hand_092,left_hand,92,5,inferred_from_protocol,True,,test,run_holdout,-1
s06,s06_left_hand_093,left_hand,93,5,inferred_from_protocol,True,,test,run_holdout,-1
s06,s06_left_hand_094,left_hand,94,5,inferred_from_protocol,True,,test,run_holdout,-1
s06,s06_left_hand_095,left_hand,95,5,inferred_from_protocol,True,,test,run_holdout,-1
s06,s06_left_hand_096,left_hand,96,5,inferred_from_protocol,True,,test,run_holdout,-1
s06,s06_left_hand_097,left_hand,97,5,inferred_from_protocol,True,,test,run_holdout,-1
s06,s06_left_hand_098,left_hand,98,5,inferred_from_protocol,True,,test,run_holdout,-1
s06,s06_left_hand_099,left_hand,99,5,inferred_from_protocol,True,,test,run_holdout,-1
s06,s06_right_hand_000,right_hand,0,1,inferred_from_protocol,False,emg_correlation,train,run_holdout,-1
s06,s06_right_hand_001,right_hand,1,1,inferred_from_protocol,True,,train,run_holdout,-1
s06,s06_right_hand_002,right_hand,2,1,inferred_from_protocol,True,,train,run_holdout,-1
s06,s06_right_hand_003,right_hand,3,1,inferred_from_protocol,True,,train,run_holdout,-1
s06,s06_right_hand_004,right_hand,4,1,inferred_from_protocol,True,,train,run_holdout,-1
s06,s06_right_hand_005,right_hand,5,1,inferred_from_protocol,True,,train,run_holdout,-1
s06,s06_right_hand_006,right_hand,6,1,inferred_from_protocol,True,,train,run_holdout,-1
s06,s06_right_hand_007,right_hand,7,1,inferred_from_protocol,True,,train,run_holdout,-1
s06,s06_right_hand_008,right_hand,8,1,inferred_from_protocol,True,,train,run_holdout,-1
s06,s06_right_hand_009,right_hand,9,1,inferred_from_protocol,False,emg_correlation,train,run_holdout,-1
s06,s06_right_hand_010,right_hand,10,1,inferred_from_protocol,True,,train,run_holdout,-1
s06,s06_right_hand_011,right_hand,11,1,inferred_from_protocol,True,,train,run_holdout,-1
s06,s06_right_hand_012,right_hand,12,1,inferred_from_protocol,True,,train,run_holdout,-1
s06,s06_right_hand_013,right_hand,13,1,inferred_from_protocol,True,,train,run_holdout,-1
s06,s06_right_hand_014,right_hand,14,1,inferred_from_protocol,True,,train,run_holdout,-1
s06,s06_right_hand_015,right_hand,15,1,inferred_from_protocol,True,,train,run_holdout,-1
s06,s06_right_hand_016,right_hand,16,1,inferred_from_protocol,False,emg_correlation,train,run_holdout,-1
s06,s06_right_hand_017,right_hand,17,1,inferred_from_protocol,True,,train,run_holdout,-1
s06,s06_right_hand_018,right_hand,18,1,inferred_from_protocol,True,,train,run_holdout,-1
s06,s06_right_hand_019,right_hand,19,1,inferred_from_protocol,False,emg_correlation,train,run_holdout,-1
s06,s06_right_hand_020,right_hand,20,2,inferred_from_protocol,False,emg_correlation,train,run_holdout,-1
s06,s06_right_hand_021,right_hand,21,2,inferred_from_protocol,False,emg_correlation,train,run_holdout,-1
s06,s06_right_hand_022,right_hand,22,2,inferred_from_protocol,True,,train,run_holdout,-1
s06,s06_right_hand_023,right_hand,23,2,inferred_from_protocol,True,,train,run_holdout,-1
s06,s06_right_hand_024,right_hand,24,2,inferred_from_protocol,True,,train,run_holdout,-1
s06,s06_right_hand_025,right_hand,25,2,inferred_from_protocol,True,,train,run_holdout,-1
s06,s06_right_hand_026,right_hand,26,2,inferred_from_protocol,True,,train,run_holdout,-1
s06,s06_right_hand_027,right_hand,27,2,inferred_from_protocol,False,emg_correlation,train,run_holdout,-1
s06,s06_right_hand_028,right_hand,28,2,inferred_from_protocol,True,,train,run_holdout,-1
s06,s06_right_hand_029,right_hand,29,2,inferred_from_protocol,True,,train,run_holdout,-1
s06,s06_right_hand_030,right_hand,30,2,inferred_from_protocol,True,,train,run_holdout,-1
s06,s06_right_hand_031,right_hand,31,2,inferred_from_protocol,False,emg_correlation,train,run_holdout,-1
s06,s06_right_hand_032,right_hand,32,2,inferred_from_protocol,True,,train,run_holdout,-1
s06,s06_right_hand_033,right_hand,33,2,inferred_from_protocol,True,,train,run_holdout,-1
s06,s06_right_hand_034,right_hand,34,2,inferred_from_protocol,True,,train,run_holdout,-1
s06,s06_right_hand_035,right_hand,35,2,inferred_from_protocol,True,,train,run_holdout,-1
s06,s06_right_hand_036,right_hand,36,2,inferred_from_protocol,True,,train,run_holdout,-1
s06,s06_right_hand_037,right_hand,37,2,inferred_from_protocol,True,,train,run_holdout,-1
s06,s06_right_hand_038,right_hand,38,2,inferred_from_protocol,True,,train,run_holdout,-1
s06,s06_right_hand_039,right_hand,39,2,inferred_from_protocol,True,,train,run_holdout,-1
s06,s06_right_hand_040,right_hand,40,3,inferred_from_protocol,True,,train,run_holdout,-1
s06,s06_right_hand_041,right_hand,41,3,inferred_from_protocol,True,,train,run_holdout,-1
s06,s06_right_hand_042,right_hand,42,3,inferred_from_protocol,True,,train,run_holdout,-1
s06,s06_right_hand_043,right_hand,43,3,inferred_from_protocol,False,emg_correlation,train,run_holdout,-1
s06,s06_right_hand_044,right_hand,44,3,inferred_from_protocol,True,,train,run_holdout,-1
s06,s06_right_hand_045,right_hand,45,3,inferred_from_protocol,True,,train,run_holdout,-1
s06,s06_right_hand_046,right_hand,46,3,inferred_from_protocol,False,emg_correlation,train,run_holdout,-1
s06,s06_right_hand_047,right_hand,47,3,inferred_from_protocol,True,,train,run_holdout,-1
s06,s06_right_hand_048,right_hand,48,3,inferred_from_protocol,True,,train,run_holdout,-1
s06,s06_right_hand_049,right_hand,49,3,inferred_from_protocol,True,,train,run_holdout,-1
s06,s06_right_hand_050,right_hand,50,3,inferred_from_protocol,True,,train,run_holdout,-1
s06,s06_right_hand_051,right_hand,51,3,inferred_from_protocol,True,,train,run_holdout,-1
s06,s06_right_hand_052,right_hand,52,3,inferred_from_protocol,True,,train,run_holdout,-1
s06,s06_right_hand_053,right_hand,53,3,inferred_from_protocol,False,emg_correlation,train,run_holdout,-1
s06,s06_right_hand_054,right_hand,54,3,inferred_from_protocol,True,,train,run_holdout,-1
s06,s06_right_hand_055,right_hand,55,3,inferred_from_protocol,True,,train,run_holdout,-1
s06,s06_right_hand_056,right_hand,56,3,inferred_from_protocol,True,,train,run_holdout,-1
s06,s06_right_hand_057,right_hand,57,3,inferred_from_protocol,False,emg_correlation,train,run_holdout,-1
s06,s06_right_hand_058,right_hand,58,3,inferred_from_protocol,False,emg_correlation,train,run_holdout,-1
s06,s06_right_hand_059,right_hand,59,3,inferred_from_protocol,False,emg_correlation,train,run_holdout,-1
s06,s06_right_hand_060,right_hand,60,4,inferred_from_protocol,True,,val,run_holdout,-1
s06,s06_right_hand_061,right_hand,61,4,inferred_from_protocol,True,,val,run_holdout,-1
s06,s06_right_hand_062,right_hand,62,4,inferred_from_protocol,True,,val,run_holdout,-1
s06,s06_right_hand_063,right_hand,63,4,inferred_from_protocol,True,,val,run_holdout,-1
s06,s06_right_hand_064,right_hand,64,4,inferred_from_protocol,True,,val,run_holdout,-1
s06,s06_right_hand_065,right_hand,65,4,inferred_from_protocol,True,,val,run_holdout,-1
s06,s06_right_hand_066,right_hand,66,4,inferred_from_protocol,True,,val,run_holdout,-1
s06,s06_right_hand_067,right_hand,67,4,inferred_from_protocol,False,emg_correlation,val,run_holdout,-1
s06,s06_right_hand_068,right_hand,68,4,inferred_from_protocol,True,,val,run_holdout,-1
s06,s06_right_hand_069,right_hand,69,4,inferred_from_protocol,False,emg_correlation,val,run_holdout,-1
s06,s06_right_hand_070,right_hand,70,4,inferred_from_protocol,True,,val,run_holdout,-1
s06,s06_right_hand_071,right_hand,71,4,inferred_from_protocol,True,,val,run_holdout,-1
s06,s06_right_hand_072,right_hand,72,4,inferred_from_protocol,True,,val,run_holdout,-1
s06,s06_right_hand_073,right_hand,73,4,inferred_from_protocol,True,,val,run_holdout,-1
s06,s06_right_hand_074,right_hand,74,4,inferred_from_protocol,True,,val,run_holdout,-1
s06,s06_right_hand_075,right_hand,75,4,inferred_from_protocol,True,,val,run_holdout,-1
s06,s06_right_hand_076,right_hand,76,4,inferred_from_protocol,True,,val,run_holdout,-1
s06,s06_right_hand_077,right_hand,77,4,inferred_from_protocol,True,,val,run_holdout,-1
s06,s06_right_hand_078,right_hand,78,4,inferred_from_protocol,True,,val,run_holdout,-1
s06,s06_right_hand_079,right_hand,79,4,inferred_from_protocol,True,,val,run_holdout,-1
s06,s06_right_hand_080,right_hand,80,5,inferred_from_protocol,False,emg_correlation,test,run_holdout,-1
s06,s06_right_hand_081,right_hand,81,5,inferred_from_protocol,False,emg_correlation,test,run_holdout,-1
s06,s06_right_hand_082,right_hand,82,5,inferred_from_protocol,True,,test,run_holdout,-1
s06,s06_right_hand_083,right_hand,83,5,inferred_from_protocol,True,,test,run_holdout,-1
s06,s06_right_hand_084,right_hand,84,5,inferred_from_protocol,True,,test,run_holdout,-1
s06,s06_right_hand_085,right_hand,85,5,inferred_from_protocol,True,,test,run_holdout,-1
s06,s06_right_hand_086,right_hand,86,5,inferred_from_protocol,True,,test,run_holdout,-1
s06,s06_right_hand_087,right_hand,87,5,inferred_from_protocol,True,,test,run_holdout,-1
s06,s06_right_hand_088,right_hand,88,5,inferred_from_protocol,False,emg_correlation,test,run_holdout,-1
s06,s06_right_hand_089,right_hand,89,5,inferred_from_protocol,False,emg_correlation,test,run_holdout,-1
s06,s06_right_hand_090,right_hand,90,5,inferred_from_protocol,True,,test,run_holdout,-1
s06,s06_right_hand_091,right_hand,91,5,inferred_from_protocol,True,,test,run_holdout,-1
s06,s06_right_hand_092,right_hand,92,5,inferred_from_protocol,True,,test,run_holdout,-1
s06,s06_right_hand_093,right_hand,93,5,inferred_from_protocol,True,,test,run_holdout,-1
s06,s06_right_hand_094,right_hand,94,5,inferred_from_protocol,True,,test,run_holdout,-1
s06,s06_right_hand_095,right_hand,95,5,inferred_from_protocol,True,,test,run_holdout,-1
s06,s06_right_hand_096,right_hand,96,5,inferred_from_protocol,True,,test,run_holdout,-1
s06,s06_right_hand_097,right_hand,97,5,inferred_from_protocol,True,,test,run_holdout,-1
s06,s06_right_hand_098,right_hand,98,5,inferred_from_protocol,True,,test,run_holdout,-1
s06,s06_right_hand_099,right_hand,99,5,inferred_from_protocol,True,,test,run_holdout,-1
s07,s07_left_hand_000,left_hand,0,1,inferred_from_protocol,True,,train,run_holdout,-1
s07,s07_left_hand_001,left_hand,1,1,inferred_from_protocol,True,,train,run_holdout,-1
s07,s07_left_hand_002,left_hand,2,1,inferred_from_protocol,True,,train,run_holdout,-1
s07,s07_left_hand_003,left_hand,3,1,inferred_from_protocol,True,,train,run_holdout,-1
s07,s07_left_hand_004,left_hand,4,1,inferred_from_protocol,True,,train,run_holdout,-1
s07,s07_left_hand_005,left_hand,5,1,inferred_from_protocol,True,,train,run_holdout,-1
s07,s07_left_hand_006,left_hand,6,1,inferred_from_protocol,True,,train,run_holdout,-1
s07,s07_left_hand_007,left_hand,7,1,inferred_from_protocol,True,,train,run_holdout,-1
s07,s07_left_hand_008,left_hand,8,1,inferred_from_protocol,True,,train,run_holdout,-1
s07,s07_left_hand_009,left_hand,9,1,inferred_from_protocol,True,,train,run_holdout,-1
s07,s07_left_hand_010,left_hand,10,1,inferred_from_protocol,True,,train,run_holdout,-1
s07,s07_left_hand_011,left_hand,11,1,inferred_from_protocol,True,,train,run_holdout,-1
s07,s07_left_hand_012,left_hand,12,1,inferred_from_protocol,True,,train,run_holdout,-1
s07,s07_left_hand_013,left_hand,13,1,inferred_from_protocol,True,,train,run_holdout,-1
s07,s07_left_hand_014,left_hand,14,1,inferred_from_protocol,True,,train,run_holdout,-1
s07,s07_left_hand_015,left_hand,15,1,inferred_from_protocol,True,,train,run_holdout,-1
s07,s07_left_hand_016,left_hand,16,1,inferred_from_protocol,True,,train,run_holdout,-1
s07,s07_left_hand_017,left_hand,17,1,inferred_from_protocol,True,,train,run_holdout,-1
s07,s07_left_hand_018,left_hand,18,1,inferred_from_protocol,True,,train,run_holdout,-1
s07,s07_left_hand_019,left_hand,19,1,inferred_from_protocol,True,,train,run_holdout,-1
s07,s07_left_hand_020,left_hand,20,2,inferred_from_protocol,True,,train,run_holdout,-1
s07,s07_left_hand_021,left_hand,21,2,inferred_from_protocol,True,,train,run_holdout,-1
s07,s07_left_hand_022,left_hand,22,2,inferred_from_protocol,True,,train,run_holdout,-1
s07,s07_left_hand_023,left_hand,23,2,inferred_from_protocol,True,,train,run_holdout,-1
s07,s07_left_hand_024,left_hand,24,2,inferred_from_protocol,True,,train,run_holdout,-1
s07,s07_left_hand_025,left_hand,25,2,inferred_from_protocol,True,,train,run_holdout,-1
s07,s07_left_hand_026,left_hand,26,2,inferred_from_protocol,True,,train,run_holdout,-1
s07,s07_left_hand_027,left_hand,27,2,inferred_from_protocol,True,,train,run_holdout,-1
s07,s07_left_hand_028,left_hand,28,2,inferred_from_protocol,True,,train,run_holdout,-1
s07,s07_left_hand_029,left_hand,29,2,inferred_from_protocol,True,,train,run_holdout,-1
s07,s07_left_hand_030,left_hand,30,2,inferred_from_protocol,True,,train,run_holdout,-1
s07,s07_left_hand_031,left_hand,31,2,inferred_from_protocol,True,,train,run_holdout,-1
s07,s07_left_hand_032,left_hand,32,2,inferred_from_protocol,True,,train,run_holdout,-1
s07,s07_left_hand_033,left_hand,33,2,inferred_from_protocol,True,,train,run_holdout,-1
s07,s07_left_hand_034,left_hand,34,2,inferred_from_protocol,True,,train,run_holdout,-1
s07,s07_left_hand_035,left_hand,35,2,inferred_from_protocol,True,,train,run_holdout,-1
s07,s07_left_hand_036,left_hand,36,2,inferred_from_protocol,True,,train,run_holdout,-1
s07,s07_left_hand_037,left_hand,37,2,inferred_from_protocol,True,,train,run_holdout,-1
s07,s07_left_hand_038,left_hand,38,2,inferred_from_protocol,True,,train,run_holdout,-1
s07,s07_left_hand_039,left_hand,39,2,inferred_from_protocol,True,,train,run_holdout,-1
s07,s07_left_hand_040,left_hand,40,3,inferred_from_protocol,True,,train,run_holdout,-1
s07,s07_left_hand_041,left_hand,41,3,inferred_from_protocol,True,,train,run_holdout,-1
s07,s07_left_hand_042,left_hand,42,3,inferred_from_protocol,True,,train,run_holdout,-1
s07,s07_left_hand_043,left_hand,43,3,inferred_from_protocol,True,,train,run_holdout,-1
s07,s07_left_hand_044,left_hand,44,3,inferred_from_protocol,True,,train,run_holdout,-1
s07,s07_left_hand_045,left_hand,45,3,inferred_from_protocol,True,,train,run_holdout,-1
s07,s07_left_hand_046,left_hand,46,3,inferred_from_protocol,True,,train,run_holdout,-1
s07,s07_left_hand_047,left_hand,47,3,inferred_from_protocol,True,,train,run_holdout,-1
s07,s07_left_hand_048,left_hand,48,3,inferred_from_protocol,True,,train,run_holdout,-1
s07,s07_left_hand_049,left_hand,49,3,inferred_from_protocol,True,,train,run_holdout,-1
s07,s07_left_hand_050,left_hand,50,3,inferred_from_protocol,True,,train,run_holdout,-1
s07,s07_left_hand_051,left_hand,51,3,inferred_from_protocol,True,,train,run_holdout,-1
s07,s07_left_hand_052,left_hand,52,3,inferred_from_protocol,True,,train,run_holdout,-1
s07,s07_left_hand_053,left_hand,53,3,inferred_from_protocol,True,,train,run_holdout,-1
s07,s07_left_hand_054,left_hand,54,3,inferred_from_protocol,True,,train,run_holdout,-1
s07,s07_left_hand_055,left_hand,55,3,inferred_from_protocol,True,,train,run_holdout,-1
s07,s07_left_hand_056,left_hand,56,3,inferred_from_protocol,True,,train,run_holdout,-1
s07,s07_left_hand_057,left_hand,57,3,inferred_from_protocol,True,,train,run_holdout,-1
s07,s07_left_hand_058,left_hand,58,3,inferred_from_protocol,True,,train,run_holdout,-1
s07,s07_left_hand_059,left_hand,59,3,inferred_from_protocol,True,,train,run_holdout,-1
s07,s07_left_hand_060,left_hand,60,4,inferred_from_protocol,True,,train,run_holdout,-1
s07,s07_left_hand_061,left_hand,61,4,inferred_from_protocol,True,,train,run_holdout,-1
s07,s07_left_hand_062,left_hand,62,4,inferred_from_protocol,True,,train,run_holdout,-1
s07,s07_left_hand_063,left_hand,63,4,inferred_from_protocol,True,,train,run_holdout,-1
s07,s07_left_hand_064,left_hand,64,4,inferred_from_protocol,True,,train,run_holdout,-1
s07,s07_left_hand_065,left_hand,65,4,inferred_from_protocol,True,,train,run_holdout,-1
s07,s07_left_hand_066,left_hand,66,4,inferred_from_protocol,True,,train,run_holdout,-1
s07,s07_left_hand_067,left_hand,67,4,inferred_from_protocol,True,,train,run_holdout,-1
s07,s07_left_hand_068,left_hand,68,4,inferred_from_protocol,True,,train,run_holdout,-1
s07,s07_left_hand_069,left_hand,69,4,inferred_from_protocol,True,,train,run_holdout,-1
s07,s07_left_hand_070,left_hand,70,4,inferred_from_protocol,True,,train,run_holdout,-1
s07,s07_left_hand_071,left_hand,71,4,inferred_from_protocol,True,,train,run_holdout,-1
s07,s07_left_hand_072,left_hand,72,4,inferred_from_protocol,True,,train,run_holdout,-1
s07,s07_left_hand_073,left_hand,73,4,inferred_from_protocol,True,,train,run_holdout,-1
s07,s07_left_hand_074,left_hand,74,4,inferred_from_protocol,True,,train,run_holdout,-1
s07,s07_left_hand_075,left_hand,75,4,inferred_from_protocol,True,,train,run_holdout,-1
s07,s07_left_hand_076,left_hand,76,4,inferred_from_protocol,True,,train,run_holdout,-1
s07,s07_left_hand_077,left_hand,77,4,inferred_from_protocol,True,,train,run_holdout,-1
s07,s07_left_hand_078,left_hand,78,4,inferred_from_protocol,True,,train,run_holdout,-1
s07,s07_left_hand_079,left_hand,79,4,inferred_from_protocol,True,,train,run_holdout,-1
s07,s07_left_hand_080,left_hand,80,5,inferred_from_protocol,True,,val,run_holdout,-1
s07,s07_left_hand_081,left_hand,81,5,inferred_from_protocol,True,,val,run_holdout,-1
s07,s07_left_hand_082,left_hand,82,5,inferred_from_protocol,True,,val,run_holdout,-1
s07,s07_left_hand_083,left_hand,83,5,inferred_from_protocol,True,,val,run_holdout,-1
s07,s07_left_hand_084,left_hand,84,5,inferred_from_protocol,True,,val,run_holdout,-1
s07,s07_left_hand_085,left_hand,85,5,inferred_from_protocol,True,,val,run_holdout,-1
s07,s07_left_hand_086,left_hand,86,5,inferred_from_protocol,True,,val,run_holdout,-1
s07,s07_left_hand_087,left_hand,87,5,inferred_from_protocol,True,,val,run_holdout,-1
s07,s07_left_hand_088,left_hand,88,5,inferred_from_protocol,True,,val,run_holdout,-1
s07,s07_left_hand_089,left_hand,89,5,inferred_from_protocol,True,,val,run_holdout,-1
s07,s07_left_hand_090,left_hand,90,5,inferred_from_protocol,True,,val,run_holdout,-1
s07,s07_left_hand_091,left_hand,91,5,inferred_from_protocol,True,,val,run_holdout,-1
s07,s07_left_hand_092,left_hand,92,5,inferred_from_protocol,True,,val,run_holdout,-1
s07,s07_left_hand_093,left_hand,93,5,inferred_from_protocol,True,,val,run_holdout,-1
s07,s07_left_hand_094,left_hand,94,5,inferred_from_protocol,True,,val,run_holdout,-1
s07,s07_left_hand_095,left_hand,95,5,inferred_from_protocol,True,,val,run_holdout,-1
s07,s07_left_hand_096,left_hand,96,5,inferred_from_protocol,True,,val,run_holdout,-1
s07,s07_left_hand_097,left_hand,97,5,inferred_from_protocol,True,,val,run_holdout,-1
s07,s07_left_hand_098,left_hand,98,5,inferred_from_protocol,True,,val,run_holdout,-1
s07,s07_left_hand_099,left_hand,99,5,inferred_from_protocol,True,,val,run_holdout,-1
s07,s07_left_hand_100,left_hand,100,6,inferred_from_protocol,True,,test,run_holdout,-1
s07,s07_left_hand_101,left_hand,101,6,inferred_from_protocol,True,,test,run_holdout,-1
s07,s07_left_hand_102,left_hand,102,6,inferred_from_protocol,True,,test,run_holdout,-1
s07,s07_left_hand_103,left_hand,103,6,inferred_from_protocol,True,,test,run_holdout,-1
s07,s07_left_hand_104,left_hand,104,6,inferred_from_protocol,True,,test,run_holdout,-1
s07,s07_left_hand_105,left_hand,105,6,inferred_from_protocol,True,,test,run_holdout,-1
s07,s07_left_hand_106,left_hand,106,6,inferred_from_protocol,True,,test,run_holdout,-1
s07,s07_left_hand_107,left_hand,107,6,inferred_from_protocol,True,,test,run_holdout,-1
s07,s07_left_hand_108,left_hand,108,6,inferred_from_protocol,True,,test,run_holdout,-1
s07,s07_left_hand_109,left_hand,109,6,inferred_from_protocol,True,,test,run_holdout,-1
s07,s07_left_hand_110,left_hand,110,6,inferred_from_protocol,True,,test,run_holdout,-1
s07,s07_left_hand_111,left_hand,111,6,inferred_from_protocol,True,,test,run_holdout,-1
s07,s07_left_hand_112,left_hand,112,6,inferred_from_protocol,True,,test,run_holdout,-1
s07,s07_left_hand_113,left_hand,113,6,inferred_from_protocol,True,,test,run_holdout,-1
s07,s07_left_hand_114,left_hand,114,6,inferred_from_protocol,True,,test,run_holdout,-1
s07,s07_left_hand_115,left_hand,115,6,inferred_from_protocol,True,,test,run_holdout,-1
s07,s07_left_hand_116,left_hand,116,6,inferred_from_protocol,True,,test,run_holdout,-1
s07,s07_left_hand_117,left_hand,117,6,inferred_from_protocol,True,,test,run_holdout,-1
s07,s07_left_hand_118,left_hand,118,6,inferred_from_protocol,False,amplitude,test,run_holdout,-1
s07,s07_left_hand_119,left_hand,119,6,inferred_from_protocol,True,,test,run_holdout,-1
s07,s07_right_hand_000,right_hand,0,1,inferred_from_protocol,True,,train,run_holdout,-1
s07,s07_right_hand_001,right_hand,1,1,inferred_from_protocol,True,,train,run_holdout,-1
s07,s07_right_hand_002,right_hand,2,1,inferred_from_protocol,True,,train,run_holdout,-1
s07,s07_right_hand_003,right_hand,3,1,inferred_from_protocol,True,,train,run_holdout,-1
s07,s07_right_hand_004,right_hand,4,1,inferred_from_protocol,True,,train,run_holdout,-1
s07,s07_right_hand_005,right_hand,5,1,inferred_from_protocol,True,,train,run_holdout,-1
s07,s07_right_hand_006,right_hand,6,1,inferred_from_protocol,True,,train,run_holdout,-1
s07,s07_right_hand_007,right_hand,7,1,inferred_from_protocol,True,,train,run_holdout,-1
s07,s07_right_hand_008,right_hand,8,1,inferred_from_protocol,True,,train,run_holdout,-1
s07,s07_right_hand_009,right_hand,9,1,inferred_from_protocol,True,,train,run_holdout,-1
s07,s07_right_hand_010,right_hand,10,1,inferred_from_protocol,True,,train,run_holdout,-1
s07,s07_right_hand_011,right_hand,11,1,inferred_from_protocol,True,,train,run_holdout,-1
s07,s07_right_hand_012,right_hand,12,1,inferred_from_protocol,True,,train,run_holdout,-1
s07,s07_right_hand_013,right_hand,13,1,inferred_from_protocol,True,,train,run_holdout,-1
s07,s07_right_hand_014,right_hand,14,1,inferred_from_protocol,True,,train,run_holdout,-1
s07,s07_right_hand_015,right_hand,15,1,inferred_from_protocol,True,,train,run_holdout,-1
s07,s07_right_hand_016,right_hand,16,1,inferred_from_protocol,True,,train,run_holdout,-1
s07,s07_right_hand_017,right_hand,17,1,inferred_from_protocol,True,,train,run_holdout,-1
s07,s07_right_hand_018,right_hand,18,1,inferred_from_protocol,True,,train,run_holdout,-1
s07,s07_right_hand_019,right_hand,19,1,inferred_from_protocol,True,,train,run_holdout,-1
s07,s07_right_hand_020,right_hand,20,2,inferred_from_protocol,True,,train,run_holdout,-1
s07,s07_right_hand_021,right_hand,21,2,inferred_from_protocol,True,,train,run_holdout,-1
s07,s07_right_hand_022,right_hand,22,2,inferred_from_protocol,True,,train,run_holdout,-1
s07,s07_right_hand_023,right_hand,23,2,inferred_from_protocol,True,,train,run_holdout,-1
s07,s07_right_hand_024,right_hand,24,2,inferred_from_protocol,True,,train,run_holdout,-1
s07,s07_right_hand_025,right_hand,25,2,inferred_from_protocol,True,,train,run_holdout,-1
s07,s07_right_hand_026,right_hand,26,2,inferred_from_protocol,True,,train,run_holdout,-1
s07,s07_right_hand_027,right_hand,27,2,inferred_from_protocol,True,,train,run_holdout,-1
s07,s07_right_hand_028,right_hand,28,2,inferred_from_protocol,True,,train,run_holdout,-1
s07,s07_right_hand_029,right_hand,29,2,inferred_from_protocol,True,,train,run_holdout,-1
s07,s07_right_hand_030,right_hand,30,2,inferred_from_protocol,True,,train,run_holdout,-1
s07,s07_right_hand_031,right_hand,31,2,inferred_from_protocol,True,,train,run_holdout,-1
s07,s07_right_hand_032,right_hand,32,2,inferred_from_protocol,True,,train,run_holdout,-1
s07,s07_right_hand_033,right_hand,33,2,inferred_from_protocol,True,,train,run_holdout,-1
s07,s07_right_hand_034,right_hand,34,2,inferred_from_protocol,True,,train,run_holdout,-1
s07,s07_right_hand_035,right_hand,35,2,inferred_from_protocol,True,,train,run_holdout,-1
s07,s07_right_hand_036,right_hand,36,2,inferred_from_protocol,True,,train,run_holdout,-1
s07,s07_right_hand_037,right_hand,37,2,inferred_from_protocol,True,,train,run_holdout,-1
s07,s07_right_hand_038,right_hand,38,2,inferred_from_protocol,True,,train,run_holdout,-1
s07,s07_right_hand_039,right_hand,39,2,inferred_from_protocol,True,,train,run_holdout,-1
s07,s07_right_hand_040,right_hand,40,3,inferred_from_protocol,True,,train,run_holdout,-1
s07,s07_right_hand_041,right_hand,41,3,inferred_from_protocol,True,,train,run_holdout,-1
s07,s07_right_hand_042,right_hand,42,3,inferred_from_protocol,True,,train,run_holdout,-1
s07,s07_right_hand_043,right_hand,43,3,inferred_from_protocol,True,,train,run_holdout,-1
s07,s07_right_hand_044,right_hand,44,3,inferred_from_protocol,True,,train,run_holdout,-1
s07,s07_right_hand_045,right_hand,45,3,inferred_from_protocol,True,,train,run_holdout,-1
s07,s07_right_hand_046,right_hand,46,3,inferred_from_protocol,True,,train,run_holdout,-1
s07,s07_right_hand_047,right_hand,47,3,inferred_from_protocol,True,,train,run_holdout,-1
s07,s07_right_hand_048,right_hand,48,3,inferred_from_protocol,True,,train,run_holdout,-1
s07,s07_right_hand_049,right_hand,49,3,inferred_from_protocol,True,,train,run_holdout,-1
s07,s07_right_hand_050,right_hand,50,3,inferred_from_protocol,True,,train,run_holdout,-1
s07,s07_right_hand_051,right_hand,51,3,inferred_from_protocol,True,,train,run_holdout,-1
s07,s07_right_hand_052,right_hand,52,3,inferred_from_protocol,True,,train,run_holdout,-1
s07,s07_right_hand_053,right_hand,53,3,inferred_from_protocol,True,,train,run_holdout,-1
s07,s07_right_hand_054,right_hand,54,3,inferred_from_protocol,True,,train,run_holdout,-1
s07,s07_right_hand_055,right_hand,55,3,inferred_from_protocol,True,,train,run_holdout,-1
s07,s07_right_hand_056,right_hand,56,3,inferred_from_protocol,True,,train,run_holdout,-1
s07,s07_right_hand_057,right_hand,57,3,inferred_from_protocol,True,,train,run_holdout,-1
s07,s07_right_hand_058,right_hand,58,3,inferred_from_protocol,True,,train,run_holdout,-1
s07,s07_right_hand_059,right_hand,59,3,inferred_from_protocol,True,,train,run_holdout,-1
s07,s07_right_hand_060,right_hand,60,4,inferred_from_protocol,True,,train,run_holdout,-1
s07,s07_right_hand_061,right_hand,61,4,inferred_from_protocol,True,,train,run_holdout,-1
s07,s07_right_hand_062,right_hand,62,4,inferred_from_protocol,True,,train,run_holdout,-1
s07,s07_right_hand_063,right_hand,63,4,inferred_from_protocol,True,,train,run_holdout,-1
s07,s07_right_hand_064,right_hand,64,4,inferred_from_protocol,True,,train,run_holdout,-1
s07,s07_right_hand_065,right_hand,65,4,inferred_from_protocol,True,,train,run_holdout,-1
s07,s07_right_hand_066,right_hand,66,4,inferred_from_protocol,True,,train,run_holdout,-1
s07,s07_right_hand_067,right_hand,67,4,inferred_from_protocol,True,,train,run_holdout,-1
s07,s07_right_hand_068,right_hand,68,4,inferred_from_protocol,True,,train,run_holdout,-1
s07,s07_right_hand_069,right_hand,69,4,inferred_from_protocol,True,,train,run_holdout,-1
s07,s07_right_hand_070,right_hand,70,4,inferred_from_protocol,True,,train,run_holdout,-1
s07,s07_right_hand_071,right_hand,71,4,inferred_from_protocol,True,,train,run_holdout,-1
s07,s07_right_hand_072,right_hand,72,4,inferred_from_protocol,True,,train,run_holdout,-1
s07,s07_right_hand_073,right_hand,73,4,inferred_from_protocol,True,,train,run_holdout,-1
s07,s07_right_hand_074,right_hand,74,4,inferred_from_protocol,True,,train,run_holdout,-1
s07,s07_right_hand_075,right_hand,75,4,inferred_from_protocol,True,,train,run_holdout,-1
s07,s07_right_hand_076,right_hand,76,4,inferred_from_protocol,True,,train,run_holdout,-1
s07,s07_right_hand_077,right_hand,77,4,inferred_from_protocol,True,,train,run_holdout,-1
s07,s07_right_hand_078,right_hand,78,4,inferred_from_protocol,True,,train,run_holdout,-1
s07,s07_right_hand_079,right_hand,79,4,inferred_from_protocol,True,,train,run_holdout,-1
s07,s07_right_hand_080,right_hand,80,5,inferred_from_protocol,True,,val,run_holdout,-1
s07,s07_right_hand_081,right_hand,81,5,inferred_from_protocol,True,,val,run_holdout,-1
s07,s07_right_hand_082,right_hand,82,5,inferred_from_protocol,True,,val,run_holdout,-1
s07,s07_right_hand_083,right_hand,83,5,inferred_from_protocol,True,,val,run_holdout,-1
s07,s07_right_hand_084,right_hand,84,5,inferred_from_protocol,True,,val,run_holdout,-1
s07,s07_right_hand_085,right_hand,85,5,inferred_from_protocol,True,,val,run_holdout,-1
s07,s07_right_hand_086,right_hand,86,5,inferred_from_protocol,True,,val,run_holdout,-1
s07,s07_right_hand_087,right_hand,87,5,inferred_from_protocol,True,,val,run_holdout,-1
s07,s07_right_hand_088,right_hand,88,5,inferred_from_protocol,True,,val,run_holdout,-1
s07,s07_right_hand_089,right_hand,89,5,inferred_from_protocol,True,,val,run_holdout,-1
s07,s07_right_hand_090,right_hand,90,5,inferred_from_protocol,True,,val,run_holdout,-1
s07,s07_right_hand_091,right_hand,91,5,inferred_from_protocol,True,,val,run_holdout,-1
s07,s07_right_hand_092,right_hand,92,5,inferred_from_protocol,True,,val,run_holdout,-1
s07,s07_right_hand_093,right_hand,93,5,inferred_from_protocol,True,,val,run_holdout,-1
s07,s07_right_hand_094,right_hand,94,5,inferred_from_protocol,True,,val,run_holdout,-1
s07,s07_right_hand_095,right_hand,95,5,inferred_from_protocol,True,,val,run_holdout,-1
s07,s07_right_hand_096,right_hand,96,5,inferred_from_protocol,True,,val,run_holdout,-1
s07,s07_right_hand_097,right_hand,97,5,inferred_from_protocol,True,,val,run_holdout,-1
s07,s07_right_hand_098,right_hand,98,5,inferred_from_protocol,True,,val,run_holdout,-1
s07,s07_right_hand_099,right_hand,99,5,inferred_from_protocol,True,,val,run_holdout,-1
s07,s07_right_hand_100,right_hand,100,6,inferred_from_protocol,True,,test,run_holdout,-1
s07,s07_right_hand_101,right_hand,101,6,inferred_from_protocol,True,,test,run_holdout,-1
s07,s07_right_hand_102,right_hand,102,6,inferred_from_protocol,True,,test,run_holdout,-1
s07,s07_right_hand_103,right_hand,103,6,inferred_from_protocol,True,,test,run_holdout,-1
s07,s07_right_hand_104,right_hand,104,6,inferred_from_protocol,True,,test,run_holdout,-1
s07,s07_right_hand_105,right_hand,105,6,inferred_from_protocol,True,,test,run_holdout,-1
s07,s07_right_hand_106,right_hand,106,6,inferred_from_protocol,True,,test,run_holdout,-1
s07,s07_right_hand_107,right_hand,107,6,inferred_from_protocol,True,,test,run_holdout,-1
s07,s07_right_hand_108,right_hand,108,6,inferred_from_protocol,True,,test,run_holdout,-1
s07,s07_right_hand_109,right_hand,109,6,inferred_from_protocol,True,,test,run_holdout,-1
s07,s07_right_hand_110,right_hand,110,6,inferred_from_protocol,True,,test,run_holdout,-1
s07,s07_right_hand_111,right_hand,111,6,inferred_from_protocol,True,,test,run_holdout,-1
s07,s07_right_hand_112,right_hand,112,6,inferred_from_protocol,True,,test,run_holdout,-1
s07,s07_right_hand_113,right_hand,113,6,inferred_from_protocol,True,,test,run_holdout,-1
s07,s07_right_hand_114,right_hand,114,6,inferred_from_protocol,True,,test,run_holdout,-1
s07,s07_right_hand_115,right_hand,115,6,inferred_from_protocol,True,,test,run_holdout,-1
s07,s07_right_hand_116,right_hand,116,6,inferred_from_protocol,True,,test,run_holdout,-1
s07,s07_right_hand_117,right_hand,117,6,inferred_from_protocol,True,,test,run_holdout,-1
s07,s07_right_hand_118,right_hand,118,6,inferred_from_protocol,True,,test,run_holdout,-1
s07,s07_right_hand_119,right_hand,119,6,inferred_from_protocol,True,,test,run_holdout,-1
s08,s08_left_hand_000,left_hand,0,1,inferred_from_protocol,True,,train,run_holdout,-1
s08,s08_left_hand_001,left_hand,1,1,inferred_from_protocol,True,,train,run_holdout,-1
s08,s08_left_hand_002,left_hand,2,1,inferred_from_protocol,True,,train,run_holdout,-1
s08,s08_left_hand_003,left_hand,3,1,inferred_from_protocol,True,,train,run_holdout,-1
s08,s08_left_hand_004,left_hand,4,1,inferred_from_protocol,True,,train,run_holdout,-1
s08,s08_left_hand_005,left_hand,5,1,inferred_from_protocol,True,,train,run_holdout,-1
s08,s08_left_hand_006,left_hand,6,1,inferred_from_protocol,True,,train,run_holdout,-1
s08,s08_left_hand_007,left_hand,7,1,inferred_from_protocol,True,,train,run_holdout,-1
s08,s08_left_hand_008,left_hand,8,1,inferred_from_protocol,True,,train,run_holdout,-1
s08,s08_left_hand_009,left_hand,9,1,inferred_from_protocol,True,,train,run_holdout,-1
s08,s08_left_hand_010,left_hand,10,1,inferred_from_protocol,True,,train,run_holdout,-1
s08,s08_left_hand_011,left_hand,11,1,inferred_from_protocol,True,,train,run_holdout,-1
s08,s08_left_hand_012,left_hand,12,1,inferred_from_protocol,True,,train,run_holdout,-1
s08,s08_left_hand_013,left_hand,13,1,inferred_from_protocol,True,,train,run_holdout,-1
s08,s08_left_hand_014,left_hand,14,1,inferred_from_protocol,True,,train,run_holdout,-1
s08,s08_left_hand_015,left_hand,15,1,inferred_from_protocol,True,,train,run_holdout,-1
s08,s08_left_hand_016,left_hand,16,1,inferred_from_protocol,True,,train,run_holdout,-1
s08,s08_left_hand_017,left_hand,17,1,inferred_from_protocol,True,,train,run_holdout,-1
s08,s08_left_hand_018,left_hand,18,1,inferred_from_protocol,True,,train,run_holdout,-1
s08,s08_left_hand_019,left_hand,19,1,inferred_from_protocol,True,,train,run_holdout,-1
s08,s08_left_hand_020,left_hand,20,2,inferred_from_protocol,True,,train,run_holdout,-1
s08,s08_left_hand_021,left_hand,21,2,inferred_from_protocol,True,,train,run_holdout,-1
s08,s08_left_hand_022,left_hand,22,2,inferred_from_protocol,True,,train,run_holdout,-1
s08,s08_left_hand_023,left_hand,23,2,inferred_from_protocol,True,,train,run_holdout,-1
s08,s08_left_hand_024,left_hand,24,2,inferred_from_protocol,True,,train,run_holdout,-1
s08,s08_left_hand_025,left_hand,25,2,inferred_from_protocol,True,,train,run_holdout,-1
s08,s08_left_hand_026,left_hand,26,2,inferred_from_protocol,True,,train,run_holdout,-1
s08,s08_left_hand_027,left_hand,27,2,inferred_from_protocol,True,,train,run_holdout,-1
s08,s08_left_hand_028,left_hand,28,2,inferred_from_protocol,True,,train,run_holdout,-1
s08,s08_left_hand_029,left_hand,29,2,inferred_from_protocol,True,,train,run_holdout,-1
s08,s08_left_hand_030,left_hand,30,2,inferred_from_protocol,True,,train,run_holdout,-1
s08,s08_left_hand_031,left_hand,31,2,inferred_from_protocol,True,,train,run_holdout,-1
s08,s08_left_hand_032,left_hand,32,2,inferred_from_protocol,True,,train,run_holdout,-1
s08,s08_left_hand_033,left_hand,33,2,inferred_from_protocol,True,,train,run_holdout,-1
s08,s08_left_hand_034,left_hand,34,2,inferred_from_protocol,True,,train,run_holdout,-1
s08,s08_left_hand_035,left_hand,35,2,inferred_from_protocol,True,,train,run_holdout,-1
s08,s08_left_hand_036,left_hand,36,2,inferred_from_protocol,True,,train,run_holdout,-1
s08,s08_left_hand_037,left_hand,37,2,inferred_from_protocol,True,,train,run_holdout,-1
s08,s08_left_hand_038,left_hand,38,2,inferred_from_protocol,True,,train,run_holdout,-1
s08,s08_left_hand_039,left_hand,39,2,inferred_from_protocol,True,,train,run_holdout,-1
s08,s08_left_hand_040,left_hand,40,3,inferred_from_protocol,True,,train,run_holdout,-1
s08,s08_left_hand_041,left_hand,41,3,inferred_from_protocol,True,,train,run_holdout,-1
s08,s08_left_hand_042,left_hand,42,3,inferred_from_protocol,True,,train,run_holdout,-1
s08,s08_left_hand_043,left_hand,43,3,inferred_from_protocol,True,,train,run_holdout,-1
s08,s08_left_hand_044,left_hand,44,3,inferred_from_protocol,True,,train,run_holdout,-1
s08,s08_left_hand_045,left_hand,45,3,inferred_from_protocol,True,,train,run_holdout,-1
s08,s08_left_hand_046,left_hand,46,3,inferred_from_protocol,True,,train,run_holdout,-1
s08,s08_left_hand_047,left_hand,47,3,inferred_from_protocol,False,emg_correlation,train,run_holdout,-1
s08,s08_left_hand_048,left_hand,48,3,inferred_from_protocol,True,,train,run_holdout,-1
s08,s08_left_hand_049,left_hand,49,3,inferred_from_protocol,True,,train,run_holdout,-1
s08,s08_left_hand_050,left_hand,50,3,inferred_from_protocol,True,,train,run_holdout,-1
s08,s08_left_hand_051,left_hand,51,3,inferred_from_protocol,False,emg_correlation,train,run_holdout,-1
s08,s08_left_hand_052,left_hand,52,3,inferred_from_protocol,True,,train,run_holdout,-1
s08,s08_left_hand_053,left_hand,53,3,inferred_from_protocol,True,,train,run_holdout,-1
s08,s08_left_hand_054,left_hand,54,3,inferred_from_protocol,True,,train,run_holdout,-1
s08,s08_left_hand_055,left_hand,55,3,inferred_from_protocol,True,,train,run_holdout,-1
s08,s08_left_hand_056,left_hand,56,3,inferred_from_protocol,True,,train,run_holdout,-1
s08,s08_left_hand_057,left_hand,57,3,inferred_from_protocol,True,,train,run_holdout,-1
s08,s08_left_hand_058,left_hand,58,3,inferred_from_protocol,True,,train,run_holdout,-1
s08,s08_left_hand_059,left_hand,59,3,inferred_from_protocol,True,,train,run_holdout,-1
s08,s08_left_hand_060,left_hand,60,4,inferred_from_protocol,True,,val,run_holdout,-1
s08,s08_left_hand_061,left_hand,61,4,inferred_from_protocol,True,,val,run_holdout,-1
s08,s08_left_hand_062,left_hand,62,4,inferred_from_protocol,True,,val,run_holdout,-1
s08,s08_left_hand_063,left_hand,63,4,inferred_from_protocol,True,,val,run_holdout,-1
s08,s08_left_hand_064,left_hand,64,4,inferred_from_protocol,True,,val,run_holdout,-1
s08,s08_left_hand_065,left_hand,65,4,inferred_from_protocol,True,,val,run_holdout,-1
s08,s08_left_hand_066,left_hand,66,4,inferred_from_protocol,True,,val,run_holdout,-1
s08,s08_left_hand_067,left_hand,67,4,inferred_from_protocol,True,,val,run_holdout,-1
s08,s08_left_hand_068,left_hand,68,4,inferred_from_protocol,True,,val,run_holdout,-1
s08,s08_left_hand_069,left_hand,69,4,inferred_from_protocol,True,,val,run_holdout,-1
s08,s08_left_hand_070,left_hand,70,4,inferred_from_protocol,True,,val,run_holdout,-1
s08,s08_left_hand_071,left_hand,71,4,inferred_from_protocol,True,,val,run_holdout,-1
s08,s08_left_hand_072,left_hand,72,4,inferred_from_protocol,True,,val,run_holdout,-1
s08,s08_left_hand_073,left_hand,73,4,inferred_from_protocol,True,,val,run_holdout,-1
s08,s08_left_hand_074,left_hand,74,4,inferred_from_protocol,True,,val,run_holdout,-1
s08,s08_left_hand_075,left_hand,75,4,inferred_from_protocol,True,,val,run_holdout,-1
s08,s08_left_hand_076,left_hand,76,4,inferred_from_protocol,True,,val,run_holdout,-1
s08,s08_left_hand_077,left_hand,77,4,inferred_from_protocol,True,,val,run_holdout,-1
s08,s08_left_hand_078,left_hand,78,4,inferred_from_protocol,True,,val,run_holdout,-1
s08,s08_left_hand_079,left_hand,79,4,inferred_from_protocol,True,,val,run_holdout,-1
s08,s08_left_hand_080,left_hand,80,5,inferred_from_protocol,True,,test,run_holdout,-1
s08,s08_left_hand_081,left_hand,81,5,inferred_from_protocol,True,,test,run_holdout,-1
s08,s08_left_hand_082,left_hand,82,5,inferred_from_protocol,True,,test,run_holdout,-1
s08,s08_left_hand_083,left_hand,83,5,inferred_from_protocol,True,,test,run_holdout,-1
s08,s08_left_hand_084,left_hand,84,5,inferred_from_protocol,True,,test,run_holdout,-1
s08,s08_left_hand_085,left_hand,85,5,inferred_from_protocol,True,,test,run_holdout,-1
s08,s08_left_hand_086,left_hand,86,5,inferred_from_protocol,True,,test,run_holdout,-1
s08,s08_left_hand_087,left_hand,87,5,inferred_from_protocol,True,,test,run_holdout,-1
s08,s08_left_hand_088,left_hand,88,5,inferred_from_protocol,True,,test,run_holdout,-1
s08,s08_left_hand_089,left_hand,89,5,inferred_from_protocol,True,,test,run_holdout,-1
s08,s08_left_hand_090,left_hand,90,5,inferred_from_protocol,True,,test,run_holdout,-1
s08,s08_left_hand_091,left_hand,91,5,inferred_from_protocol,True,,test,run_holdout,-1
s08,s08_left_hand_092,left_hand,92,5,inferred_from_protocol,True,,test,run_holdout,-1
s08,s08_left_hand_093,left_hand,93,5,inferred_from_protocol,True,,test,run_holdout,-1
s08,s08_left_hand_094,left_hand,94,5,inferred_from_protocol,True,,test,run_holdout,-1
s08,s08_left_hand_095,left_hand,95,5,inferred_from_protocol,True,,test,run_holdout,-1
s08,s08_left_hand_096,left_hand,96,5,inferred_from_protocol,True,,test,run_holdout,-1
s08,s08_left_hand_097,left_hand,97,5,inferred_from_protocol,True,,test,run_holdout,-1
s08,s08_left_hand_098,left_hand,98,5,inferred_from_protocol,True,,test,run_holdout,-1
s08,s08_left_hand_099,left_hand,99,5,inferred_from_protocol,True,,test,run_holdout,-1
s08,s08_right_hand_000,right_hand,0,1,inferred_from_protocol,True,,train,run_holdout,-1
s08,s08_right_hand_001,right_hand,1,1,inferred_from_protocol,True,,train,run_holdout,-1
s08,s08_right_hand_002,right_hand,2,1,inferred_from_protocol,True,,train,run_holdout,-1
s08,s08_right_hand_003,right_hand,3,1,inferred_from_protocol,True,,train,run_holdout,-1
s08,s08_right_hand_004,right_hand,4,1,inferred_from_protocol,True,,train,run_holdout,-1
s08,s08_right_hand_005,right_hand,5,1,inferred_from_protocol,True,,train,run_holdout,-1
s08,s08_right_hand_006,right_hand,6,1,inferred_from_protocol,True,,train,run_holdout,-1
s08,s08_right_hand_007,right_hand,7,1,inferred_from_protocol,True,,train,run_holdout,-1
s08,s08_right_hand_008,right_hand,8,1,inferred_from_protocol,True,,train,run_holdout,-1
s08,s08_right_hand_009,right_hand,9,1,inferred_from_protocol,True,,train,run_holdout,-1
s08,s08_right_hand_010,right_hand,10,1,inferred_from_protocol,True,,train,run_holdout,-1
s08,s08_right_hand_011,right_hand,11,1,inferred_from_protocol,True,,train,run_holdout,-1
s08,s08_right_hand_012,right_hand,12,1,inferred_from_protocol,True,,train,run_holdout,-1
s08,s08_right_hand_013,right_hand,13,1,inferred_from_protocol,True,,train,run_holdout,-1
s08,s08_right_hand_014,right_hand,14,1,inferred_from_protocol,True,,train,run_holdout,-1
s08,s08_right_hand_015,right_hand,15,1,inferred_from_protocol,True,,train,run_holdout,-1
s08,s08_right_hand_016,right_hand,16,1,inferred_from_protocol,True,,train,run_holdout,-1
s08,s08_right_hand_017,right_hand,17,1,inferred_from_protocol,True,,train,run_holdout,-1
s08,s08_right_hand_018,right_hand,18,1,inferred_from_protocol,True,,train,run_holdout,-1
s08,s08_right_hand_019,right_hand,19,1,inferred_from_protocol,True,,train,run_holdout,-1
s08,s08_right_hand_020,right_hand,20,2,inferred_from_protocol,True,,train,run_holdout,-1
s08,s08_right_hand_021,right_hand,21,2,inferred_from_protocol,True,,train,run_holdout,-1
s08,s08_right_hand_022,right_hand,22,2,inferred_from_protocol,True,,train,run_holdout,-1
s08,s08_right_hand_023,right_hand,23,2,inferred_from_protocol,True,,train,run_holdout,-1
s08,s08_right_hand_024,right_hand,24,2,inferred_from_protocol,True,,train,run_holdout,-1
s08,s08_right_hand_025,right_hand,25,2,inferred_from_protocol,True,,train,run_holdout,-1
s08,s08_right_hand_026,right_hand,26,2,inferred_from_protocol,True,,train,run_holdout,-1
s08,s08_right_hand_027,right_hand,27,2,inferred_from_protocol,True,,train,run_holdout,-1
s08,s08_right_hand_028,right_hand,28,2,inferred_from_protocol,True,,train,run_holdout,-1
s08,s08_right_hand_029,right_hand,29,2,inferred_from_protocol,True,,train,run_holdout,-1
s08,s08_right_hand_030,right_hand,30,2,inferred_from_protocol,True,,train,run_holdout,-1
s08,s08_right_hand_031,right_hand,31,2,inferred_from_protocol,True,,train,run_holdout,-1
s08,s08_right_hand_032,right_hand,32,2,inferred_from_protocol,True,,train,run_holdout,-1
s08,s08_right_hand_033,right_hand,33,2,inferred_from_protocol,True,,train,run_holdout,-1
s08,s08_right_hand_034,right_hand,34,2,inferred_from_protocol,True,,train,run_holdout,-1
s08,s08_right_hand_035,right_hand,35,2,inferred_from_protocol,True,,train,run_holdout,-1
s08,s08_right_hand_036,right_hand,36,2,inferred_from_protocol,True,,train,run_holdout,-1
s08,s08_right_hand_037,right_hand,37,2,inferred_from_protocol,True,,train,run_holdout,-1
s08,s08_right_hand_038,right_hand,38,2,inferred_from_protocol,True,,train,run_holdout,-1
s08,s08_right_hand_039,right_hand,39,2,inferred_from_protocol,True,,train,run_holdout,-1
s08,s08_right_hand_040,right_hand,40,3,inferred_from_protocol,True,,train,run_holdout,-1
s08,s08_right_hand_041,right_hand,41,3,inferred_from_protocol,True,,train,run_holdout,-1
s08,s08_right_hand_042,right_hand,42,3,inferred_from_protocol,True,,train,run_holdout,-1
s08,s08_right_hand_043,right_hand,43,3,inferred_from_protocol,True,,train,run_holdout,-1
s08,s08_right_hand_044,right_hand,44,3,inferred_from_protocol,True,,train,run_holdout,-1
s08,s08_right_hand_045,right_hand,45,3,inferred_from_protocol,True,,train,run_holdout,-1
s08,s08_right_hand_046,right_hand,46,3,inferred_from_protocol,True,,train,run_holdout,-1
s08,s08_right_hand_047,right_hand,47,3,inferred_from_protocol,True,,train,run_holdout,-1
s08,s08_right_hand_048,right_hand,48,3,inferred_from_protocol,True,,train,run_holdout,-1
s08,s08_right_hand_049,right_hand,49,3,inferred_from_protocol,True,,train,run_holdout,-1
s08,s08_right_hand_050,right_hand,50,3,inferred_from_protocol,True,,train,run_holdout,-1
s08,s08_right_hand_051,right_hand,51,3,inferred_from_protocol,True,,train,run_holdout,-1
s08,s08_right_hand_052,right_hand,52,3,inferred_from_protocol,True,,train,run_holdout,-1
s08,s08_right_hand_053,right_hand,53,3,inferred_from_protocol,True,,train,run_holdout,-1
s08,s08_right_hand_054,right_hand,54,3,inferred_from_protocol,True,,train,run_holdout,-1
s08,s08_right_hand_055,right_hand,55,3,inferred_from_protocol,True,,train,run_holdout,-1
s08,s08_right_hand_056,right_hand,56,3,inferred_from_protocol,True,,train,run_holdout,-1
s08,s08_right_hand_057,right_hand,57,3,inferred_from_protocol,True,,train,run_holdout,-1
s08,s08_right_hand_058,right_hand,58,3,inferred_from_protocol,True,,train,run_holdout,-1
s08,s08_right_hand_059,right_hand,59,3,inferred_from_protocol,True,,train,run_holdout,-1
s08,s08_right_hand_060,right_hand,60,4,inferred_from_protocol,True,,val,run_holdout,-1
s08,s08_right_hand_061,right_hand,61,4,inferred_from_protocol,True,,val,run_holdout,-1
s08,s08_right_hand_062,right_hand,62,4,inferred_from_protocol,True,,val,run_holdout,-1
s08,s08_right_hand_063,right_hand,63,4,inferred_from_protocol,True,,val,run_holdout,-1
s08,s08_right_hand_064,right_hand,64,4,inferred_from_protocol,True,,val,run_holdout,-1
s08,s08_right_hand_065,right_hand,65,4,inferred_from_protocol,True,,val,run_holdout,-1
s08,s08_right_hand_066,right_hand,66,4,inferred_from_protocol,True,,val,run_holdout,-1
s08,s08_right_hand_067,right_hand,67,4,inferred_from_protocol,True,,val,run_holdout,-1
s08,s08_right_hand_068,right_hand,68,4,inferred_from_protocol,True,,val,run_holdout,-1
s08,s08_right_hand_069,right_hand,69,4,inferred_from_protocol,True,,val,run_holdout,-1
s08,s08_right_hand_070,right_hand,70,4,inferred_from_protocol,True,,val,run_holdout,-1
s08,s08_right_hand_071,right_hand,71,4,inferred_from_protocol,True,,val,run_holdout,-1
s08,s08_right_hand_072,right_hand,72,4,inferred_from_protocol,True,,val,run_holdout,-1
s08,s08_right_hand_073,right_hand,73,4,inferred_from_protocol,True,,val,run_holdout,-1
s08,s08_right_hand_074,right_hand,74,4,inferred_from_protocol,True,,val,run_holdout,-1
s08,s08_right_hand_075,right_hand,75,4,inferred_from_protocol,True,,val,run_holdout,-1
s08,s08_right_hand_076,right_hand,76,4,inferred_from_protocol,True,,val,run_holdout,-1
s08,s08_right_hand_077,right_hand,77,4,inferred_from_protocol,True,,val,run_holdout,-1
s08,s08_right_hand_078,right_hand,78,4,inferred_from_protocol,True,,val,run_holdout,-1
s08,s08_right_hand_079,right_hand,79,4,inferred_from_protocol,True,,val,run_holdout,-1
s08,s08_right_hand_080,right_hand,80,5,inferred_from_protocol,True,,test,run_holdout,-1
s08,s08_right_hand_081,right_hand,81,5,inferred_from_protocol,True,,test,run_holdout,-1
s08,s08_right_hand_082,right_hand,82,5,inferred_from_protocol,True,,test,run_holdout,-1
s08,s08_right_hand_083,right_hand,83,5,inferred_from_protocol,True,,test,run_holdout,-1
s08,s08_right_hand_084,right_hand,84,5,inferred_from_protocol,True,,test,run_holdout,-1
s08,s08_right_hand_085,right_hand,85,5,inferred_from_protocol,True,,test,run_holdout,-1
s08,s08_right_hand_086,right_hand,86,5,inferred_from_protocol,True,,test,run_holdout,-1
s08,s08_right_hand_087,right_hand,87,5,inferred_from_protocol,True,,test,run_holdout,-1
s08,s08_right_hand_088,right_hand,88,5,inferred_from_protocol,True,,test,run_holdout,-1
s08,s08_right_hand_089,right_hand,89,5,inferred_from_protocol,True,,test,run_holdout,-1
s08,s08_right_hand_090,right_hand,90,5,inferred_from_protocol,True,,test,run_holdout,-1
s08,s08_right_hand_091,right_hand,91,5,inferred_from_protocol,True,,test,run_holdout,-1
s08,s08_right_hand_092,right_hand,92,5,inferred_from_protocol,True,,test,run_holdout,-1
s08,s08_right_hand_093,right_hand,93,5,inferred_from_protocol,True,,test,run_holdout,-1
s08,s08_right_hand_094,right_hand,94,5,inferred_from_protocol,True,,test,run_holdout,-1
s08,s08_right_hand_095,right_hand,95,5,inferred_from_protocol,True,,test,run_holdout,-1
s08,s08_right_hand_096,right_hand,96,5,inferred_from_protocol,True,,test,run_holdout,-1
s08,s08_right_hand_097,right_hand,97,5,inferred_from_protocol,True,,test,run_holdout,-1
s08,s08_right_hand_098,right_hand,98,5,inferred_from_protocol,True,,test,run_holdout,-1
s08,s08_right_hand_099,right_hand,99,5,inferred_from_protocol,True,,test,run_holdout,-1
s09,s09_left_hand_000,left_hand,0,1,inferred_from_protocol,True,,train,run_holdout,-1
s09,s09_left_hand_001,left_hand,1,1,inferred_from_protocol,True,,train,run_holdout,-1
s09,s09_left_hand_002,left_hand,2,1,inferred_from_protocol,True,,train,run_holdout,-1
s09,s09_left_hand_003,left_hand,3,1,inferred_from_protocol,True,,train,run_holdout,-1
s09,s09_left_hand_004,left_hand,4,1,inferred_from_protocol,True,,train,run_holdout,-1
s09,s09_left_hand_005,left_hand,5,1,inferred_from_protocol,True,,train,run_holdout,-1
s09,s09_left_hand_006,left_hand,6,1,inferred_from_protocol,True,,train,run_holdout,-1
s09,s09_left_hand_007,left_hand,7,1,inferred_from_protocol,True,,train,run_holdout,-1
s09,s09_left_hand_008,left_hand,8,1,inferred_from_protocol,True,,train,run_holdout,-1
s09,s09_left_hand_009,left_hand,9,1,inferred_from_protocol,True,,train,run_holdout,-1
s09,s09_left_hand_010,left_hand,10,1,inferred_from_protocol,True,,train,run_holdout,-1
s09,s09_left_hand_011,left_hand,11,1,inferred_from_protocol,True,,train,run_holdout,-1
s09,s09_left_hand_012,left_hand,12,1,inferred_from_protocol,True,,train,run_holdout,-1
s09,s09_left_hand_013,left_hand,13,1,inferred_from_protocol,True,,train,run_holdout,-1
s09,s09_left_hand_014,left_hand,14,1,inferred_from_protocol,True,,train,run_holdout,-1
s09,s09_left_hand_015,left_hand,15,1,inferred_from_protocol,True,,train,run_holdout,-1
s09,s09_left_hand_016,left_hand,16,1,inferred_from_protocol,True,,train,run_holdout,-1
s09,s09_left_hand_017,left_hand,17,1,inferred_from_protocol,True,,train,run_holdout,-1
s09,s09_left_hand_018,left_hand,18,1,inferred_from_protocol,True,,train,run_holdout,-1
s09,s09_left_hand_019,left_hand,19,1,inferred_from_protocol,True,,train,run_holdout,-1
s09,s09_left_hand_020,left_hand,20,2,inferred_from_protocol,True,,train,run_holdout,-1
s09,s09_left_hand_021,left_hand,21,2,inferred_from_protocol,True,,train,run_holdout,-1
s09,s09_left_hand_022,left_hand,22,2,inferred_from_protocol,True,,train,run_holdout,-1
s09,s09_left_hand_023,left_hand,23,2,inferred_from_protocol,True,,train,run_holdout,-1
s09,s09_left_hand_024,left_hand,24,2,inferred_from_protocol,True,,train,run_holdout,-1
s09,s09_left_hand_025,left_hand,25,2,inferred_from_protocol,True,,train,run_holdout,-1
s09,s09_left_hand_026,left_hand,26,2,inferred_from_protocol,True,,train,run_holdout,-1
s09,s09_left_hand_027,left_hand,27,2,inferred_from_protocol,True,,train,run_holdout,-1
s09,s09_left_hand_028,left_hand,28,2,inferred_from_protocol,True,,train,run_holdout,-1
s09,s09_left_hand_029,left_hand,29,2,inferred_from_protocol,True,,train,run_holdout,-1
s09,s09_left_hand_030,left_hand,30,2,inferred_from_protocol,True,,train,run_holdout,-1
s09,s09_left_hand_031,left_hand,31,2,inferred_from_protocol,True,,train,run_holdout,-1
s09,s09_left_hand_032,left_hand,32,2,inferred_from_protocol,True,,train,run_holdout,-1
s09,s09_left_hand_033,left_hand,33,2,inferred_from_protocol,True,,train,run_holdout,-1
s09,s09_left_hand_034,left_hand,34,2,inferred_from_protocol,True,,train,run_holdout,-1
s09,s09_left_hand_035,left_hand,35,2,inferred_from_protocol,True,,train,run_holdout,-1
s09,s09_left_hand_036,left_hand,36,2,inferred_from_protocol,True,,train,run_holdout,-1
s09,s09_left_hand_037,left_hand,37,2,inferred_from_protocol,True,,train,run_holdout,-1
s09,s09_left_hand_038,left_hand,38,2,inferred_from_protocol,True,,train,run_holdout,-1
s09,s09_left_hand_039,left_hand,39,2,inferred_from_protocol,True,,train,run_holdout,-1
s09,s09_left_hand_040,left_hand,40,3,inferred_from_protocol,True,,train,run_holdout,-1
s09,s09_left_hand_041,left_hand,41,3,inferred_from_protocol,True,,train,run_holdout,-1
s09,s09_left_hand_042,left_hand,42,3,inferred_from_protocol,True,,train,run_holdout,-1
s09,s09_left_hand_043,left_hand,43,3,inferred_from_protocol,True,,train,run_holdout,-1
s09,s09_left_hand_044,left_hand,44,3,inferred_from_protocol,True,,train,run_holdout,-1
s09,s09_left_hand_045,left_hand,45,3,inferred_from_protocol,True,,train,run_holdout,-1
s09,s09_left_hand_046,left_hand,46,3,inferred_from_protocol,True,,train,run_holdout,-1
s09,s09_left_hand_047,left_hand,47,3,inferred_from_protocol,True,,train,run_holdout,-1
s09,s09_left_hand_048,left_hand,48,3,inferred_from_protocol,True,,train,run_holdout,-1
s09,s09_left_hand_049,left_hand,49,3,inferred_from_protocol,True,,train,run_holdout,-1
s09,s09_left_hand_050,left_hand,50,3,inferred_from_protocol,True,,train,run_holdout,-1
s09,s09_left_hand_051,left_hand,51,3,inferred_from_protocol,True,,train,run_holdout,-1
s09,s09_left_hand_052,left_hand,52,3,inferred_from_protocol,True,,train,run_holdout,-1
s09,s09_left_hand_053,left_hand,53,3,inferred_from_protocol,True,,train,run_holdout,-1
s09,s09_left_hand_054,left_hand,54,3,inferred_from_protocol,True,,train,run_holdout,-1
s09,s09_left_hand_055,left_hand,55,3,inferred_from_protocol,True,,train,run_holdout,-1
s09,s09_left_hand_056,left_hand,56,3,inferred_from_protocol,True,,train,run_holdout,-1
s09,s09_left_hand_057,left_hand,57,3,inferred_from_protocol,True,,train,run_holdout,-1
s09,s09_left_hand_058,left_hand,58,3,inferred_from_protocol,True,,train,run_holdout,-1
s09,s09_left_hand_059,left_hand,59,3,inferred_from_protocol,True,,train,run_holdout,-1
s09,s09_left_hand_060,left_hand,60,4,inferred_from_protocol,True,,train,run_holdout,-1
s09,s09_left_hand_061,left_hand,61,4,inferred_from_protocol,True,,train,run_holdout,-1
s09,s09_left_hand_062,left_hand,62,4,inferred_from_protocol,True,,train,run_holdout,-1
s09,s09_left_hand_063,left_hand,63,4,inferred_from_protocol,True,,train,run_holdout,-1
s09,s09_left_hand_064,left_hand,64,4,inferred_from_protocol,True,,train,run_holdout,-1
s09,s09_left_hand_065,left_hand,65,4,inferred_from_protocol,True,,train,run_holdout,-1
s09,s09_left_hand_066,left_hand,66,4,inferred_from_protocol,True,,train,run_holdout,-1
s09,s09_left_hand_067,left_hand,67,4,inferred_from_protocol,True,,train,run_holdout,-1
s09,s09_left_hand_068,left_hand,68,4,inferred_from_protocol,True,,train,run_holdout,-1
s09,s09_left_hand_069,left_hand,69,4,inferred_from_protocol,True,,train,run_holdout,-1
s09,s09_left_hand_070,left_hand,70,4,inferred_from_protocol,True,,train,run_holdout,-1
s09,s09_left_hand_071,left_hand,71,4,inferred_from_protocol,True,,train,run_holdout,-1
s09,s09_left_hand_072,left_hand,72,4,inferred_from_protocol,True,,train,run_holdout,-1
s09,s09_left_hand_073,left_hand,73,4,inferred_from_protocol,True,,train,run_holdout,-1
s09,s09_left_hand_074,left_hand,74,4,inferred_from_protocol,True,,train,run_holdout,-1
s09,s09_left_hand_075,left_hand,75,4,inferred_from_protocol,True,,train,run_holdout,-1
s09,s09_left_hand_076,left_hand,76,4,inferred_from_protocol,True,,train,run_holdout,-1
s09,s09_left_hand_077,left_hand,77,4,inferred_from_protocol,True,,train,run_holdout,-1
s09,s09_left_hand_078,left_hand,78,4,inferred_from_protocol,True,,train,run_holdout,-1
s09,s09_left_hand_079,left_hand,79,4,inferred_from_protocol,True,,train,run_holdout,-1
s09,s09_left_hand_080,left_hand,80,5,inferred_from_protocol,True,,val,run_holdout,-1
s09,s09_left_hand_081,left_hand,81,5,inferred_from_protocol,True,,val,run_holdout,-1
s09,s09_left_hand_082,left_hand,82,5,inferred_from_protocol,True,,val,run_holdout,-1
s09,s09_left_hand_083,left_hand,83,5,inferred_from_protocol,True,,val,run_holdout,-1
s09,s09_left_hand_084,left_hand,84,5,inferred_from_protocol,True,,val,run_holdout,-1
s09,s09_left_hand_085,left_hand,85,5,inferred_from_protocol,True,,val,run_holdout,-1
s09,s09_left_hand_086,left_hand,86,5,inferred_from_protocol,True,,val,run_holdout,-1
s09,s09_left_hand_087,left_hand,87,5,inferred_from_protocol,True,,val,run_holdout,-1
s09,s09_left_hand_088,left_hand,88,5,inferred_from_protocol,True,,val,run_holdout,-1
s09,s09_left_hand_089,left_hand,89,5,inferred_from_protocol,True,,val,run_holdout,-1
s09,s09_left_hand_090,left_hand,90,5,inferred_from_protocol,True,,val,run_holdout,-1
s09,s09_left_hand_091,left_hand,91,5,inferred_from_protocol,True,,val,run_holdout,-1
s09,s09_left_hand_092,left_hand,92,5,inferred_from_protocol,True,,val,run_holdout,-1
s09,s09_left_hand_093,left_hand,93,5,inferred_from_protocol,True,,val,run_holdout,-1
s09,s09_left_hand_094,left_hand,94,5,inferred_from_protocol,True,,val,run_holdout,-1
s09,s09_left_hand_095,left_hand,95,5,inferred_from_protocol,True,,val,run_holdout,-1
s09,s09_left_hand_096,left_hand,96,5,inferred_from_protocol,True,,val,run_holdout,-1
s09,s09_left_hand_097,left_hand,97,5,inferred_from_protocol,True,,val,run_holdout,-1
s09,s09_left_hand_098,left_hand,98,5,inferred_from_protocol,True,,val,run_holdout,-1
s09,s09_left_hand_099,left_hand,99,5,inferred_from_protocol,True,,val,run_holdout,-1
s09,s09_left_hand_100,left_hand,100,6,inferred_from_protocol,True,,test,run_holdout,-1
s09,s09_left_hand_101,left_hand,101,6,inferred_from_protocol,True,,test,run_holdout,-1
s09,s09_left_hand_102,left_hand,102,6,inferred_from_protocol,True,,test,run_holdout,-1
s09,s09_left_hand_103,left_hand,103,6,inferred_from_protocol,True,,test,run_holdout,-1
s09,s09_left_hand_104,left_hand,104,6,inferred_from_protocol,True,,test,run_holdout,-1
s09,s09_left_hand_105,left_hand,105,6,inferred_from_protocol,True,,test,run_holdout,-1
s09,s09_left_hand_106,left_hand,106,6,inferred_from_protocol,True,,test,run_holdout,-1
s09,s09_left_hand_107,left_hand,107,6,inferred_from_protocol,True,,test,run_holdout,-1
s09,s09_left_hand_108,left_hand,108,6,inferred_from_protocol,True,,test,run_holdout,-1
s09,s09_left_hand_109,left_hand,109,6,inferred_from_protocol,True,,test,run_holdout,-1
s09,s09_left_hand_110,left_hand,110,6,inferred_from_protocol,True,,test,run_holdout,-1
s09,s09_left_hand_111,left_hand,111,6,inferred_from_protocol,True,,test,run_holdout,-1
s09,s09_left_hand_112,left_hand,112,6,inferred_from_protocol,True,,test,run_holdout,-1
s09,s09_left_hand_113,left_hand,113,6,inferred_from_protocol,True,,test,run_holdout,-1
s09,s09_left_hand_114,left_hand,114,6,inferred_from_protocol,True,,test,run_holdout,-1
s09,s09_left_hand_115,left_hand,115,6,inferred_from_protocol,True,,test,run_holdout,-1
s09,s09_left_hand_116,left_hand,116,6,inferred_from_protocol,True,,test,run_holdout,-1
s09,s09_left_hand_117,left_hand,117,6,inferred_from_protocol,True,,test,run_holdout,-1
s09,s09_left_hand_118,left_hand,118,6,inferred_from_protocol,True,,test,run_holdout,-1
s09,s09_left_hand_119,left_hand,119,6,inferred_from_protocol,True,,test,run_holdout,-1
s09,s09_right_hand_000,right_hand,0,1,inferred_from_protocol,True,,train,run_holdout,-1
s09,s09_right_hand_001,right_hand,1,1,inferred_from_protocol,True,,train,run_holdout,-1
s09,s09_right_hand_002,right_hand,2,1,inferred_from_protocol,True,,train,run_holdout,-1
s09,s09_right_hand_003,right_hand,3,1,inferred_from_protocol,True,,train,run_holdout,-1
s09,s09_right_hand_004,right_hand,4,1,inferred_from_protocol,True,,train,run_holdout,-1
s09,s09_right_hand_005,right_hand,5,1,inferred_from_protocol,True,,train,run_holdout,-1
s09,s09_right_hand_006,right_hand,6,1,inferred_from_protocol,True,,train,run_holdout,-1
s09,s09_right_hand_007,right_hand,7,1,inferred_from_protocol,True,,train,run_holdout,-1
s09,s09_right_hand_008,right_hand,8,1,inferred_from_protocol,True,,train,run_holdout,-1
s09,s09_right_hand_009,right_hand,9,1,inferred_from_protocol,True,,train,run_holdout,-1
s09,s09_right_hand_010,right_hand,10,1,inferred_from_protocol,True,,train,run_holdout,-1
s09,s09_right_hand_011,right_hand,11,1,inferred_from_protocol,True,,train,run_holdout,-1
s09,s09_right_hand_012,right_hand,12,1,inferred_from_protocol,True,,train,run_holdout,-1
s09,s09_right_hand_013,right_hand,13,1,inferred_from_protocol,True,,train,run_holdout,-1
s09,s09_right_hand_014,right_hand,14,1,inferred_from_protocol,True,,train,run_holdout,-1
s09,s09_right_hand_015,right_hand,15,1,inferred_from_protocol,True,,train,run_holdout,-1
s09,s09_right_hand_016,right_hand,16,1,inferred_from_protocol,True,,train,run_holdout,-1
s09,s09_right_hand_017,right_hand,17,1,inferred_from_protocol,True,,train,run_holdout,-1
s09,s09_right_hand_018,right_hand,18,1,inferred_from_protocol,True,,train,run_holdout,-1
s09,s09_right_hand_019,right_hand,19,1,inferred_from_protocol,True,,train,run_holdout,-1
s09,s09_right_hand_020,right_hand,20,2,inferred_from_protocol,True,,train,run_holdout,-1
s09,s09_right_hand_021,right_hand,21,2,inferred_from_protocol,True,,train,run_holdout,-1
s09,s09_right_hand_022,right_hand,22,2,inferred_from_protocol,True,,train,run_holdout,-1
s09,s09_right_hand_023,right_hand,23,2,inferred_from_protocol,True,,train,run_holdout,-1
s09,s09_right_hand_024,right_hand,24,2,inferred_from_protocol,True,,train,run_holdout,-1
s09,s09_right_hand_025,right_hand,25,2,inferred_from_protocol,True,,train,run_holdout,-1
s09,s09_right_hand_026,right_hand,26,2,inferred_from_protocol,True,,train,run_holdout,-1
s09,s09_right_hand_027,right_hand,27,2,inferred_from_protocol,True,,train,run_holdout,-1
s09,s09_right_hand_028,right_hand,28,2,inferred_from_protocol,True,,train,run_holdout,-1
s09,s09_right_hand_029,right_hand,29,2,inferred_from_protocol,True,,train,run_holdout,-1
s09,s09_right_hand_030,right_hand,30,2,inferred_from_protocol,True,,train,run_holdout,-1
s09,s09_right_hand_031,right_hand,31,2,inferred_from_protocol,True,,train,run_holdout,-1
s09,s09_right_hand_032,right_hand,32,2,inferred_from_protocol,True,,train,run_holdout,-1
s09,s09_right_hand_033,right_hand,33,2,inferred_from_protocol,True,,train,run_holdout,-1
s09,s09_right_hand_034,right_hand,34,2,inferred_from_protocol,True,,train,run_holdout,-1
s09,s09_right_hand_035,right_hand,35,2,inferred_from_protocol,True,,train,run_holdout,-1
s09,s09_right_hand_036,right_hand,36,2,inferred_from_protocol,True,,train,run_holdout,-1
s09,s09_right_hand_037,right_hand,37,2,inferred_from_protocol,True,,train,run_holdout,-1
s09,s09_right_hand_038,right_hand,38,2,inferred_from_protocol,True,,train,run_holdout,-1
s09,s09_right_hand_039,right_hand,39,2,inferred_from_protocol,True,,train,run_holdout,-1
s09,s09_right_hand_040,right_hand,40,3,inferred_from_protocol,True,,train,run_holdout,-1
s09,s09_right_hand_041,right_hand,41,3,inferred_from_protocol,True,,train,run_holdout,-1
s09,s09_right_hand_042,right_hand,42,3,inferred_from_protocol,True,,train,run_holdout,-1
s09,s09_right_hand_043,right_hand,43,3,inferred_from_protocol,True,,train,run_holdout,-1
s09,s09_right_hand_044,right_hand,44,3,inferred_from_protocol,True,,train,run_holdout,-1
s09,s09_right_hand_045,right_hand,45,3,inferred_from_protocol,True,,train,run_holdout,-1
s09,s09_right_hand_046,right_hand,46,3,inferred_from_protocol,True,,train,run_holdout,-1
s09,s09_right_hand_047,right_hand,47,3,inferred_from_protocol,True,,train,run_holdout,-1
s09,s09_right_hand_048,right_hand,48,3,inferred_from_protocol,True,,train,run_holdout,-1
s09,s09_right_hand_049,right_hand,49,3,inferred_from_protocol,True,,train,run_holdout,-1
s09,s09_right_hand_050,right_hand,50,3,inferred_from_protocol,True,,train,run_holdout,-1
s09,s09_right_hand_051,right_hand,51,3,inferred_from_protocol,True,,train,run_holdout,-1
s09,s09_right_hand_052,right_hand,52,3,inferred_from_protocol,True,,train,run_holdout,-1
s09,s09_right_hand_053,right_hand,53,3,inferred_from_protocol,True,,train,run_holdout,-1
s09,s09_right_hand_054,right_hand,54,3,inferred_from_protocol,True,,train,run_holdout,-1
s09,s09_right_hand_055,right_hand,55,3,inferred_from_protocol,True,,train,run_holdout,-1
s09,s09_right_hand_056,right_hand,56,3,inferred_from_protocol,True,,train,run_holdout,-1
s09,s09_right_hand_057,right_hand,57,3,inferred_from_protocol,True,,train,run_holdout,-1
s09,s09_right_hand_058,right_hand,58,3,inferred_from_protocol,True,,train,run_holdout,-1
s09,s09_right_hand_059,right_hand,59,3,inferred_from_protocol,True,,train,run_holdout,-1
s09,s09_right_hand_060,right_hand,60,4,inferred_from_protocol,True,,train,run_holdout,-1
s09,s09_right_hand_061,right_hand,61,4,inferred_from_protocol,True,,train,run_holdout,-1
s09,s09_right_hand_062,right_hand,62,4,inferred_from_protocol,True,,train,run_holdout,-1
s09,s09_right_hand_063,right_hand,63,4,inferred_from_protocol,True,,train,run_holdout,-1
s09,s09_right_hand_064,right_hand,64,4,inferred_from_protocol,True,,train,run_holdout,-1
s09,s09_right_hand_065,right_hand,65,4,inferred_from_protocol,True,,train,run_holdout,-1
s09,s09_right_hand_066,right_hand,66,4,inferred_from_protocol,True,,train,run_holdout,-1
s09,s09_right_hand_067,right_hand,67,4,inferred_from_protocol,True,,train,run_holdout,-1
s09,s09_right_hand_068,right_hand,68,4,inferred_from_protocol,True,,train,run_holdout,-1
s09,s09_right_hand_069,right_hand,69,4,inferred_from_protocol,True,,train,run_holdout,-1
s09,s09_right_hand_070,right_hand,70,4,inferred_from_protocol,True,,train,run_holdout,-1
s09,s09_right_hand_071,right_hand,71,4,inferred_from_protocol,True,,train,run_holdout,-1
s09,s09_right_hand_072,right_hand,72,4,inferred_from_protocol,True,,train,run_holdout,-1
s09,s09_right_hand_073,right_hand,73,4,inferred_from_protocol,True,,train,run_holdout,-1
s09,s09_right_hand_074,right_hand,74,4,inferred_from_protocol,True,,train,run_holdout,-1
s09,s09_right_hand_075,right_hand,75,4,inferred_from_protocol,True,,train,run_holdout,-1
s09,s09_right_hand_076,right_hand,76,4,inferred_from_protocol,True,,train,run_holdout,-1
s09,s09_right_hand_077,right_hand,77,4,inferred_from_protocol,True,,train,run_holdout,-1
s09,s09_right_hand_078,right_hand,78,4,inferred_from_protocol,True,,train,run_holdout,-1
s09,s09_right_hand_079,right_hand,79,4,inferred_from_protocol,True,,train,run_holdout,-1
s09,s09_right_hand_080,right_hand,80,5,inferred_from_protocol,True,,val,run_holdout,-1
s09,s09_right_hand_081,right_hand,81,5,inferred_from_protocol,True,,val,run_holdout,-1
s09,s09_right_hand_082,right_hand,82,5,inferred_from_protocol,True,,val,run_holdout,-1
s09,s09_right_hand_083,right_hand,83,5,inferred_from_protocol,True,,val,run_holdout,-1
s09,s09_right_hand_084,right_hand,84,5,inferred_from_protocol,True,,val,run_holdout,-1
s09,s09_right_hand_085,right_hand,85,5,inferred_from_protocol,True,,val,run_holdout,-1
s09,s09_right_hand_086,right_hand,86,5,inferred_from_protocol,True,,val,run_holdout,-1
s09,s09_right_hand_087,right_hand,87,5,inferred_from_protocol,True,,val,run_holdout,-1
s09,s09_right_hand_088,right_hand,88,5,inferred_from_protocol,True,,val,run_holdout,-1
s09,s09_right_hand_089,right_hand,89,5,inferred_from_protocol,True,,val,run_holdout,-1
s09,s09_right_hand_090,right_hand,90,5,inferred_from_protocol,True,,val,run_holdout,-1
s09,s09_right_hand_091,right_hand,91,5,inferred_from_protocol,True,,val,run_holdout,-1
s09,s09_right_hand_092,right_hand,92,5,inferred_from_protocol,True,,val,run_holdout,-1
s09,s09_right_hand_093,right_hand,93,5,inferred_from_protocol,True,,val,run_holdout,-1
s09,s09_right_hand_094,right_hand,94,5,inferred_from_protocol,True,,val,run_holdout,-1
s09,s09_right_hand_095,right_hand,95,5,inferred_from_protocol,True,,val,run_holdout,-1
s09,s09_right_hand_096,right_hand,96,5,inferred_from_protocol,True,,val,run_holdout,-1
s09,s09_right_hand_097,right_hand,97,5,inferred_from_protocol,True,,val,run_holdout,-1
s09,s09_right_hand_098,right_hand,98,5,inferred_from_protocol,True,,val,run_holdout,-1
s09,s09_right_hand_099,right_hand,99,5,inferred_from_protocol,True,,val,run_holdout,-1
s09,s09_right_hand_100,right_hand,100,6,inferred_from_protocol,True,,test,run_holdout,-1
s09,s09_right_hand_101,right_hand,101,6,inferred_from_protocol,True,,test,run_holdout,-1
s09,s09_right_hand_102,right_hand,102,6,inferred_from_protocol,True,,test,run_holdout,-1
s09,s09_right_hand_103,right_hand,103,6,inferred_from_protocol,True,,test,run_holdout,-1
s09,s09_right_hand_104,right_hand,104,6,inferred_from_protocol,True,,test,run_holdout,-1
s09,s09_right_hand_105,right_hand,105,6,inferred_from_protocol,True,,test,run_holdout,-1
s09,s09_right_hand_106,right_hand,106,6,inferred_from_protocol,True,,test,run_holdout,-1
s09,s09_right_hand_107,right_hand,107,6,inferred_from_protocol,True,,test,run_holdout,-1
s09,s09_right_hand_108,right_hand,108,6,inferred_from_protocol,True,,test,run_holdout,-1
s09,s09_right_hand_109,right_hand,109,6,inferred_from_protocol,True,,test,run_holdout,-1
s09,s09_right_hand_110,right_hand,110,6,inferred_from_protocol,True,,test,run_holdout,-1
s09,s09_right_hand_111,right_hand,111,6,inferred_from_protocol,True,,test,run_holdout,-1
s09,s09_right_hand_112,right_hand,112,6,inferred_from_protocol,True,,test,run_holdout,-1
s09,s09_right_hand_113,right_hand,113,6,inferred_from_protocol,True,,test,run_holdout,-1
s09,s09_right_hand_114,right_hand,114,6,inferred_from_protocol,True,,test,run_holdout,-1
s09,s09_right_hand_115,right_hand,115,6,inferred_from_protocol,True,,test,run_holdout,-1
s09,s09_right_hand_116,right_hand,116,6,inferred_from_protocol,True,,test,run_holdout,-1
s09,s09_right_hand_117,right_hand,117,6,inferred_from_protocol,True,,test,run_holdout,-1
s09,s09_right_hand_118,right_hand,118,6,inferred_from_protocol,True,,test,run_holdout,-1
s09,s09_right_hand_119,right_hand,119,6,inferred_from_protocol,True,,test,run_holdout,-1
s10,s10_left_hand_000,left_hand,0,1,inferred_from_protocol,True,,train,run_holdout,-1
s10,s10_left_hand_001,left_hand,1,1,inferred_from_protocol,True,,train,run_holdout,-1
s10,s10_left_hand_002,left_hand,2,1,inferred_from_protocol,True,,train,run_holdout,-1
s10,s10_left_hand_003,left_hand,3,1,inferred_from_protocol,True,,train,run_holdout,-1
s10,s10_left_hand_004,left_hand,4,1,inferred_from_protocol,True,,train,run_holdout,-1
s10,s10_left_hand_005,left_hand,5,1,inferred_from_protocol,True,,train,run_holdout,-1
s10,s10_left_hand_006,left_hand,6,1,inferred_from_protocol,True,,train,run_holdout,-1
s10,s10_left_hand_007,left_hand,7,1,inferred_from_protocol,True,,train,run_holdout,-1
s10,s10_left_hand_008,left_hand,8,1,inferred_from_protocol,True,,train,run_holdout,-1
s10,s10_left_hand_009,left_hand,9,1,inferred_from_protocol,True,,train,run_holdout,-1
s10,s10_left_hand_010,left_hand,10,1,inferred_from_protocol,True,,train,run_holdout,-1
s10,s10_left_hand_011,left_hand,11,1,inferred_from_protocol,True,,train,run_holdout,-1
s10,s10_left_hand_012,left_hand,12,1,inferred_from_protocol,True,,train,run_holdout,-1
s10,s10_left_hand_013,left_hand,13,1,inferred_from_protocol,True,,train,run_holdout,-1
s10,s10_left_hand_014,left_hand,14,1,inferred_from_protocol,True,,train,run_holdout,-1
s10,s10_left_hand_015,left_hand,15,1,inferred_from_protocol,True,,train,run_holdout,-1
s10,s10_left_hand_016,left_hand,16,1,inferred_from_protocol,True,,train,run_holdout,-1
s10,s10_left_hand_017,left_hand,17,1,inferred_from_protocol,True,,train,run_holdout,-1
s10,s10_left_hand_018,left_hand,18,1,inferred_from_protocol,True,,train,run_holdout,-1
s10,s10_left_hand_019,left_hand,19,1,inferred_from_protocol,True,,train,run_holdout,-1
s10,s10_left_hand_020,left_hand,20,2,inferred_from_protocol,True,,train,run_holdout,-1
s10,s10_left_hand_021,left_hand,21,2,inferred_from_protocol,True,,train,run_holdout,-1
s10,s10_left_hand_022,left_hand,22,2,inferred_from_protocol,True,,train,run_holdout,-1
s10,s10_left_hand_023,left_hand,23,2,inferred_from_protocol,True,,train,run_holdout,-1
s10,s10_left_hand_024,left_hand,24,2,inferred_from_protocol,True,,train,run_holdout,-1
s10,s10_left_hand_025,left_hand,25,2,inferred_from_protocol,True,,train,run_holdout,-1
s10,s10_left_hand_026,left_hand,26,2,inferred_from_protocol,True,,train,run_holdout,-1
s10,s10_left_hand_027,left_hand,27,2,inferred_from_protocol,True,,train,run_holdout,-1
s10,s10_left_hand_028,left_hand,28,2,inferred_from_protocol,True,,train,run_holdout,-1
s10,s10_left_hand_029,left_hand,29,2,inferred_from_protocol,True,,train,run_holdout,-1
s10,s10_left_hand_030,left_hand,30,2,inferred_from_protocol,True,,train,run_holdout,-1
s10,s10_left_hand_031,left_hand,31,2,inferred_from_protocol,True,,train,run_holdout,-1
s10,s10_left_hand_032,left_hand,32,2,inferred_from_protocol,True,,train,run_holdout,-1
s10,s10_left_hand_033,left_hand,33,2,inferred_from_protocol,True,,train,run_holdout,-1
s10,s10_left_hand_034,left_hand,34,2,inferred_from_protocol,True,,train,run_holdout,-1
s10,s10_left_hand_035,left_hand,35,2,inferred_from_protocol,True,,train,run_holdout,-1
s10,s10_left_hand_036,left_hand,36,2,inferred_from_protocol,True,,train,run_holdout,-1
s10,s10_left_hand_037,left_hand,37,2,inferred_from_protocol,True,,train,run_holdout,-1
s10,s10_left_hand_038,left_hand,38,2,inferred_from_protocol,True,,train,run_holdout,-1
s10,s10_left_hand_039,left_hand,39,2,inferred_from_protocol,True,,train,run_holdout,-1
s10,s10_left_hand_040,left_hand,40,3,inferred_from_protocol,True,,train,run_holdout,-1
s10,s10_left_hand_041,left_hand,41,3,inferred_from_protocol,True,,train,run_holdout,-1
s10,s10_left_hand_042,left_hand,42,3,inferred_from_protocol,True,,train,run_holdout,-1
s10,s10_left_hand_043,left_hand,43,3,inferred_from_protocol,True,,train,run_holdout,-1
s10,s10_left_hand_044,left_hand,44,3,inferred_from_protocol,True,,train,run_holdout,-1
s10,s10_left_hand_045,left_hand,45,3,inferred_from_protocol,True,,train,run_holdout,-1
s10,s10_left_hand_046,left_hand,46,3,inferred_from_protocol,True,,train,run_holdout,-1
s10,s10_left_hand_047,left_hand,47,3,inferred_from_protocol,True,,train,run_holdout,-1
s10,s10_left_hand_048,left_hand,48,3,inferred_from_protocol,True,,train,run_holdout,-1
s10,s10_left_hand_049,left_hand,49,3,inferred_from_protocol,True,,train,run_holdout,-1
s10,s10_left_hand_050,left_hand,50,3,inferred_from_protocol,True,,train,run_holdout,-1
s10,s10_left_hand_051,left_hand,51,3,inferred_from_protocol,True,,train,run_holdout,-1
s10,s10_left_hand_052,left_hand,52,3,inferred_from_protocol,True,,train,run_holdout,-1
s10,s10_left_hand_053,left_hand,53,3,inferred_from_protocol,True,,train,run_holdout,-1
s10,s10_left_hand_054,left_hand,54,3,inferred_from_protocol,True,,train,run_holdout,-1
s10,s10_left_hand_055,left_hand,55,3,inferred_from_protocol,True,,train,run_holdout,-1
s10,s10_left_hand_056,left_hand,56,3,inferred_from_protocol,True,,train,run_holdout,-1
s10,s10_left_hand_057,left_hand,57,3,inferred_from_protocol,True,,train,run_holdout,-1
s10,s10_left_hand_058,left_hand,58,3,inferred_from_protocol,True,,train,run_holdout,-1
s10,s10_left_hand_059,left_hand,59,3,inferred_from_protocol,True,,train,run_holdout,-1
s10,s10_left_hand_060,left_hand,60,4,inferred_from_protocol,True,,val,run_holdout,-1
s10,s10_left_hand_061,left_hand,61,4,inferred_from_protocol,True,,val,run_holdout,-1
s10,s10_left_hand_062,left_hand,62,4,inferred_from_protocol,True,,val,run_holdout,-1
s10,s10_left_hand_063,left_hand,63,4,inferred_from_protocol,True,,val,run_holdout,-1
s10,s10_left_hand_064,left_hand,64,4,inferred_from_protocol,True,,val,run_holdout,-1
s10,s10_left_hand_065,left_hand,65,4,inferred_from_protocol,True,,val,run_holdout,-1
s10,s10_left_hand_066,left_hand,66,4,inferred_from_protocol,True,,val,run_holdout,-1
s10,s10_left_hand_067,left_hand,67,4,inferred_from_protocol,True,,val,run_holdout,-1
s10,s10_left_hand_068,left_hand,68,4,inferred_from_protocol,True,,val,run_holdout,-1
s10,s10_left_hand_069,left_hand,69,4,inferred_from_protocol,True,,val,run_holdout,-1
s10,s10_left_hand_070,left_hand,70,4,inferred_from_protocol,True,,val,run_holdout,-1
s10,s10_left_hand_071,left_hand,71,4,inferred_from_protocol,True,,val,run_holdout,-1
s10,s10_left_hand_072,left_hand,72,4,inferred_from_protocol,True,,val,run_holdout,-1
s10,s10_left_hand_073,left_hand,73,4,inferred_from_protocol,True,,val,run_holdout,-1
s10,s10_left_hand_074,left_hand,74,4,inferred_from_protocol,True,,val,run_holdout,-1
s10,s10_left_hand_075,left_hand,75,4,inferred_from_protocol,True,,val,run_holdout,-1
s10,s10_left_hand_076,left_hand,76,4,inferred_from_protocol,True,,val,run_holdout,-1
s10,s10_left_hand_077,left_hand,77,4,inferred_from_protocol,True,,val,run_holdout,-1
s10,s10_left_hand_078,left_hand,78,4,inferred_from_protocol,True,,val,run_holdout,-1
s10,s10_left_hand_079,left_hand,79,4,inferred_from_protocol,True,,val,run_holdout,-1
s10,s10_left_hand_080,left_hand,80,5,inferred_from_protocol,True,,test,run_holdout,-1
s10,s10_left_hand_081,left_hand,81,5,inferred_from_protocol,True,,test,run_holdout,-1
s10,s10_left_hand_082,left_hand,82,5,inferred_from_protocol,True,,test,run_holdout,-1
s10,s10_left_hand_083,left_hand,83,5,inferred_from_protocol,True,,test,run_holdout,-1
s10,s10_left_hand_084,left_hand,84,5,inferred_from_protocol,True,,test,run_holdout,-1
s10,s10_left_hand_085,left_hand,85,5,inferred_from_protocol,True,,test,run_holdout,-1
s10,s10_left_hand_086,left_hand,86,5,inferred_from_protocol,True,,test,run_holdout,-1
s10,s10_left_hand_087,left_hand,87,5,inferred_from_protocol,True,,test,run_holdout,-1
s10,s10_left_hand_088,left_hand,88,5,inferred_from_protocol,True,,test,run_holdout,-1
s10,s10_left_hand_089,left_hand,89,5,inferred_from_protocol,True,,test,run_holdout,-1
s10,s10_left_hand_090,left_hand,90,5,inferred_from_protocol,True,,test,run_holdout,-1
s10,s10_left_hand_091,left_hand,91,5,inferred_from_protocol,True,,test,run_holdout,-1
s10,s10_left_hand_092,left_hand,92,5,inferred_from_protocol,True,,test,run_holdout,-1
s10,s10_left_hand_093,left_hand,93,5,inferred_from_protocol,True,,test,run_holdout,-1
s10,s10_left_hand_094,left_hand,94,5,inferred_from_protocol,True,,test,run_holdout,-1
s10,s10_left_hand_095,left_hand,95,5,inferred_from_protocol,True,,test,run_holdout,-1
s10,s10_left_hand_096,left_hand,96,5,inferred_from_protocol,True,,test,run_holdout,-1
s10,s10_left_hand_097,left_hand,97,5,inferred_from_protocol,True,,test,run_holdout,-1
s10,s10_left_hand_098,left_hand,98,5,inferred_from_protocol,True,,test,run_holdout,-1
s10,s10_left_hand_099,left_hand,99,5,inferred_from_protocol,True,,test,run_holdout,-1
s10,s10_right_hand_000,right_hand,0,1,inferred_from_protocol,True,,train,run_holdout,-1
s10,s10_right_hand_001,right_hand,1,1,inferred_from_protocol,True,,train,run_holdout,-1
s10,s10_right_hand_002,right_hand,2,1,inferred_from_protocol,True,,train,run_holdout,-1
s10,s10_right_hand_003,right_hand,3,1,inferred_from_protocol,True,,train,run_holdout,-1
s10,s10_right_hand_004,right_hand,4,1,inferred_from_protocol,True,,train,run_holdout,-1
s10,s10_right_hand_005,right_hand,5,1,inferred_from_protocol,True,,train,run_holdout,-1
s10,s10_right_hand_006,right_hand,6,1,inferred_from_protocol,True,,train,run_holdout,-1
s10,s10_right_hand_007,right_hand,7,1,inferred_from_protocol,True,,train,run_holdout,-1
s10,s10_right_hand_008,right_hand,8,1,inferred_from_protocol,True,,train,run_holdout,-1
s10,s10_right_hand_009,right_hand,9,1,inferred_from_protocol,True,,train,run_holdout,-1
s10,s10_right_hand_010,right_hand,10,1,inferred_from_protocol,True,,train,run_holdout,-1
s10,s10_right_hand_011,right_hand,11,1,inferred_from_protocol,True,,train,run_holdout,-1
s10,s10_right_hand_012,right_hand,12,1,inferred_from_protocol,True,,train,run_holdout,-1
s10,s10_right_hand_013,right_hand,13,1,inferred_from_protocol,True,,train,run_holdout,-1
s10,s10_right_hand_014,right_hand,14,1,inferred_from_protocol,True,,train,run_holdout,-1
s10,s10_right_hand_015,right_hand,15,1,inferred_from_protocol,True,,train,run_holdout,-1
s10,s10_right_hand_016,right_hand,16,1,inferred_from_protocol,True,,train,run_holdout,-1
s10,s10_right_hand_017,right_hand,17,1,inferred_from_protocol,True,,train,run_holdout,-1
s10,s10_right_hand_018,right_hand,18,1,inferred_from_protocol,True,,train,run_holdout,-1
s10,s10_right_hand_019,right_hand,19,1,inferred_from_protocol,True,,train,run_holdout,-1
s10,s10_right_hand_020,right_hand,20,2,inferred_from_protocol,True,,train,run_holdout,-1
s10,s10_right_hand_021,right_hand,21,2,inferred_from_protocol,True,,train,run_holdout,-1
s10,s10_right_hand_022,right_hand,22,2,inferred_from_protocol,True,,train,run_holdout,-1
s10,s10_right_hand_023,right_hand,23,2,inferred_from_protocol,True,,train,run_holdout,-1
s10,s10_right_hand_024,right_hand,24,2,inferred_from_protocol,True,,train,run_holdout,-1
s10,s10_right_hand_025,right_hand,25,2,inferred_from_protocol,True,,train,run_holdout,-1
s10,s10_right_hand_026,right_hand,26,2,inferred_from_protocol,True,,train,run_holdout,-1
s10,s10_right_hand_027,right_hand,27,2,inferred_from_protocol,True,,train,run_holdout,-1
s10,s10_right_hand_028,right_hand,28,2,inferred_from_protocol,True,,train,run_holdout,-1
s10,s10_right_hand_029,right_hand,29,2,inferred_from_protocol,True,,train,run_holdout,-1
s10,s10_right_hand_030,right_hand,30,2,inferred_from_protocol,True,,train,run_holdout,-1
s10,s10_right_hand_031,right_hand,31,2,inferred_from_protocol,True,,train,run_holdout,-1
s10,s10_right_hand_032,right_hand,32,2,inferred_from_protocol,True,,train,run_holdout,-1
s10,s10_right_hand_033,right_hand,33,2,inferred_from_protocol,True,,train,run_holdout,-1
s10,s10_right_hand_034,right_hand,34,2,inferred_from_protocol,True,,train,run_holdout,-1
s10,s10_right_hand_035,right_hand,35,2,inferred_from_protocol,True,,train,run_holdout,-1
s10,s10_right_hand_036,right_hand,36,2,inferred_from_protocol,True,,train,run_holdout,-1
s10,s10_right_hand_037,right_hand,37,2,inferred_from_protocol,True,,train,run_holdout,-1
s10,s10_right_hand_038,right_hand,38,2,inferred_from_protocol,True,,train,run_holdout,-1
s10,s10_right_hand_039,right_hand,39,2,inferred_from_protocol,True,,train,run_holdout,-1
s10,s10_right_hand_040,right_hand,40,3,inferred_from_protocol,True,,train,run_holdout,-1
s10,s10_right_hand_041,right_hand,41,3,inferred_from_protocol,True,,train,run_holdout,-1
s10,s10_right_hand_042,right_hand,42,3,inferred_from_protocol,True,,train,run_holdout,-1
s10,s10_right_hand_043,right_hand,43,3,inferred_from_protocol,True,,train,run_holdout,-1
s10,s10_right_hand_044,right_hand,44,3,inferred_from_protocol,True,,train,run_holdout,-1
s10,s10_right_hand_045,right_hand,45,3,inferred_from_protocol,True,,train,run_holdout,-1
s10,s10_right_hand_046,right_hand,46,3,inferred_from_protocol,True,,train,run_holdout,-1
s10,s10_right_hand_047,right_hand,47,3,inferred_from_protocol,True,,train,run_holdout,-1
s10,s10_right_hand_048,right_hand,48,3,inferred_from_protocol,True,,train,run_holdout,-1
s10,s10_right_hand_049,right_hand,49,3,inferred_from_protocol,True,,train,run_holdout,-1
s10,s10_right_hand_050,right_hand,50,3,inferred_from_protocol,True,,train,run_holdout,-1
s10,s10_right_hand_051,right_hand,51,3,inferred_from_protocol,True,,train,run_holdout,-1
s10,s10_right_hand_052,right_hand,52,3,inferred_from_protocol,True,,train,run_holdout,-1
s10,s10_right_hand_053,right_hand,53,3,inferred_from_protocol,True,,train,run_holdout,-1
s10,s10_right_hand_054,right_hand,54,3,inferred_from_protocol,True,,train,run_holdout,-1
s10,s10_right_hand_055,right_hand,55,3,inferred_from_protocol,True,,train,run_holdout,-1
s10,s10_right_hand_056,right_hand,56,3,inferred_from_protocol,True,,train,run_holdout,-1
s10,s10_right_hand_057,right_hand,57,3,inferred_from_protocol,True,,train,run_holdout,-1
s10,s10_right_hand_058,right_hand,58,3,inferred_from_protocol,True,,train,run_holdout,-1
s10,s10_right_hand_059,right_hand,59,3,inferred_from_protocol,True,,train,run_holdout,-1
s10,s10_right_hand_060,right_hand,60,4,inferred_from_protocol,True,,val,run_holdout,-1
s10,s10_right_hand_061,right_hand,61,4,inferred_from_protocol,True,,val,run_holdout,-1
s10,s10_right_hand_062,right_hand,62,4,inferred_from_protocol,True,,val,run_holdout,-1
s10,s10_right_hand_063,right_hand,63,4,inferred_from_protocol,True,,val,run_holdout,-1
s10,s10_right_hand_064,right_hand,64,4,inferred_from_protocol,True,,val,run_holdout,-1
s10,s10_right_hand_065,right_hand,65,4,inferred_from_protocol,True,,val,run_holdout,-1
s10,s10_right_hand_066,right_hand,66,4,inferred_from_protocol,True,,val,run_holdout,-1
s10,s10_right_hand_067,right_hand,67,4,inferred_from_protocol,True,,val,run_holdout,-1
s10,s10_right_hand_068,right_hand,68,4,inferred_from_protocol,True,,val,run_holdout,-1
s10,s10_right_hand_069,right_hand,69,4,inferred_from_protocol,True,,val,run_holdout,-1
s10,s10_right_hand_070,right_hand,70,4,inferred_from_protocol,True,,val,run_holdout,-1
s10,s10_right_hand_071,right_hand,71,4,inferred_from_protocol,True,,val,run_holdout,-1
s10,s10_right_hand_072,right_hand,72,4,inferred_from_protocol,True,,val,run_holdout,-1
s10,s10_right_hand_073,right_hand,73,4,inferred_from_protocol,True,,val,run_holdout,-1
s10,s10_right_hand_074,right_hand,74,4,inferred_from_protocol,True,,val,run_holdout,-1
s10,s10_right_hand_075,right_hand,75,4,inferred_from_protocol,True,,val,run_holdout,-1
s10,s10_right_hand_076,right_hand,76,4,inferred_from_protocol,True,,val,run_holdout,-1
s10,s10_right_hand_077,right_hand,77,4,inferred_from_protocol,True,,val,run_holdout,-1
s10,s10_right_hand_078,right_hand,78,4,inferred_from_protocol,True,,val,run_holdout,-1
s10,s10_right_hand_079,right_hand,79,4,inferred_from_protocol,True,,val,run_holdout,-1
s10,s10_right_hand_080,right_hand,80,5,inferred_from_protocol,True,,test,run_holdout,-1
s10,s10_right_hand_081,right_hand,81,5,inferred_from_protocol,True,,test,run_holdout,-1
s10,s10_right_hand_082,right_hand,82,5,inferred_from_protocol,True,,test,run_holdout,-1
s10,s10_right_hand_083,right_hand,83,5,inferred_from_protocol,True,,test,run_holdout,-1
s10,s10_right_hand_084,right_hand,84,5,inferred_from_protocol,True,,test,run_holdout,-1
s10,s10_right_hand_085,right_hand,85,5,inferred_from_protocol,True,,test,run_holdout,-1
s10,s10_right_hand_086,right_hand,86,5,inferred_from_protocol,True,,test,run_holdout,-1
s10,s10_right_hand_087,right_hand,87,5,inferred_from_protocol,True,,test,run_holdout,-1
s10,s10_right_hand_088,right_hand,88,5,inferred_from_protocol,True,,test,run_holdout,-1
s10,s10_right_hand_089,right_hand,89,5,inferred_from_protocol,True,,test,run_holdout,-1
s10,s10_right_hand_090,right_hand,90,5,inferred_from_protocol,True,,test,run_holdout,-1
s10,s10_right_hand_091,right_hand,91,5,inferred_from_protocol,True,,test,run_holdout,-1
s10,s10_right_hand_092,right_hand,92,5,inferred_from_protocol,True,,test,run_holdout,-1
s10,s10_right_hand_093,right_hand,93,5,inferred_from_protocol,True,,test,run_holdout,-1
s10,s10_right_hand_094,right_hand,94,5,inferred_from_protocol,True,,test,run_holdout,-1
s10,s10_right_hand_095,right_hand,95,5,inferred_from_protocol,True,,test,run_holdout,-1
s10,s10_right_hand_096,right_hand,96,5,inferred_from_protocol,True,,test,run_holdout,-1
s10,s10_right_hand_097,right_hand,97,5,inferred_from_protocol,True,,test,run_holdout,-1
s10,s10_right_hand_098,right_hand,98,5,inferred_from_protocol,True,,test,run_holdout,-1
s10,s10_right_hand_099,right_hand,99,5,inferred_from_protocol,True,,test,run_holdout,-1
s11,s11_left_hand_000,left_hand,0,1,inferred_from_protocol,True,,train,run_holdout,-1
s11,s11_left_hand_001,left_hand,1,1,inferred_from_protocol,True,,train,run_holdout,-1
s11,s11_left_hand_002,left_hand,2,1,inferred_from_protocol,True,,train,run_holdout,-1
s11,s11_left_hand_003,left_hand,3,1,inferred_from_protocol,True,,train,run_holdout,-1
s11,s11_left_hand_004,left_hand,4,1,inferred_from_protocol,True,,train,run_holdout,-1
s11,s11_left_hand_005,left_hand,5,1,inferred_from_protocol,True,,train,run_holdout,-1
s11,s11_left_hand_006,left_hand,6,1,inferred_from_protocol,True,,train,run_holdout,-1
s11,s11_left_hand_007,left_hand,7,1,inferred_from_protocol,True,,train,run_holdout,-1
s11,s11_left_hand_008,left_hand,8,1,inferred_from_protocol,True,,train,run_holdout,-1
s11,s11_left_hand_009,left_hand,9,1,inferred_from_protocol,True,,train,run_holdout,-1
s11,s11_left_hand_010,left_hand,10,1,inferred_from_protocol,True,,train,run_holdout,-1
s11,s11_left_hand_011,left_hand,11,1,inferred_from_protocol,True,,train,run_holdout,-1
s11,s11_left_hand_012,left_hand,12,1,inferred_from_protocol,True,,train,run_holdout,-1
s11,s11_left_hand_013,left_hand,13,1,inferred_from_protocol,True,,train,run_holdout,-1
s11,s11_left_hand_014,left_hand,14,1,inferred_from_protocol,True,,train,run_holdout,-1
s11,s11_left_hand_015,left_hand,15,1,inferred_from_protocol,True,,train,run_holdout,-1
s11,s11_left_hand_016,left_hand,16,1,inferred_from_protocol,True,,train,run_holdout,-1
s11,s11_left_hand_017,left_hand,17,1,inferred_from_protocol,True,,train,run_holdout,-1
s11,s11_left_hand_018,left_hand,18,1,inferred_from_protocol,True,,train,run_holdout,-1
s11,s11_left_hand_019,left_hand,19,1,inferred_from_protocol,True,,train,run_holdout,-1
s11,s11_left_hand_020,left_hand,20,2,inferred_from_protocol,True,,train,run_holdout,-1
s11,s11_left_hand_021,left_hand,21,2,inferred_from_protocol,True,,train,run_holdout,-1
s11,s11_left_hand_022,left_hand,22,2,inferred_from_protocol,True,,train,run_holdout,-1
s11,s11_left_hand_023,left_hand,23,2,inferred_from_protocol,True,,train,run_holdout,-1
s11,s11_left_hand_024,left_hand,24,2,inferred_from_protocol,True,,train,run_holdout,-1
s11,s11_left_hand_025,left_hand,25,2,inferred_from_protocol,True,,train,run_holdout,-1
s11,s11_left_hand_026,left_hand,26,2,inferred_from_protocol,True,,train,run_holdout,-1
s11,s11_left_hand_027,left_hand,27,2,inferred_from_protocol,True,,train,run_holdout,-1
s11,s11_left_hand_028,left_hand,28,2,inferred_from_protocol,True,,train,run_holdout,-1
s11,s11_left_hand_029,left_hand,29,2,inferred_from_protocol,True,,train,run_holdout,-1
s11,s11_left_hand_030,left_hand,30,2,inferred_from_protocol,True,,train,run_holdout,-1
s11,s11_left_hand_031,left_hand,31,2,inferred_from_protocol,True,,train,run_holdout,-1
s11,s11_left_hand_032,left_hand,32,2,inferred_from_protocol,True,,train,run_holdout,-1
s11,s11_left_hand_033,left_hand,33,2,inferred_from_protocol,True,,train,run_holdout,-1
s11,s11_left_hand_034,left_hand,34,2,inferred_from_protocol,True,,train,run_holdout,-1
s11,s11_left_hand_035,left_hand,35,2,inferred_from_protocol,True,,train,run_holdout,-1
s11,s11_left_hand_036,left_hand,36,2,inferred_from_protocol,True,,train,run_holdout,-1
s11,s11_left_hand_037,left_hand,37,2,inferred_from_protocol,True,,train,run_holdout,-1
s11,s11_left_hand_038,left_hand,38,2,inferred_from_protocol,True,,train,run_holdout,-1
s11,s11_left_hand_039,left_hand,39,2,inferred_from_protocol,True,,train,run_holdout,-1
s11,s11_left_hand_040,left_hand,40,3,inferred_from_protocol,True,,train,run_holdout,-1
s11,s11_left_hand_041,left_hand,41,3,inferred_from_protocol,True,,train,run_holdout,-1
s11,s11_left_hand_042,left_hand,42,3,inferred_from_protocol,True,,train,run_holdout,-1
s11,s11_left_hand_043,left_hand,43,3,inferred_from_protocol,True,,train,run_holdout,-1
s11,s11_left_hand_044,left_hand,44,3,inferred_from_protocol,True,,train,run_holdout,-1
s11,s11_left_hand_045,left_hand,45,3,inferred_from_protocol,True,,train,run_holdout,-1
s11,s11_left_hand_046,left_hand,46,3,inferred_from_protocol,True,,train,run_holdout,-1
s11,s11_left_hand_047,left_hand,47,3,inferred_from_protocol,True,,train,run_holdout,-1
s11,s11_left_hand_048,left_hand,48,3,inferred_from_protocol,True,,train,run_holdout,-1
s11,s11_left_hand_049,left_hand,49,3,inferred_from_protocol,True,,train,run_holdout,-1
s11,s11_left_hand_050,left_hand,50,3,inferred_from_protocol,True,,train,run_holdout,-1
s11,s11_left_hand_051,left_hand,51,3,inferred_from_protocol,True,,train,run_holdout,-1
s11,s11_left_hand_052,left_hand,52,3,inferred_from_protocol,True,,train,run_holdout,-1
s11,s11_left_hand_053,left_hand,53,3,inferred_from_protocol,True,,train,run_holdout,-1
s11,s11_left_hand_054,left_hand,54,3,inferred_from_protocol,True,,train,run_holdout,-1
s11,s11_left_hand_055,left_hand,55,3,inferred_from_protocol,True,,train,run_holdout,-1
s11,s11_left_hand_056,left_hand,56,3,inferred_from_protocol,True,,train,run_holdout,-1
s11,s11_left_hand_057,left_hand,57,3,inferred_from_protocol,True,,train,run_holdout,-1
s11,s11_left_hand_058,left_hand,58,3,inferred_from_protocol,True,,train,run_holdout,-1
s11,s11_left_hand_059,left_hand,59,3,inferred_from_protocol,True,,train,run_holdout,-1
s11,s11_left_hand_060,left_hand,60,4,inferred_from_protocol,True,,val,run_holdout,-1
s11,s11_left_hand_061,left_hand,61,4,inferred_from_protocol,True,,val,run_holdout,-1
s11,s11_left_hand_062,left_hand,62,4,inferred_from_protocol,True,,val,run_holdout,-1
s11,s11_left_hand_063,left_hand,63,4,inferred_from_protocol,True,,val,run_holdout,-1
s11,s11_left_hand_064,left_hand,64,4,inferred_from_protocol,True,,val,run_holdout,-1
s11,s11_left_hand_065,left_hand,65,4,inferred_from_protocol,True,,val,run_holdout,-1
s11,s11_left_hand_066,left_hand,66,4,inferred_from_protocol,True,,val,run_holdout,-1
s11,s11_left_hand_067,left_hand,67,4,inferred_from_protocol,True,,val,run_holdout,-1
s11,s11_left_hand_068,left_hand,68,4,inferred_from_protocol,True,,val,run_holdout,-1
s11,s11_left_hand_069,left_hand,69,4,inferred_from_protocol,True,,val,run_holdout,-1
s11,s11_left_hand_070,left_hand,70,4,inferred_from_protocol,True,,val,run_holdout,-1
s11,s11_left_hand_071,left_hand,71,4,inferred_from_protocol,True,,val,run_holdout,-1
s11,s11_left_hand_072,left_hand,72,4,inferred_from_protocol,True,,val,run_holdout,-1
s11,s11_left_hand_073,left_hand,73,4,inferred_from_protocol,True,,val,run_holdout,-1
s11,s11_left_hand_074,left_hand,74,4,inferred_from_protocol,True,,val,run_holdout,-1
s11,s11_left_hand_075,left_hand,75,4,inferred_from_protocol,True,,val,run_holdout,-1
s11,s11_left_hand_076,left_hand,76,4,inferred_from_protocol,True,,val,run_holdout,-1
s11,s11_left_hand_077,left_hand,77,4,inferred_from_protocol,True,,val,run_holdout,-1
s11,s11_left_hand_078,left_hand,78,4,inferred_from_protocol,True,,val,run_holdout,-1
s11,s11_left_hand_079,left_hand,79,4,inferred_from_protocol,True,,val,run_holdout,-1
s11,s11_left_hand_080,left_hand,80,5,inferred_from_protocol,True,,test,run_holdout,-1
s11,s11_left_hand_081,left_hand,81,5,inferred_from_protocol,True,,test,run_holdout,-1
s11,s11_left_hand_082,left_hand,82,5,inferred_from_protocol,True,,test,run_holdout,-1
s11,s11_left_hand_083,left_hand,83,5,inferred_from_protocol,True,,test,run_holdout,-1
s11,s11_left_hand_084,left_hand,84,5,inferred_from_protocol,True,,test,run_holdout,-1
s11,s11_left_hand_085,left_hand,85,5,inferred_from_protocol,True,,test,run_holdout,-1
s11,s11_left_hand_086,left_hand,86,5,inferred_from_protocol,True,,test,run_holdout,-1
s11,s11_left_hand_087,left_hand,87,5,inferred_from_protocol,True,,test,run_holdout,-1
s11,s11_left_hand_088,left_hand,88,5,inferred_from_protocol,True,,test,run_holdout,-1
s11,s11_left_hand_089,left_hand,89,5,inferred_from_protocol,True,,test,run_holdout,-1
s11,s11_left_hand_090,left_hand,90,5,inferred_from_protocol,True,,test,run_holdout,-1
s11,s11_left_hand_091,left_hand,91,5,inferred_from_protocol,True,,test,run_holdout,-1
s11,s11_left_hand_092,left_hand,92,5,inferred_from_protocol,True,,test,run_holdout,-1
s11,s11_left_hand_093,left_hand,93,5,inferred_from_protocol,True,,test,run_holdout,-1
s11,s11_left_hand_094,left_hand,94,5,inferred_from_protocol,True,,test,run_holdout,-1
s11,s11_left_hand_095,left_hand,95,5,inferred_from_protocol,True,,test,run_holdout,-1
s11,s11_left_hand_096,left_hand,96,5,inferred_from_protocol,True,,test,run_holdout,-1
s11,s11_left_hand_097,left_hand,97,5,inferred_from_protocol,True,,test,run_holdout,-1
s11,s11_left_hand_098,left_hand,98,5,inferred_from_protocol,True,,test,run_holdout,-1
s11,s11_left_hand_099,left_hand,99,5,inferred_from_protocol,True,,test,run_holdout,-1
s11,s11_right_hand_000,right_hand,0,1,inferred_from_protocol,True,,train,run_holdout,-1
s11,s11_right_hand_001,right_hand,1,1,inferred_from_protocol,True,,train,run_holdout,-1
s11,s11_right_hand_002,right_hand,2,1,inferred_from_protocol,True,,train,run_holdout,-1
s11,s11_right_hand_003,right_hand,3,1,inferred_from_protocol,True,,train,run_holdout,-1
s11,s11_right_hand_004,right_hand,4,1,inferred_from_protocol,True,,train,run_holdout,-1
s11,s11_right_hand_005,right_hand,5,1,inferred_from_protocol,True,,train,run_holdout,-1
s11,s11_right_hand_006,right_hand,6,1,inferred_from_protocol,True,,train,run_holdout,-1
s11,s11_right_hand_007,right_hand,7,1,inferred_from_protocol,True,,train,run_holdout,-1
s11,s11_right_hand_008,right_hand,8,1,inferred_from_protocol,True,,train,run_holdout,-1
s11,s11_right_hand_009,right_hand,9,1,inferred_from_protocol,True,,train,run_holdout,-1
s11,s11_right_hand_010,right_hand,10,1,inferred_from_protocol,True,,train,run_holdout,-1
s11,s11_right_hand_011,right_hand,11,1,inferred_from_protocol,True,,train,run_holdout,-1
s11,s11_right_hand_012,right_hand,12,1,inferred_from_protocol,True,,train,run_holdout,-1
s11,s11_right_hand_013,right_hand,13,1,inferred_from_protocol,True,,train,run_holdout,-1
s11,s11_right_hand_014,right_hand,14,1,inferred_from_protocol,True,,train,run_holdout,-1
s11,s11_right_hand_015,right_hand,15,1,inferred_from_protocol,True,,train,run_holdout,-1
s11,s11_right_hand_016,right_hand,16,1,inferred_from_protocol,True,,train,run_holdout,-1
s11,s11_right_hand_017,right_hand,17,1,inferred_from_protocol,True,,train,run_holdout,-1
s11,s11_right_hand_018,right_hand,18,1,inferred_from_protocol,True,,train,run_holdout,-1
s11,s11_right_hand_019,right_hand,19,1,inferred_from_protocol,True,,train,run_holdout,-1
s11,s11_right_hand_020,right_hand,20,2,inferred_from_protocol,True,,train,run_holdout,-1
s11,s11_right_hand_021,right_hand,21,2,inferred_from_protocol,True,,train,run_holdout,-1
s11,s11_right_hand_022,right_hand,22,2,inferred_from_protocol,True,,train,run_holdout,-1
s11,s11_right_hand_023,right_hand,23,2,inferred_from_protocol,True,,train,run_holdout,-1
s11,s11_right_hand_024,right_hand,24,2,inferred_from_protocol,True,,train,run_holdout,-1
s11,s11_right_hand_025,right_hand,25,2,inferred_from_protocol,True,,train,run_holdout,-1
s11,s11_right_hand_026,right_hand,26,2,inferred_from_protocol,True,,train,run_holdout,-1
s11,s11_right_hand_027,right_hand,27,2,inferred_from_protocol,True,,train,run_holdout,-1
s11,s11_right_hand_028,right_hand,28,2,inferred_from_protocol,True,,train,run_holdout,-1
s11,s11_right_hand_029,right_hand,29,2,inferred_from_protocol,True,,train,run_holdout,-1
s11,s11_right_hand_030,right_hand,30,2,inferred_from_protocol,True,,train,run_holdout,-1
s11,s11_right_hand_031,right_hand,31,2,inferred_from_protocol,True,,train,run_holdout,-1
s11,s11_right_hand_032,right_hand,32,2,inferred_from_protocol,True,,train,run_holdout,-1
s11,s11_right_hand_033,right_hand,33,2,inferred_from_protocol,True,,train,run_holdout,-1
s11,s11_right_hand_034,right_hand,34,2,inferred_from_protocol,True,,train,run_holdout,-1
s11,s11_right_hand_035,right_hand,35,2,inferred_from_protocol,True,,train,run_holdout,-1
s11,s11_right_hand_036,right_hand,36,2,inferred_from_protocol,True,,train,run_holdout,-1
s11,s11_right_hand_037,right_hand,37,2,inferred_from_protocol,True,,train,run_holdout,-1
s11,s11_right_hand_038,right_hand,38,2,inferred_from_protocol,True,,train,run_holdout,-1
s11,s11_right_hand_039,right_hand,39,2,inferred_from_protocol,True,,train,run_holdout,-1
s11,s11_right_hand_040,right_hand,40,3,inferred_from_protocol,True,,train,run_holdout,-1
s11,s11_right_hand_041,right_hand,41,3,inferred_from_protocol,True,,train,run_holdout,-1
s11,s11_right_hand_042,right_hand,42,3,inferred_from_protocol,True,,train,run_holdout,-1
s11,s11_right_hand_043,right_hand,43,3,inferred_from_protocol,True,,train,run_holdout,-1
s11,s11_right_hand_044,right_hand,44,3,inferred_from_protocol,True,,train,run_holdout,-1
s11,s11_right_hand_045,right_hand,45,3,inferred_from_protocol,True,,train,run_holdout,-1
s11,s11_right_hand_046,right_hand,46,3,inferred_from_protocol,True,,train,run_holdout,-1
s11,s11_right_hand_047,right_hand,47,3,inferred_from_protocol,True,,train,run_holdout,-1
s11,s11_right_hand_048,right_hand,48,3,inferred_from_protocol,True,,train,run_holdout,-1
s11,s11_right_hand_049,right_hand,49,3,inferred_from_protocol,True,,train,run_holdout,-1
s11,s11_right_hand_050,right_hand,50,3,inferred_from_protocol,True,,train,run_holdout,-1
s11,s11_right_hand_051,right_hand,51,3,inferred_from_protocol,True,,train,run_holdout,-1
s11,s11_right_hand_052,right_hand,52,3,inferred_from_protocol,True,,train,run_holdout,-1
s11,s11_right_hand_053,right_hand,53,3,inferred_from_protocol,True,,train,run_holdout,-1
s11,s11_right_hand_054,right_hand,54,3,inferred_from_protocol,True,,train,run_holdout,-1
s11,s11_right_hand_055,right_hand,55,3,inferred_from_protocol,True,,train,run_holdout,-1
s11,s11_right_hand_056,right_hand,56,3,inferred_from_protocol,True,,train,run_holdout,-1
s11,s11_right_hand_057,right_hand,57,3,inferred_from_protocol,True,,train,run_holdout,-1
s11,s11_right_hand_058,right_hand,58,3,inferred_from_protocol,True,,train,run_holdout,-1
s11,s11_right_hand_059,right_hand,59,3,inferred_from_protocol,True,,train,run_holdout,-1
s11,s11_right_hand_060,right_hand,60,4,inferred_from_protocol,True,,val,run_holdout,-1
s11,s11_right_hand_061,right_hand,61,4,inferred_from_protocol,True,,val,run_holdout,-1
s11,s11_right_hand_062,right_hand,62,4,inferred_from_protocol,True,,val,run_holdout,-1
s11,s11_right_hand_063,right_hand,63,4,inferred_from_protocol,True,,val,run_holdout,-1
s11,s11_right_hand_064,right_hand,64,4,inferred_from_protocol,True,,val,run_holdout,-1
s11,s11_right_hand_065,right_hand,65,4,inferred_from_protocol,True,,val,run_holdout,-1
s11,s11_right_hand_066,right_hand,66,4,inferred_from_protocol,True,,val,run_holdout,-1
s11,s11_right_hand_067,right_hand,67,4,inferred_from_protocol,True,,val,run_holdout,-1
s11,s11_right_hand_068,right_hand,68,4,inferred_from_protocol,True,,val,run_holdout,-1
s11,s11_right_hand_069,right_hand,69,4,inferred_from_protocol,True,,val,run_holdout,-1
s11,s11_right_hand_070,right_hand,70,4,inferred_from_protocol,True,,val,run_holdout,-1
s11,s11_right_hand_071,right_hand,71,4,inferred_from_protocol,True,,val,run_holdout,-1
s11,s11_right_hand_072,right_hand,72,4,inferred_from_protocol,True,,val,run_holdout,-1
s11,s11_right_hand_073,right_hand,73,4,inferred_from_protocol,True,,val,run_holdout,-1
s11,s11_right_hand_074,right_hand,74,4,inferred_from_protocol,True,,val,run_holdout,-1
s11,s11_right_hand_075,right_hand,75,4,inferred_from_protocol,True,,val,run_holdout,-1
s11,s11_right_hand_076,right_hand,76,4,inferred_from_protocol,True,,val,run_holdout,-1
s11,s11_right_hand_077,right_hand,77,4,inferred_from_protocol,True,,val,run_holdout,-1
s11,s11_right_hand_078,right_hand,78,4,inferred_from_protocol,True,,val,run_holdout,-1
s11,s11_right_hand_079,right_hand,79,4,inferred_from_protocol,True,,val,run_holdout,-1
s11,s11_right_hand_080,right_hand,80,5,inferred_from_protocol,True,,test,run_holdout,-1
s11,s11_right_hand_081,right_hand,81,5,inferred_from_protocol,True,,test,run_holdout,-1
s11,s11_right_hand_082,right_hand,82,5,inferred_from_protocol,True,,test,run_holdout,-1
s11,s11_right_hand_083,right_hand,83,5,inferred_from_protocol,True,,test,run_holdout,-1
s11,s11_right_hand_084,right_hand,84,5,inferred_from_protocol,True,,test,run_holdout,-1
s11,s11_right_hand_085,right_hand,85,5,inferred_from_protocol,True,,test,run_holdout,-1
s11,s11_right_hand_086,right_hand,86,5,inferred_from_protocol,True,,test,run_holdout,-1
s11,s11_right_hand_087,right_hand,87,5,inferred_from_protocol,True,,test,run_holdout,-1
s11,s11_right_hand_088,right_hand,88,5,inferred_from_protocol,True,,test,run_holdout,-1
s11,s11_right_hand_089,right_hand,89,5,inferred_from_protocol,True,,test,run_holdout,-1
s11,s11_right_hand_090,right_hand,90,5,inferred_from_protocol,True,,test,run_holdout,-1
s11,s11_right_hand_091,right_hand,91,5,inferred_from_protocol,True,,test,run_holdout,-1
s11,s11_right_hand_092,right_hand,92,5,inferred_from_protocol,True,,test,run_holdout,-1
s11,s11_right_hand_093,right_hand,93,5,inferred_from_protocol,True,,test,run_holdout,-1
s11,s11_right_hand_094,right_hand,94,5,inferred_from_protocol,True,,test,run_holdout,-1
s11,s11_right_hand_095,right_hand,95,5,inferred_from_protocol,True,,test,run_holdout,-1
s11,s11_right_hand_096,right_hand,96,5,inferred_from_protocol,True,,test,run_holdout,-1
s11,s11_right_hand_097,right_hand,97,5,inferred_from_protocol,True,,test,run_holdout,-1
s11,s11_right_hand_098,right_hand,98,5,inferred_from_protocol,True,,test,run_holdout,-1
s11,s11_right_hand_099,right_hand,99,5,inferred_from_protocol,True,,test,run_holdout,-1
s12,s12_left_hand_000,left_hand,0,1,inferred_from_protocol,True,,train,run_holdout,-1
s12,s12_left_hand_001,left_hand,1,1,inferred_from_protocol,True,,train,run_holdout,-1
s12,s12_left_hand_002,left_hand,2,1,inferred_from_protocol,True,,train,run_holdout,-1
s12,s12_left_hand_003,left_hand,3,1,inferred_from_protocol,True,,train,run_holdout,-1
s12,s12_left_hand_004,left_hand,4,1,inferred_from_protocol,True,,train,run_holdout,-1
s12,s12_left_hand_005,left_hand,5,1,inferred_from_protocol,True,,train,run_holdout,-1
s12,s12_left_hand_006,left_hand,6,1,inferred_from_protocol,True,,train,run_holdout,-1
s12,s12_left_hand_007,left_hand,7,1,inferred_from_protocol,True,,train,run_holdout,-1
s12,s12_left_hand_008,left_hand,8,1,inferred_from_protocol,True,,train,run_holdout,-1
s12,s12_left_hand_009,left_hand,9,1,inferred_from_protocol,True,,train,run_holdout,-1
s12,s12_left_hand_010,left_hand,10,1,inferred_from_protocol,True,,train,run_holdout,-1
s12,s12_left_hand_011,left_hand,11,1,inferred_from_protocol,True,,train,run_holdout,-1
s12,s12_left_hand_012,left_hand,12,1,inferred_from_protocol,True,,train,run_holdout,-1
s12,s12_left_hand_013,left_hand,13,1,inferred_from_protocol,True,,train,run_holdout,-1
s12,s12_left_hand_014,left_hand,14,1,inferred_from_protocol,True,,train,run_holdout,-1
s12,s12_left_hand_015,left_hand,15,1,inferred_from_protocol,True,,train,run_holdout,-1
s12,s12_left_hand_016,left_hand,16,1,inferred_from_protocol,True,,train,run_holdout,-1
s12,s12_left_hand_017,left_hand,17,1,inferred_from_protocol,True,,train,run_holdout,-1
s12,s12_left_hand_018,left_hand,18,1,inferred_from_protocol,True,,train,run_holdout,-1
s12,s12_left_hand_019,left_hand,19,1,inferred_from_protocol,True,,train,run_holdout,-1
s12,s12_left_hand_020,left_hand,20,2,inferred_from_protocol,True,,train,run_holdout,-1
s12,s12_left_hand_021,left_hand,21,2,inferred_from_protocol,True,,train,run_holdout,-1
s12,s12_left_hand_022,left_hand,22,2,inferred_from_protocol,True,,train,run_holdout,-1
s12,s12_left_hand_023,left_hand,23,2,inferred_from_protocol,True,,train,run_holdout,-1
s12,s12_left_hand_024,left_hand,24,2,inferred_from_protocol,True,,train,run_holdout,-1
s12,s12_left_hand_025,left_hand,25,2,inferred_from_protocol,True,,train,run_holdout,-1
s12,s12_left_hand_026,left_hand,26,2,inferred_from_protocol,True,,train,run_holdout,-1
s12,s12_left_hand_027,left_hand,27,2,inferred_from_protocol,True,,train,run_holdout,-1
s12,s12_left_hand_028,left_hand,28,2,inferred_from_protocol,True,,train,run_holdout,-1
s12,s12_left_hand_029,left_hand,29,2,inferred_from_protocol,True,,train,run_holdout,-1
s12,s12_left_hand_030,left_hand,30,2,inferred_from_protocol,True,,train,run_holdout,-1
s12,s12_left_hand_031,left_hand,31,2,inferred_from_protocol,True,,train,run_holdout,-1
s12,s12_left_hand_032,left_hand,32,2,inferred_from_protocol,True,,train,run_holdout,-1
s12,s12_left_hand_033,left_hand,33,2,inferred_from_protocol,True,,train,run_holdout,-1
s12,s12_left_hand_034,left_hand,34,2,inferred_from_protocol,True,,train,run_holdout,-1
s12,s12_left_hand_035,left_hand,35,2,inferred_from_protocol,False,emg_correlation,train,run_holdout,-1
s12,s12_left_hand_036,left_hand,36,2,inferred_from_protocol,True,,train,run_holdout,-1
s12,s12_left_hand_037,left_hand,37,2,inferred_from_protocol,True,,train,run_holdout,-1
s12,s12_left_hand_038,left_hand,38,2,inferred_from_protocol,True,,train,run_holdout,-1
s12,s12_left_hand_039,left_hand,39,2,inferred_from_protocol,True,,train,run_holdout,-1
s12,s12_left_hand_040,left_hand,40,3,inferred_from_protocol,True,,train,run_holdout,-1
s12,s12_left_hand_041,left_hand,41,3,inferred_from_protocol,True,,train,run_holdout,-1
s12,s12_left_hand_042,left_hand,42,3,inferred_from_protocol,True,,train,run_holdout,-1
s12,s12_left_hand_043,left_hand,43,3,inferred_from_protocol,True,,train,run_holdout,-1
s12,s12_left_hand_044,left_hand,44,3,inferred_from_protocol,True,,train,run_holdout,-1
s12,s12_left_hand_045,left_hand,45,3,inferred_from_protocol,True,,train,run_holdout,-1
s12,s12_left_hand_046,left_hand,46,3,inferred_from_protocol,True,,train,run_holdout,-1
s12,s12_left_hand_047,left_hand,47,3,inferred_from_protocol,True,,train,run_holdout,-1
s12,s12_left_hand_048,left_hand,48,3,inferred_from_protocol,True,,train,run_holdout,-1
s12,s12_left_hand_049,left_hand,49,3,inferred_from_protocol,True,,train,run_holdout,-1
s12,s12_left_hand_050,left_hand,50,3,inferred_from_protocol,True,,train,run_holdout,-1
s12,s12_left_hand_051,left_hand,51,3,inferred_from_protocol,True,,train,run_holdout,-1
s12,s12_left_hand_052,left_hand,52,3,inferred_from_protocol,True,,train,run_holdout,-1
s12,s12_left_hand_053,left_hand,53,3,inferred_from_protocol,True,,train,run_holdout,-1
s12,s12_left_hand_054,left_hand,54,3,inferred_from_protocol,True,,train,run_holdout,-1
s12,s12_left_hand_055,left_hand,55,3,inferred_from_protocol,False,emg_correlation,train,run_holdout,-1
s12,s12_left_hand_056,left_hand,56,3,inferred_from_protocol,True,,train,run_holdout,-1
s12,s12_left_hand_057,left_hand,57,3,inferred_from_protocol,True,,train,run_holdout,-1
s12,s12_left_hand_058,left_hand,58,3,inferred_from_protocol,False,emg_correlation,train,run_holdout,-1
s12,s12_left_hand_059,left_hand,59,3,inferred_from_protocol,False,emg_correlation,train,run_holdout,-1
s12,s12_left_hand_060,left_hand,60,4,inferred_from_protocol,True,,val,run_holdout,-1
s12,s12_left_hand_061,left_hand,61,4,inferred_from_protocol,True,,val,run_holdout,-1
s12,s12_left_hand_062,left_hand,62,4,inferred_from_protocol,True,,val,run_holdout,-1
s12,s12_left_hand_063,left_hand,63,4,inferred_from_protocol,True,,val,run_holdout,-1
s12,s12_left_hand_064,left_hand,64,4,inferred_from_protocol,True,,val,run_holdout,-1
s12,s12_left_hand_065,left_hand,65,4,inferred_from_protocol,False,emg_correlation,val,run_holdout,-1
s12,s12_left_hand_066,left_hand,66,4,inferred_from_protocol,True,,val,run_holdout,-1
s12,s12_left_hand_067,left_hand,67,4,inferred_from_protocol,True,,val,run_holdout,-1
s12,s12_left_hand_068,left_hand,68,4,inferred_from_protocol,True,,val,run_holdout,-1
s12,s12_left_hand_069,left_hand,69,4,inferred_from_protocol,False,emg_correlation,val,run_holdout,-1
s12,s12_left_hand_070,left_hand,70,4,inferred_from_protocol,True,,val,run_holdout,-1
s12,s12_left_hand_071,left_hand,71,4,inferred_from_protocol,True,,val,run_holdout,-1
s12,s12_left_hand_072,left_hand,72,4,inferred_from_protocol,True,,val,run_holdout,-1
s12,s12_left_hand_073,left_hand,73,4,inferred_from_protocol,True,,val,run_holdout,-1
s12,s12_left_hand_074,left_hand,74,4,inferred_from_protocol,True,,val,run_holdout,-1
s12,s12_left_hand_075,left_hand,75,4,inferred_from_protocol,True,,val,run_holdout,-1
s12,s12_left_hand_076,left_hand,76,4,inferred_from_protocol,True,,val,run_holdout,-1
s12,s12_left_hand_077,left_hand,77,4,inferred_from_protocol,True,,val,run_holdout,-1
s12,s12_left_hand_078,left_hand,78,4,inferred_from_protocol,True,,val,run_holdout,-1
s12,s12_left_hand_079,left_hand,79,4,inferred_from_protocol,True,,val,run_holdout,-1
s12,s12_left_hand_080,left_hand,80,5,inferred_from_protocol,True,,test,run_holdout,-1
s12,s12_left_hand_081,left_hand,81,5,inferred_from_protocol,True,,test,run_holdout,-1
s12,s12_left_hand_082,left_hand,82,5,inferred_from_protocol,True,,test,run_holdout,-1
s12,s12_left_hand_083,left_hand,83,5,inferred_from_protocol,False,emg_correlation,test,run_holdout,-1
s12,s12_left_hand_084,left_hand,84,5,inferred_from_protocol,True,,test,run_holdout,-1
s12,s12_left_hand_085,left_hand,85,5,inferred_from_protocol,True,,test,run_holdout,-1
s12,s12_left_hand_086,left_hand,86,5,inferred_from_protocol,True,,test,run_holdout,-1
s12,s12_left_hand_087,left_hand,87,5,inferred_from_protocol,True,,test,run_holdout,-1
s12,s12_left_hand_088,left_hand,88,5,inferred_from_protocol,False,emg_correlation,test,run_holdout,-1
s12,s12_left_hand_089,left_hand,89,5,inferred_from_protocol,False,emg_correlation,test,run_holdout,-1
s12,s12_left_hand_090,left_hand,90,5,inferred_from_protocol,False,emg_correlation,test,run_holdout,-1
s12,s12_left_hand_091,left_hand,91,5,inferred_from_protocol,True,,test,run_holdout,-1
s12,s12_left_hand_092,left_hand,92,5,inferred_from_protocol,True,,test,run_holdout,-1
s12,s12_left_hand_093,left_hand,93,5,inferred_from_protocol,False,emg_correlation,test,run_holdout,-1
s12,s12_left_hand_094,left_hand,94,5,inferred_from_protocol,False,emg_correlation,test,run_holdout,-1
s12,s12_left_hand_095,left_hand,95,5,inferred_from_protocol,False,emg_correlation,test,run_holdout,-1
s12,s12_left_hand_096,left_hand,96,5,inferred_from_protocol,True,,test,run_holdout,-1
s12,s12_left_hand_097,left_hand,97,5,inferred_from_protocol,False,emg_correlation,test,run_holdout,-1
s12,s12_left_hand_098,left_hand,98,5,inferred_from_protocol,True,,test,run_holdout,-1
s12,s12_left_hand_099,left_hand,99,5,inferred_from_protocol,True,,test,run_holdout,-1
s12,s12_right_hand_000,right_hand,0,1,inferred_from_protocol,True,,train,run_holdout,-1
s12,s12_right_hand_001,right_hand,1,1,inferred_from_protocol,True,,train,run_holdout,-1
s12,s12_right_hand_002,right_hand,2,1,inferred_from_protocol,True,,train,run_holdout,-1
s12,s12_right_hand_003,right_hand,3,1,inferred_from_protocol,True,,train,run_holdout,-1
s12,s12_right_hand_004,right_hand,4,1,inferred_from_protocol,True,,train,run_holdout,-1
s12,s12_right_hand_005,right_hand,5,1,inferred_from_protocol,True,,train,run_holdout,-1
s12,s12_right_hand_006,right_hand,6,1,inferred_from_protocol,True,,train,run_holdout,-1
s12,s12_right_hand_007,right_hand,7,1,inferred_from_protocol,True,,train,run_holdout,-1
s12,s12_right_hand_008,right_hand,8,1,inferred_from_protocol,True,,train,run_holdout,-1
s12,s12_right_hand_009,right_hand,9,1,inferred_from_protocol,True,,train,run_holdout,-1
s12,s12_right_hand_010,right_hand,10,1,inferred_from_protocol,True,,train,run_holdout,-1
s12,s12_right_hand_011,right_hand,11,1,inferred_from_protocol,True,,train,run_holdout,-1
s12,s12_right_hand_012,right_hand,12,1,inferred_from_protocol,True,,train,run_holdout,-1
s12,s12_right_hand_013,right_hand,13,1,inferred_from_protocol,True,,train,run_holdout,-1
s12,s12_right_hand_014,right_hand,14,1,inferred_from_protocol,True,,train,run_holdout,-1
s12,s12_right_hand_015,right_hand,15,1,inferred_from_protocol,True,,train,run_holdout,-1
s12,s12_right_hand_016,right_hand,16,1,inferred_from_protocol,True,,train,run_holdout,-1
s12,s12_right_hand_017,right_hand,17,1,inferred_from_protocol,True,,train,run_holdout,-1
s12,s12_right_hand_018,right_hand,18,1,inferred_from_protocol,True,,train,run_holdout,-1
s12,s12_right_hand_019,right_hand,19,1,inferred_from_protocol,True,,train,run_holdout,-1
s12,s12_right_hand_020,right_hand,20,2,inferred_from_protocol,True,,train,run_holdout,-1
s12,s12_right_hand_021,right_hand,21,2,inferred_from_protocol,True,,train,run_holdout,-1
s12,s12_right_hand_022,right_hand,22,2,inferred_from_protocol,True,,train,run_holdout,-1
s12,s12_right_hand_023,right_hand,23,2,inferred_from_protocol,True,,train,run_holdout,-1
s12,s12_right_hand_024,right_hand,24,2,inferred_from_protocol,True,,train,run_holdout,-1
s12,s12_right_hand_025,right_hand,25,2,inferred_from_protocol,False,emg_correlation,train,run_holdout,-1
s12,s12_right_hand_026,right_hand,26,2,inferred_from_protocol,True,,train,run_holdout,-1
s12,s12_right_hand_027,right_hand,27,2,inferred_from_protocol,True,,train,run_holdout,-1
s12,s12_right_hand_028,right_hand,28,2,inferred_from_protocol,True,,train,run_holdout,-1
s12,s12_right_hand_029,right_hand,29,2,inferred_from_protocol,True,,train,run_holdout,-1
s12,s12_right_hand_030,right_hand,30,2,inferred_from_protocol,True,,train,run_holdout,-1
s12,s12_right_hand_031,right_hand,31,2,inferred_from_protocol,False,emg_correlation,train,run_holdout,-1
s12,s12_right_hand_032,right_hand,32,2,inferred_from_protocol,True,,train,run_holdout,-1
s12,s12_right_hand_033,right_hand,33,2,inferred_from_protocol,True,,train,run_holdout,-1
s12,s12_right_hand_034,right_hand,34,2,inferred_from_protocol,True,,train,run_holdout,-1
s12,s12_right_hand_035,right_hand,35,2,inferred_from_protocol,True,,train,run_holdout,-1
s12,s12_right_hand_036,right_hand,36,2,inferred_from_protocol,True,,train,run_holdout,-1
s12,s12_right_hand_037,right_hand,37,2,inferred_from_protocol,True,,train,run_holdout,-1
s12,s12_right_hand_038,right_hand,38,2,inferred_from_protocol,True,,train,run_holdout,-1
s12,s12_right_hand_039,right_hand,39,2,inferred_from_protocol,False,emg_correlation,train,run_holdout,-1
s12,s12_right_hand_040,right_hand,40,3,inferred_from_protocol,True,,train,run_holdout,-1
s12,s12_right_hand_041,right_hand,41,3,inferred_from_protocol,True,,train,run_holdout,-1
s12,s12_right_hand_042,right_hand,42,3,inferred_from_protocol,True,,train,run_holdout,-1
s12,s12_right_hand_043,right_hand,43,3,inferred_from_protocol,True,,train,run_holdout,-1
s12,s12_right_hand_044,right_hand,44,3,inferred_from_protocol,True,,train,run_holdout,-1
s12,s12_right_hand_045,right_hand,45,3,inferred_from_protocol,True,,train,run_holdout,-1
s12,s12_right_hand_046,right_hand,46,3,inferred_from_protocol,True,,train,run_holdout,-1
s12,s12_right_hand_047,right_hand,47,3,inferred_from_protocol,True,,train,run_holdout,-1
s12,s12_right_hand_048,right_hand,48,3,inferred_from_protocol,True,,train,run_holdout,-1
s12,s12_right_hand_049,right_hand,49,3,inferred_from_protocol,True,,train,run_holdout,-1
s12,s12_right_hand_050,right_hand,50,3,inferred_from_protocol,True,,train,run_holdout,-1
s12,s12_right_hand_051,right_hand,51,3,inferred_from_protocol,False,emg_correlation,train,run_holdout,-1
s12,s12_right_hand_052,right_hand,52,3,inferred_from_protocol,True,,train,run_holdout,-1
s12,s12_right_hand_053,right_hand,53,3,inferred_from_protocol,False,emg_correlation,train,run_holdout,-1
s12,s12_right_hand_054,right_hand,54,3,inferred_from_protocol,False,emg_correlation,train,run_holdout,-1
s12,s12_right_hand_055,right_hand,55,3,inferred_from_protocol,False,emg_correlation,train,run_holdout,-1
s12,s12_right_hand_056,right_hand,56,3,inferred_from_protocol,True,,train,run_holdout,-1
s12,s12_right_hand_057,right_hand,57,3,inferred_from_protocol,True,,train,run_holdout,-1
s12,s12_right_hand_058,right_hand,58,3,inferred_from_protocol,True,,train,run_holdout,-1
s12,s12_right_hand_059,right_hand,59,3,inferred_from_protocol,True,,train,run_holdout,-1
s12,s12_right_hand_060,right_hand,60,4,inferred_from_protocol,True,,val,run_holdout,-1
s12,s12_right_hand_061,right_hand,61,4,inferred_from_protocol,True,,val,run_holdout,-1
s12,s12_right_hand_062,right_hand,62,4,inferred_from_protocol,True,,val,run_holdout,-1
s12,s12_right_hand_063,right_hand,63,4,inferred_from_protocol,True,,val,run_holdout,-1
s12,s12_right_hand_064,right_hand,64,4,inferred_from_protocol,True,,val,run_holdout,-1
s12,s12_right_hand_065,right_hand,65,4,inferred_from_protocol,True,,val,run_holdout,-1
s12,s12_right_hand_066,right_hand,66,4,inferred_from_protocol,True,,val,run_holdout,-1
s12,s12_right_hand_067,right_hand,67,4,inferred_from_protocol,True,,val,run_holdout,-1
s12,s12_right_hand_068,right_hand,68,4,inferred_from_protocol,True,,val,run_holdout,-1
s12,s12_right_hand_069,right_hand,69,4,inferred_from_protocol,True,,val,run_holdout,-1
s12,s12_right_hand_070,right_hand,70,4,inferred_from_protocol,True,,val,run_holdout,-1
s12,s12_right_hand_071,right_hand,71,4,inferred_from_protocol,True,,val,run_holdout,-1
s12,s12_right_hand_072,right_hand,72,4,inferred_from_protocol,True,,val,run_holdout,-1
s12,s12_right_hand_073,right_hand,73,4,inferred_from_protocol,True,,val,run_holdout,-1
s12,s12_right_hand_074,right_hand,74,4,inferred_from_protocol,True,,val,run_holdout,-1
s12,s12_right_hand_075,right_hand,75,4,inferred_from_protocol,True,,val,run_holdout,-1
s12,s12_right_hand_076,right_hand,76,4,inferred_from_protocol,True,,val,run_holdout,-1
s12,s12_right_hand_077,right_hand,77,4,inferred_from_protocol,True,,val,run_holdout,-1
s12,s12_right_hand_078,right_hand,78,4,inferred_from_protocol,True,,val,run_holdout,-1
s12,s12_right_hand_079,right_hand,79,4,inferred_from_protocol,True,,val,run_holdout,-1
s12,s12_right_hand_080,right_hand,80,5,inferred_from_protocol,True,,test,run_holdout,-1
s12,s12_right_hand_081,right_hand,81,5,inferred_from_protocol,True,,test,run_holdout,-1
s12,s12_right_hand_082,right_hand,82,5,inferred_from_protocol,True,,test,run_holdout,-1
s12,s12_right_hand_083,right_hand,83,5,inferred_from_protocol,True,,test,run_holdout,-1
s12,s12_right_hand_084,right_hand,84,5,inferred_from_protocol,True,,test,run_holdout,-1
s12,s12_right_hand_085,right_hand,85,5,inferred_from_protocol,False,emg_correlation,test,run_holdout,-1
s12,s12_right_hand_086,right_hand,86,5,inferred_from_protocol,True,,test,run_holdout,-1
s12,s12_right_hand_087,right_hand,87,5,inferred_from_protocol,True,,test,run_holdout,-1
s12,s12_right_hand_088,right_hand,88,5,inferred_from_protocol,True,,test,run_holdout,-1
s12,s12_right_hand_089,right_hand,89,5,inferred_from_protocol,True,,test,run_holdout,-1
s12,s12_right_hand_090,right_hand,90,5,inferred_from_protocol,True,,test,run_holdout,-1
s12,s12_right_hand_091,right_hand,91,5,inferred_from_protocol,False,emg_correlation,test,run_holdout,-1
s12,s12_right_hand_092,right_hand,92,5,inferred_from_protocol,True,,test,run_holdout,-1
s12,s12_right_hand_093,right_hand,93,5,inferred_from_protocol,True,,test,run_holdout,-1
s12,s12_right_hand_094,right_hand,94,5,inferred_from_protocol,True,,test,run_holdout,-1
s12,s12_right_hand_095,right_hand,95,5,inferred_from_protocol,True,,test,run_holdout,-1
s12,s12_right_hand_096,right_hand,96,5,inferred_from_protocol,True,,test,run_holdout,-1
s12,s12_right_hand_097,right_hand,97,5,inferred_from_protocol,False,emg_correlation,test,run_holdout,-1
s12,s12_right_hand_098,right_hand,98,5,inferred_from_protocol,False,emg_correlation,test,run_holdout,-1
s12,s12_right_hand_099,right_hand,99,5,inferred_from_protocol,False,emg_correlation,test,run_holdout,-1
s13,s13_left_hand_000,left_hand,0,1,inferred_from_protocol,True,,train,run_holdout,-1
s13,s13_left_hand_001,left_hand,1,1,inferred_from_protocol,True,,train,run_holdout,-1
s13,s13_left_hand_002,left_hand,2,1,inferred_from_protocol,True,,train,run_holdout,-1
s13,s13_left_hand_003,left_hand,3,1,inferred_from_protocol,True,,train,run_holdout,-1
s13,s13_left_hand_004,left_hand,4,1,inferred_from_protocol,True,,train,run_holdout,-1
s13,s13_left_hand_005,left_hand,5,1,inferred_from_protocol,True,,train,run_holdout,-1
s13,s13_left_hand_006,left_hand,6,1,inferred_from_protocol,True,,train,run_holdout,-1
s13,s13_left_hand_007,left_hand,7,1,inferred_from_protocol,True,,train,run_holdout,-1
s13,s13_left_hand_008,left_hand,8,1,inferred_from_protocol,True,,train,run_holdout,-1
s13,s13_left_hand_009,left_hand,9,1,inferred_from_protocol,True,,train,run_holdout,-1
s13,s13_left_hand_010,left_hand,10,1,inferred_from_protocol,True,,train,run_holdout,-1
s13,s13_left_hand_011,left_hand,11,1,inferred_from_protocol,True,,train,run_holdout,-1
s13,s13_left_hand_012,left_hand,12,1,inferred_from_protocol,True,,train,run_holdout,-1
s13,s13_left_hand_013,left_hand,13,1,inferred_from_protocol,True,,train,run_holdout,-1
s13,s13_left_hand_014,left_hand,14,1,inferred_from_protocol,True,,train,run_holdout,-1
s13,s13_left_hand_015,left_hand,15,1,inferred_from_protocol,True,,train,run_holdout,-1
s13,s13_left_hand_016,left_hand,16,1,inferred_from_protocol,True,,train,run_holdout,-1
s13,s13_left_hand_017,left_hand,17,1,inferred_from_protocol,True,,train,run_holdout,-1
s13,s13_left_hand_018,left_hand,18,1,inferred_from_protocol,True,,train,run_holdout,-1
s13,s13_left_hand_019,left_hand,19,1,inferred_from_protocol,True,,train,run_holdout,-1
s13,s13_left_hand_020,left_hand,20,2,inferred_from_protocol,True,,train,run_holdout,-1
s13,s13_left_hand_021,left_hand,21,2,inferred_from_protocol,True,,train,run_holdout,-1
s13,s13_left_hand_022,left_hand,22,2,inferred_from_protocol,True,,train,run_holdout,-1
s13,s13_left_hand_023,left_hand,23,2,inferred_from_protocol,True,,train,run_holdout,-1
s13,s13_left_hand_024,left_hand,24,2,inferred_from_protocol,True,,train,run_holdout,-1
s13,s13_left_hand_025,left_hand,25,2,inferred_from_protocol,True,,train,run_holdout,-1
s13,s13_left_hand_026,left_hand,26,2,inferred_from_protocol,True,,train,run_holdout,-1
s13,s13_left_hand_027,left_hand,27,2,inferred_from_protocol,True,,train,run_holdout,-1
s13,s13_left_hand_028,left_hand,28,2,inferred_from_protocol,True,,train,run_holdout,-1
s13,s13_left_hand_029,left_hand,29,2,inferred_from_protocol,True,,train,run_holdout,-1
s13,s13_left_hand_030,left_hand,30,2,inferred_from_protocol,True,,train,run_holdout,-1
s13,s13_left_hand_031,left_hand,31,2,inferred_from_protocol,True,,train,run_holdout,-1
s13,s13_left_hand_032,left_hand,32,2,inferred_from_protocol,True,,train,run_holdout,-1
s13,s13_left_hand_033,left_hand,33,2,inferred_from_protocol,True,,train,run_holdout,-1
s13,s13_left_hand_034,left_hand,34,2,inferred_from_protocol,True,,train,run_holdout,-1
s13,s13_left_hand_035,left_hand,35,2,inferred_from_protocol,True,,train,run_holdout,-1
s13,s13_left_hand_036,left_hand,36,2,inferred_from_protocol,True,,train,run_holdout,-1
s13,s13_left_hand_037,left_hand,37,2,inferred_from_protocol,True,,train,run_holdout,-1
s13,s13_left_hand_038,left_hand,38,2,inferred_from_protocol,True,,train,run_holdout,-1
s13,s13_left_hand_039,left_hand,39,2,inferred_from_protocol,True,,train,run_holdout,-1
s13,s13_left_hand_040,left_hand,40,3,inferred_from_protocol,True,,train,run_holdout,-1
s13,s13_left_hand_041,left_hand,41,3,inferred_from_protocol,True,,train,run_holdout,-1
s13,s13_left_hand_042,left_hand,42,3,inferred_from_protocol,True,,train,run_holdout,-1
s13,s13_left_hand_043,left_hand,43,3,inferred_from_protocol,True,,train,run_holdout,-1
s13,s13_left_hand_044,left_hand,44,3,inferred_from_protocol,True,,train,run_holdout,-1
s13,s13_left_hand_045,left_hand,45,3,inferred_from_protocol,True,,train,run_holdout,-1
s13,s13_left_hand_046,left_hand,46,3,inferred_from_protocol,True,,train,run_holdout,-1
s13,s13_left_hand_047,left_hand,47,3,inferred_from_protocol,True,,train,run_holdout,-1
s13,s13_left_hand_048,left_hand,48,3,inferred_from_protocol,True,,train,run_holdout,-1
s13,s13_left_hand_049,left_hand,49,3,inferred_from_protocol,True,,train,run_holdout,-1
s13,s13_left_hand_050,left_hand,50,3,inferred_from_protocol,True,,train,run_holdout,-1
s13,s13_left_hand_051,left_hand,51,3,inferred_from_protocol,True,,train,run_holdout,-1
s13,s13_left_hand_052,left_hand,52,3,inferred_from_protocol,True,,train,run_holdout,-1
s13,s13_left_hand_053,left_hand,53,3,inferred_from_protocol,True,,train,run_holdout,-1
s13,s13_left_hand_054,left_hand,54,3,inferred_from_protocol,True,,train,run_holdout,-1
s13,s13_left_hand_055,left_hand,55,3,inferred_from_protocol,True,,train,run_holdout,-1
s13,s13_left_hand_056,left_hand,56,3,inferred_from_protocol,True,,train,run_holdout,-1
s13,s13_left_hand_057,left_hand,57,3,inferred_from_protocol,True,,train,run_holdout,-1
s13,s13_left_hand_058,left_hand,58,3,inferred_from_protocol,True,,train,run_holdout,-1
s13,s13_left_hand_059,left_hand,59,3,inferred_from_protocol,True,,train,run_holdout,-1
s13,s13_left_hand_060,left_hand,60,4,inferred_from_protocol,True,,val,run_holdout,-1
s13,s13_left_hand_061,left_hand,61,4,inferred_from_protocol,True,,val,run_holdout,-1
s13,s13_left_hand_062,left_hand,62,4,inferred_from_protocol,True,,val,run_holdout,-1
s13,s13_left_hand_063,left_hand,63,4,inferred_from_protocol,True,,val,run_holdout,-1
s13,s13_left_hand_064,left_hand,64,4,inferred_from_protocol,True,,val,run_holdout,-1
s13,s13_left_hand_065,left_hand,65,4,inferred_from_protocol,True,,val,run_holdout,-1
s13,s13_left_hand_066,left_hand,66,4,inferred_from_protocol,True,,val,run_holdout,-1
s13,s13_left_hand_067,left_hand,67,4,inferred_from_protocol,True,,val,run_holdout,-1
s13,s13_left_hand_068,left_hand,68,4,inferred_from_protocol,True,,val,run_holdout,-1
s13,s13_left_hand_069,left_hand,69,4,inferred_from_protocol,True,,val,run_holdout,-1
s13,s13_left_hand_070,left_hand,70,4,inferred_from_protocol,True,,val,run_holdout,-1
s13,s13_left_hand_071,left_hand,71,4,inferred_from_protocol,True,,val,run_holdout,-1
s13,s13_left_hand_072,left_hand,72,4,inferred_from_protocol,True,,val,run_holdout,-1
s13,s13_left_hand_073,left_hand,73,4,inferred_from_protocol,True,,val,run_holdout,-1
s13,s13_left_hand_074,left_hand,74,4,inferred_from_protocol,True,,val,run_holdout,-1
s13,s13_left_hand_075,left_hand,75,4,inferred_from_protocol,True,,val,run_holdout,-1
s13,s13_left_hand_076,left_hand,76,4,inferred_from_protocol,True,,val,run_holdout,-1
s13,s13_left_hand_077,left_hand,77,4,inferred_from_protocol,True,,val,run_holdout,-1
s13,s13_left_hand_078,left_hand,78,4,inferred_from_protocol,True,,val,run_holdout,-1
s13,s13_left_hand_079,left_hand,79,4,inferred_from_protocol,True,,val,run_holdout,-1
s13,s13_left_hand_080,left_hand,80,5,inferred_from_protocol,True,,test,run_holdout,-1
s13,s13_left_hand_081,left_hand,81,5,inferred_from_protocol,True,,test,run_holdout,-1
s13,s13_left_hand_082,left_hand,82,5,inferred_from_protocol,True,,test,run_holdout,-1
s13,s13_left_hand_083,left_hand,83,5,inferred_from_protocol,True,,test,run_holdout,-1
s13,s13_left_hand_084,left_hand,84,5,inferred_from_protocol,True,,test,run_holdout,-1
s13,s13_left_hand_085,left_hand,85,5,inferred_from_protocol,True,,test,run_holdout,-1
s13,s13_left_hand_086,left_hand,86,5,inferred_from_protocol,True,,test,run_holdout,-1
s13,s13_left_hand_087,left_hand,87,5,inferred_from_protocol,True,,test,run_holdout,-1
s13,s13_left_hand_088,left_hand,88,5,inferred_from_protocol,True,,test,run_holdout,-1
s13,s13_left_hand_089,left_hand,89,5,inferred_from_protocol,True,,test,run_holdout,-1
s13,s13_left_hand_090,left_hand,90,5,inferred_from_protocol,True,,test,run_holdout,-1
s13,s13_left_hand_091,left_hand,91,5,inferred_from_protocol,True,,test,run_holdout,-1
s13,s13_left_hand_092,left_hand,92,5,inferred_from_protocol,True,,test,run_holdout,-1
s13,s13_left_hand_093,left_hand,93,5,inferred_from_protocol,True,,test,run_holdout,-1
s13,s13_left_hand_094,left_hand,94,5,inferred_from_protocol,True,,test,run_holdout,-1
s13,s13_left_hand_095,left_hand,95,5,inferred_from_protocol,True,,test,run_holdout,-1
s13,s13_left_hand_096,left_hand,96,5,inferred_from_protocol,True,,test,run_holdout,-1
s13,s13_left_hand_097,left_hand,97,5,inferred_from_protocol,True,,test,run_holdout,-1
s13,s13_left_hand_098,left_hand,98,5,inferred_from_protocol,True,,test,run_holdout,-1
s13,s13_left_hand_099,left_hand,99,5,inferred_from_protocol,True,,test,run_holdout,-1
s13,s13_right_hand_000,right_hand,0,1,inferred_from_protocol,True,,train,run_holdout,-1
s13,s13_right_hand_001,right_hand,1,1,inferred_from_protocol,True,,train,run_holdout,-1
s13,s13_right_hand_002,right_hand,2,1,inferred_from_protocol,True,,train,run_holdout,-1
s13,s13_right_hand_003,right_hand,3,1,inferred_from_protocol,True,,train,run_holdout,-1
s13,s13_right_hand_004,right_hand,4,1,inferred_from_protocol,True,,train,run_holdout,-1
s13,s13_right_hand_005,right_hand,5,1,inferred_from_protocol,True,,train,run_holdout,-1
s13,s13_right_hand_006,right_hand,6,1,inferred_from_protocol,True,,train,run_holdout,-1
s13,s13_right_hand_007,right_hand,7,1,inferred_from_protocol,True,,train,run_holdout,-1
s13,s13_right_hand_008,right_hand,8,1,inferred_from_protocol,True,,train,run_holdout,-1
s13,s13_right_hand_009,right_hand,9,1,inferred_from_protocol,True,,train,run_holdout,-1
s13,s13_right_hand_010,right_hand,10,1,inferred_from_protocol,True,,train,run_holdout,-1
s13,s13_right_hand_011,right_hand,11,1,inferred_from_protocol,True,,train,run_holdout,-1
s13,s13_right_hand_012,right_hand,12,1,inferred_from_protocol,True,,train,run_holdout,-1
s13,s13_right_hand_013,right_hand,13,1,inferred_from_protocol,True,,train,run_holdout,-1
s13,s13_right_hand_014,right_hand,14,1,inferred_from_protocol,True,,train,run_holdout,-1
s13,s13_right_hand_015,right_hand,15,1,inferred_from_protocol,True,,train,run_holdout,-1
s13,s13_right_hand_016,right_hand,16,1,inferred_from_protocol,True,,train,run_holdout,-1
s13,s13_right_hand_017,right_hand,17,1,inferred_from_protocol,True,,train,run_holdout,-1
s13,s13_right_hand_018,right_hand,18,1,inferred_from_protocol,True,,train,run_holdout,-1
s13,s13_right_hand_019,right_hand,19,1,inferred_from_protocol,True,,train,run_holdout,-1
s13,s13_right_hand_020,right_hand,20,2,inferred_from_protocol,True,,train,run_holdout,-1
s13,s13_right_hand_021,right_hand,21,2,inferred_from_protocol,True,,train,run_holdout,-1
s13,s13_right_hand_022,right_hand,22,2,inferred_from_protocol,True,,train,run_holdout,-1
s13,s13_right_hand_023,right_hand,23,2,inferred_from_protocol,True,,train,run_holdout,-1
s13,s13_right_hand_024,right_hand,24,2,inferred_from_protocol,True,,train,run_holdout,-1
s13,s13_right_hand_025,right_hand,25,2,inferred_from_protocol,True,,train,run_holdout,-1
s13,s13_right_hand_026,right_hand,26,2,inferred_from_protocol,True,,train,run_holdout,-1
s13,s13_right_hand_027,right_hand,27,2,inferred_from_protocol,True,,train,run_holdout,-1
s13,s13_right_hand_028,right_hand,28,2,inferred_from_protocol,True,,train,run_holdout,-1
s13,s13_right_hand_029,right_hand,29,2,inferred_from_protocol,True,,train,run_holdout,-1
s13,s13_right_hand_030,right_hand,30,2,inferred_from_protocol,True,,train,run_holdout,-1
s13,s13_right_hand_031,right_hand,31,2,inferred_from_protocol,True,,train,run_holdout,-1
s13,s13_right_hand_032,right_hand,32,2,inferred_from_protocol,True,,train,run_holdout,-1
s13,s13_right_hand_033,right_hand,33,2,inferred_from_protocol,True,,train,run_holdout,-1
s13,s13_right_hand_034,right_hand,34,2,inferred_from_protocol,True,,train,run_holdout,-1
s13,s13_right_hand_035,right_hand,35,2,inferred_from_protocol,True,,train,run_holdout,-1
s13,s13_right_hand_036,right_hand,36,2,inferred_from_protocol,True,,train,run_holdout,-1
s13,s13_right_hand_037,right_hand,37,2,inferred_from_protocol,True,,train,run_holdout,-1
s13,s13_right_hand_038,right_hand,38,2,inferred_from_protocol,True,,train,run_holdout,-1
s13,s13_right_hand_039,right_hand,39,2,inferred_from_protocol,True,,train,run_holdout,-1
s13,s13_right_hand_040,right_hand,40,3,inferred_from_protocol,True,,train,run_holdout,-1
s13,s13_right_hand_041,right_hand,41,3,inferred_from_protocol,True,,train,run_holdout,-1
s13,s13_right_hand_042,right_hand,42,3,inferred_from_protocol,True,,train,run_holdout,-1
s13,s13_right_hand_043,right_hand,43,3,inferred_from_protocol,True,,train,run_holdout,-1
s13,s13_right_hand_044,right_hand,44,3,inferred_from_protocol,True,,train,run_holdout,-1
s13,s13_right_hand_045,right_hand,45,3,inferred_from_protocol,True,,train,run_holdout,-1
s13,s13_right_hand_046,right_hand,46,3,inferred_from_protocol,True,,train,run_holdout,-1
s13,s13_right_hand_047,right_hand,47,3,inferred_from_protocol,True,,train,run_holdout,-1
s13,s13_right_hand_048,right_hand,48,3,inferred_from_protocol,True,,train,run_holdout,-1
s13,s13_right_hand_049,right_hand,49,3,inferred_from_protocol,True,,train,run_holdout,-1
s13,s13_right_hand_050,right_hand,50,3,inferred_from_protocol,True,,train,run_holdout,-1
s13,s13_right_hand_051,right_hand,51,3,inferred_from_protocol,True,,train,run_holdout,-1
s13,s13_right_hand_052,right_hand,52,3,inferred_from_protocol,True,,train,run_holdout,-1
s13,s13_right_hand_053,right_hand,53,3,inferred_from_protocol,True,,train,run_holdout,-1
s13,s13_right_hand_054,right_hand,54,3,inferred_from_protocol,True,,train,run_holdout,-1
s13,s13_right_hand_055,right_hand,55,3,inferred_from_protocol,True,,train,run_holdout,-1
s13,s13_right_hand_056,right_hand,56,3,inferred_from_protocol,True,,train,run_holdout,-1
s13,s13_right_hand_057,right_hand,57,3,inferred_from_protocol,True,,train,run_holdout,-1
s13,s13_right_hand_058,right_hand,58,3,inferred_from_protocol,True,,train,run_holdout,-1
s13,s13_right_hand_059,right_hand,59,3,inferred_from_protocol,True,,train,run_holdout,-1
s13,s13_right_hand_060,right_hand,60,4,inferred_from_protocol,True,,val,run_holdout,-1
s13,s13_right_hand_061,right_hand,61,4,inferred_from_protocol,True,,val,run_holdout,-1
s13,s13_right_hand_062,right_hand,62,4,inferred_from_protocol,True,,val,run_holdout,-1
s13,s13_right_hand_063,right_hand,63,4,inferred_from_protocol,True,,val,run_holdout,-1
s13,s13_right_hand_064,right_hand,64,4,inferred_from_protocol,True,,val,run_holdout,-1
s13,s13_right_hand_065,right_hand,65,4,inferred_from_protocol,True,,val,run_holdout,-1
s13,s13_right_hand_066,right_hand,66,4,inferred_from_protocol,True,,val,run_holdout,-1
s13,s13_right_hand_067,right_hand,67,4,inferred_from_protocol,True,,val,run_holdout,-1
s13,s13_right_hand_068,right_hand,68,4,inferred_from_protocol,True,,val,run_holdout,-1
s13,s13_right_hand_069,right_hand,69,4,inferred_from_protocol,True,,val,run_holdout,-1
s13,s13_right_hand_070,right_hand,70,4,inferred_from_protocol,True,,val,run_holdout,-1
s13,s13_right_hand_071,right_hand,71,4,inferred_from_protocol,True,,val,run_holdout,-1
s13,s13_right_hand_072,right_hand,72,4,inferred_from_protocol,True,,val,run_holdout,-1
s13,s13_right_hand_073,right_hand,73,4,inferred_from_protocol,True,,val,run_holdout,-1
s13,s13_right_hand_074,right_hand,74,4,inferred_from_protocol,True,,val,run_holdout,-1
s13,s13_right_hand_075,right_hand,75,4,inferred_from_protocol,True,,val,run_holdout,-1
s13,s13_right_hand_076,right_hand,76,4,inferred_from_protocol,True,,val,run_holdout,-1
s13,s13_right_hand_077,right_hand,77,4,inferred_from_protocol,True,,val,run_holdout,-1
s13,s13_right_hand_078,right_hand,78,4,inferred_from_protocol,True,,val,run_holdout,-1
s13,s13_right_hand_079,right_hand,79,4,inferred_from_protocol,True,,val,run_holdout,-1
s13,s13_right_hand_080,right_hand,80,5,inferred_from_protocol,True,,test,run_holdout,-1
s13,s13_right_hand_081,right_hand,81,5,inferred_from_protocol,True,,test,run_holdout,-1
s13,s13_right_hand_082,right_hand,82,5,inferred_from_protocol,True,,test,run_holdout,-1
s13,s13_right_hand_083,right_hand,83,5,inferred_from_protocol,True,,test,run_holdout,-1
s13,s13_right_hand_084,right_hand,84,5,inferred_from_protocol,True,,test,run_holdout,-1
s13,s13_right_hand_085,right_hand,85,5,inferred_from_protocol,True,,test,run_holdout,-1
s13,s13_right_hand_086,right_hand,86,5,inferred_from_protocol,True,,test,run_holdout,-1
s13,s13_right_hand_087,right_hand,87,5,inferred_from_protocol,True,,test,run_holdout,-1
s13,s13_right_hand_088,right_hand,88,5,inferred_from_protocol,True,,test,run_holdout,-1
s13,s13_right_hand_089,right_hand,89,5,inferred_from_protocol,True,,test,run_holdout,-1
s13,s13_right_hand_090,right_hand,90,5,inferred_from_protocol,True,,test,run_holdout,-1
s13,s13_right_hand_091,right_hand,91,5,inferred_from_protocol,True,,test,run_holdout,-1
s13,s13_right_hand_092,right_hand,92,5,inferred_from_protocol,True,,test,run_holdout,-1
s13,s13_right_hand_093,right_hand,93,5,inferred_from_protocol,True,,test,run_holdout,-1
s13,s13_right_hand_094,right_hand,94,5,inferred_from_protocol,True,,test,run_holdout,-1
s13,s13_right_hand_095,right_hand,95,5,inferred_from_protocol,True,,test,run_holdout,-1
s13,s13_right_hand_096,right_hand,96,5,inferred_from_protocol,True,,test,run_holdout,-1
s13,s13_right_hand_097,right_hand,97,5,inferred_from_protocol,True,,test,run_holdout,-1
s13,s13_right_hand_098,right_hand,98,5,inferred_from_protocol,True,,test,run_holdout,-1
s13,s13_right_hand_099,right_hand,99,5,inferred_from_protocol,True,,test,run_holdout,-1
s14,s14_left_hand_000,left_hand,0,1,inferred_from_protocol,True,,train,run_holdout,-1
s14,s14_left_hand_001,left_hand,1,1,inferred_from_protocol,True,,train,run_holdout,-1
s14,s14_left_hand_002,left_hand,2,1,inferred_from_protocol,True,,train,run_holdout,-1
s14,s14_left_hand_003,left_hand,3,1,inferred_from_protocol,True,,train,run_holdout,-1
s14,s14_left_hand_004,left_hand,4,1,inferred_from_protocol,True,,train,run_holdout,-1
s14,s14_left_hand_005,left_hand,5,1,inferred_from_protocol,True,,train,run_holdout,-1
s14,s14_left_hand_006,left_hand,6,1,inferred_from_protocol,True,,train,run_holdout,-1
s14,s14_left_hand_007,left_hand,7,1,inferred_from_protocol,True,,train,run_holdout,-1
s14,s14_left_hand_008,left_hand,8,1,inferred_from_protocol,True,,train,run_holdout,-1
s14,s14_left_hand_009,left_hand,9,1,inferred_from_protocol,True,,train,run_holdout,-1
s14,s14_left_hand_010,left_hand,10,1,inferred_from_protocol,True,,train,run_holdout,-1
s14,s14_left_hand_011,left_hand,11,1,inferred_from_protocol,True,,train,run_holdout,-1
s14,s14_left_hand_012,left_hand,12,1,inferred_from_protocol,True,,train,run_holdout,-1
s14,s14_left_hand_013,left_hand,13,1,inferred_from_protocol,True,,train,run_holdout,-1
s14,s14_left_hand_014,left_hand,14,1,inferred_from_protocol,True,,train,run_holdout,-1
s14,s14_left_hand_015,left_hand,15,1,inferred_from_protocol,True,,train,run_holdout,-1
s14,s14_left_hand_016,left_hand,16,1,inferred_from_protocol,True,,train,run_holdout,-1
s14,s14_left_hand_017,left_hand,17,1,inferred_from_protocol,True,,train,run_holdout,-1
s14,s14_left_hand_018,left_hand,18,1,inferred_from_protocol,True,,train,run_holdout,-1
s14,s14_left_hand_019,left_hand,19,1,inferred_from_protocol,True,,train,run_holdout,-1
s14,s14_left_hand_020,left_hand,20,2,inferred_from_protocol,True,,train,run_holdout,-1
s14,s14_left_hand_021,left_hand,21,2,inferred_from_protocol,True,,train,run_holdout,-1
s14,s14_left_hand_022,left_hand,22,2,inferred_from_protocol,True,,train,run_holdout,-1
s14,s14_left_hand_023,left_hand,23,2,inferred_from_protocol,True,,train,run_holdout,-1
s14,s14_left_hand_024,left_hand,24,2,inferred_from_protocol,True,,train,run_holdout,-1
s14,s14_left_hand_025,left_hand,25,2,inferred_from_protocol,True,,train,run_holdout,-1
s14,s14_left_hand_026,left_hand,26,2,inferred_from_protocol,True,,train,run_holdout,-1
s14,s14_left_hand_027,left_hand,27,2,inferred_from_protocol,True,,train,run_holdout,-1
s14,s14_left_hand_028,left_hand,28,2,inferred_from_protocol,True,,train,run_holdout,-1
s14,s14_left_hand_029,left_hand,29,2,inferred_from_protocol,True,,train,run_holdout,-1
s14,s14_left_hand_030,left_hand,30,2,inferred_from_protocol,True,,train,run_holdout,-1
s14,s14_left_hand_031,left_hand,31,2,inferred_from_protocol,True,,train,run_holdout,-1
s14,s14_left_hand_032,left_hand,32,2,inferred_from_protocol,True,,train,run_holdout,-1
s14,s14_left_hand_033,left_hand,33,2,inferred_from_protocol,True,,train,run_holdout,-1
s14,s14_left_hand_034,left_hand,34,2,inferred_from_protocol,True,,train,run_holdout,-1
s14,s14_left_hand_035,left_hand,35,2,inferred_from_protocol,True,,train,run_holdout,-1
s14,s14_left_hand_036,left_hand,36,2,inferred_from_protocol,True,,train,run_holdout,-1
s14,s14_left_hand_037,left_hand,37,2,inferred_from_protocol,True,,train,run_holdout,-1
s14,s14_left_hand_038,left_hand,38,2,inferred_from_protocol,True,,train,run_holdout,-1
s14,s14_left_hand_039,left_hand,39,2,inferred_from_protocol,True,,train,run_holdout,-1
s14,s14_left_hand_040,left_hand,40,3,inferred_from_protocol,True,,train,run_holdout,-1
s14,s14_left_hand_041,left_hand,41,3,inferred_from_protocol,True,,train,run_holdout,-1
s14,s14_left_hand_042,left_hand,42,3,inferred_from_protocol,True,,train,run_holdout,-1
s14,s14_left_hand_043,left_hand,43,3,inferred_from_protocol,True,,train,run_holdout,-1
s14,s14_left_hand_044,left_hand,44,3,inferred_from_protocol,True,,train,run_holdout,-1
s14,s14_left_hand_045,left_hand,45,3,inferred_from_protocol,True,,train,run_holdout,-1
s14,s14_left_hand_046,left_hand,46,3,inferred_from_protocol,True,,train,run_holdout,-1
s14,s14_left_hand_047,left_hand,47,3,inferred_from_protocol,True,,train,run_holdout,-1
s14,s14_left_hand_048,left_hand,48,3,inferred_from_protocol,True,,train,run_holdout,-1
s14,s14_left_hand_049,left_hand,49,3,inferred_from_protocol,True,,train,run_holdout,-1
s14,s14_left_hand_050,left_hand,50,3,inferred_from_protocol,True,,train,run_holdout,-1
s14,s14_left_hand_051,left_hand,51,3,inferred_from_protocol,True,,train,run_holdout,-1
s14,s14_left_hand_052,left_hand,52,3,inferred_from_protocol,True,,train,run_holdout,-1
s14,s14_left_hand_053,left_hand,53,3,inferred_from_protocol,True,,train,run_holdout,-1
s14,s14_left_hand_054,left_hand,54,3,inferred_from_protocol,True,,train,run_holdout,-1
s14,s14_left_hand_055,left_hand,55,3,inferred_from_protocol,True,,train,run_holdout,-1
s14,s14_left_hand_056,left_hand,56,3,inferred_from_protocol,True,,train,run_holdout,-1
s14,s14_left_hand_057,left_hand,57,3,inferred_from_protocol,True,,train,run_holdout,-1
s14,s14_left_hand_058,left_hand,58,3,inferred_from_protocol,True,,train,run_holdout,-1
s14,s14_left_hand_059,left_hand,59,3,inferred_from_protocol,True,,train,run_holdout,-1
s14,s14_left_hand_060,left_hand,60,4,inferred_from_protocol,True,,val,run_holdout,-1
s14,s14_left_hand_061,left_hand,61,4,inferred_from_protocol,True,,val,run_holdout,-1
s14,s14_left_hand_062,left_hand,62,4,inferred_from_protocol,True,,val,run_holdout,-1
s14,s14_left_hand_063,left_hand,63,4,inferred_from_protocol,True,,val,run_holdout,-1
s14,s14_left_hand_064,left_hand,64,4,inferred_from_protocol,True,,val,run_holdout,-1
s14,s14_left_hand_065,left_hand,65,4,inferred_from_protocol,True,,val,run_holdout,-1
s14,s14_left_hand_066,left_hand,66,4,inferred_from_protocol,True,,val,run_holdout,-1
s14,s14_left_hand_067,left_hand,67,4,inferred_from_protocol,True,,val,run_holdout,-1
s14,s14_left_hand_068,left_hand,68,4,inferred_from_protocol,True,,val,run_holdout,-1
s14,s14_left_hand_069,left_hand,69,4,inferred_from_protocol,True,,val,run_holdout,-1
s14,s14_left_hand_070,left_hand,70,4,inferred_from_protocol,True,,val,run_holdout,-1
s14,s14_left_hand_071,left_hand,71,4,inferred_from_protocol,True,,val,run_holdout,-1
s14,s14_left_hand_072,left_hand,72,4,inferred_from_protocol,True,,val,run_holdout,-1
s14,s14_left_hand_073,left_hand,73,4,inferred_from_protocol,True,,val,run_holdout,-1
s14,s14_left_hand_074,left_hand,74,4,inferred_from_protocol,True,,val,run_holdout,-1
s14,s14_left_hand_075,left_hand,75,4,inferred_from_protocol,True,,val,run_holdout,-1
s14,s14_left_hand_076,left_hand,76,4,inferred_from_protocol,True,,val,run_holdout,-1
s14,s14_left_hand_077,left_hand,77,4,inferred_from_protocol,True,,val,run_holdout,-1
s14,s14_left_hand_078,left_hand,78,4,inferred_from_protocol,True,,val,run_holdout,-1
s14,s14_left_hand_079,left_hand,79,4,inferred_from_protocol,True,,val,run_holdout,-1
s14,s14_left_hand_080,left_hand,80,5,inferred_from_protocol,True,,test,run_holdout,-1
s14,s14_left_hand_081,left_hand,81,5,inferred_from_protocol,True,,test,run_holdout,-1
s14,s14_left_hand_082,left_hand,82,5,inferred_from_protocol,True,,test,run_holdout,-1
s14,s14_left_hand_083,left_hand,83,5,inferred_from_protocol,True,,test,run_holdout,-1
s14,s14_left_hand_084,left_hand,84,5,inferred_from_protocol,True,,test,run_holdout,-1
s14,s14_left_hand_085,left_hand,85,5,inferred_from_protocol,True,,test,run_holdout,-1
s14,s14_left_hand_086,left_hand,86,5,inferred_from_protocol,True,,test,run_holdout,-1
s14,s14_left_hand_087,left_hand,87,5,inferred_from_protocol,True,,test,run_holdout,-1
s14,s14_left_hand_088,left_hand,88,5,inferred_from_protocol,True,,test,run_holdout,-1
s14,s14_left_hand_089,left_hand,89,5,inferred_from_protocol,True,,test,run_holdout,-1
s14,s14_left_hand_090,left_hand,90,5,inferred_from_protocol,True,,test,run_holdout,-1
s14,s14_left_hand_091,left_hand,91,5,inferred_from_protocol,True,,test,run_holdout,-1
s14,s14_left_hand_092,left_hand,92,5,inferred_from_protocol,True,,test,run_holdout,-1
s14,s14_left_hand_093,left_hand,93,5,inferred_from_protocol,True,,test,run_holdout,-1
s14,s14_left_hand_094,left_hand,94,5,inferred_from_protocol,True,,test,run_holdout,-1
s14,s14_left_hand_095,left_hand,95,5,inferred_from_protocol,True,,test,run_holdout,-1
s14,s14_left_hand_096,left_hand,96,5,inferred_from_protocol,True,,test,run_holdout,-1
s14,s14_left_hand_097,left_hand,97,5,inferred_from_protocol,True,,test,run_holdout,-1
s14,s14_left_hand_098,left_hand,98,5,inferred_from_protocol,True,,test,run_holdout,-1
s14,s14_left_hand_099,left_hand,99,5,inferred_from_protocol,True,,test,run_holdout,-1
s14,s14_right_hand_000,right_hand,0,1,inferred_from_protocol,True,,train,run_holdout,-1
s14,s14_right_hand_001,right_hand,1,1,inferred_from_protocol,True,,train,run_holdout,-1
s14,s14_right_hand_002,right_hand,2,1,inferred_from_protocol,True,,train,run_holdout,-1
s14,s14_right_hand_003,right_hand,3,1,inferred_from_protocol,True,,train,run_holdout,-1
s14,s14_right_hand_004,right_hand,4,1,inferred_from_protocol,True,,train,run_holdout,-1
s14,s14_right_hand_005,right_hand,5,1,inferred_from_protocol,True,,train,run_holdout,-1
s14,s14_right_hand_006,right_hand,6,1,inferred_from_protocol,True,,train,run_holdout,-1
s14,s14_right_hand_007,right_hand,7,1,inferred_from_protocol,True,,train,run_holdout,-1
s14,s14_right_hand_008,right_hand,8,1,inferred_from_protocol,True,,train,run_holdout,-1
s14,s14_right_hand_009,right_hand,9,1,inferred_from_protocol,True,,train,run_holdout,-1
s14,s14_right_hand_010,right_hand,10,1,inferred_from_protocol,True,,train,run_holdout,-1
s14,s14_right_hand_011,right_hand,11,1,inferred_from_protocol,True,,train,run_holdout,-1
s14,s14_right_hand_012,right_hand,12,1,inferred_from_protocol,True,,train,run_holdout,-1
s14,s14_right_hand_013,right_hand,13,1,inferred_from_protocol,True,,train,run_holdout,-1
s14,s14_right_hand_014,right_hand,14,1,inferred_from_protocol,True,,train,run_holdout,-1
s14,s14_right_hand_015,right_hand,15,1,inferred_from_protocol,True,,train,run_holdout,-1
s14,s14_right_hand_016,right_hand,16,1,inferred_from_protocol,True,,train,run_holdout,-1
s14,s14_right_hand_017,right_hand,17,1,inferred_from_protocol,True,,train,run_holdout,-1
s14,s14_right_hand_018,right_hand,18,1,inferred_from_protocol,True,,train,run_holdout,-1
s14,s14_right_hand_019,right_hand,19,1,inferred_from_protocol,True,,train,run_holdout,-1
s14,s14_right_hand_020,right_hand,20,2,inferred_from_protocol,True,,train,run_holdout,-1
s14,s14_right_hand_021,right_hand,21,2,inferred_from_protocol,True,,train,run_holdout,-1
s14,s14_right_hand_022,right_hand,22,2,inferred_from_protocol,True,,train,run_holdout,-1
s14,s14_right_hand_023,right_hand,23,2,inferred_from_protocol,True,,train,run_holdout,-1
s14,s14_right_hand_024,right_hand,24,2,inferred_from_protocol,True,,train,run_holdout,-1
s14,s14_right_hand_025,right_hand,25,2,inferred_from_protocol,True,,train,run_holdout,-1
s14,s14_right_hand_026,right_hand,26,2,inferred_from_protocol,True,,train,run_holdout,-1
s14,s14_right_hand_027,right_hand,27,2,inferred_from_protocol,True,,train,run_holdout,-1
s14,s14_right_hand_028,right_hand,28,2,inferred_from_protocol,True,,train,run_holdout,-1
s14,s14_right_hand_029,right_hand,29,2,inferred_from_protocol,True,,train,run_holdout,-1
s14,s14_right_hand_030,right_hand,30,2,inferred_from_protocol,True,,train,run_holdout,-1
s14,s14_right_hand_031,right_hand,31,2,inferred_from_protocol,True,,train,run_holdout,-1
s14,s14_right_hand_032,right_hand,32,2,inferred_from_protocol,True,,train,run_holdout,-1
s14,s14_right_hand_033,right_hand,33,2,inferred_from_protocol,True,,train,run_holdout,-1
s14,s14_right_hand_034,right_hand,34,2,inferred_from_protocol,True,,train,run_holdout,-1
s14,s14_right_hand_035,right_hand,35,2,inferred_from_protocol,True,,train,run_holdout,-1
s14,s14_right_hand_036,right_hand,36,2,inferred_from_protocol,True,,train,run_holdout,-1
s14,s14_right_hand_037,right_hand,37,2,inferred_from_protocol,True,,train,run_holdout,-1
s14,s14_right_hand_038,right_hand,38,2,inferred_from_protocol,True,,train,run_holdout,-1
s14,s14_right_hand_039,right_hand,39,2,inferred_from_protocol,True,,train,run_holdout,-1
s14,s14_right_hand_040,right_hand,40,3,inferred_from_protocol,True,,train,run_holdout,-1
s14,s14_right_hand_041,right_hand,41,3,inferred_from_protocol,True,,train,run_holdout,-1
s14,s14_right_hand_042,right_hand,42,3,inferred_from_protocol,True,,train,run_holdout,-1
s14,s14_right_hand_043,right_hand,43,3,inferred_from_protocol,True,,train,run_holdout,-1
s14,s14_right_hand_044,right_hand,44,3,inferred_from_protocol,True,,train,run_holdout,-1
s14,s14_right_hand_045,right_hand,45,3,inferred_from_protocol,True,,train,run_holdout,-1
s14,s14_right_hand_046,right_hand,46,3,inferred_from_protocol,True,,train,run_holdout,-1
s14,s14_right_hand_047,right_hand,47,3,inferred_from_protocol,True,,train,run_holdout,-1
s14,s14_right_hand_048,right_hand,48,3,inferred_from_protocol,True,,train,run_holdout,-1
s14,s14_right_hand_049,right_hand,49,3,inferred_from_protocol,True,,train,run_holdout,-1
s14,s14_right_hand_050,right_hand,50,3,inferred_from_protocol,True,,train,run_holdout,-1
s14,s14_right_hand_051,right_hand,51,3,inferred_from_protocol,True,,train,run_holdout,-1
s14,s14_right_hand_052,right_hand,52,3,inferred_from_protocol,True,,train,run_holdout,-1
s14,s14_right_hand_053,right_hand,53,3,inferred_from_protocol,True,,train,run_holdout,-1
s14,s14_right_hand_054,right_hand,54,3,inferred_from_protocol,True,,train,run_holdout,-1
s14,s14_right_hand_055,right_hand,55,3,inferred_from_protocol,True,,train,run_holdout,-1
s14,s14_right_hand_056,right_hand,56,3,inferred_from_protocol,True,,train,run_holdout,-1
s14,s14_right_hand_057,right_hand,57,3,inferred_from_protocol,True,,train,run_holdout,-1
s14,s14_right_hand_058,right_hand,58,3,inferred_from_protocol,True,,train,run_holdout,-1
s14,s14_right_hand_059,right_hand,59,3,inferred_from_protocol,True,,train,run_holdout,-1
s14,s14_right_hand_060,right_hand,60,4,inferred_from_protocol,True,,val,run_holdout,-1
s14,s14_right_hand_061,right_hand,61,4,inferred_from_protocol,True,,val,run_holdout,-1
s14,s14_right_hand_062,right_hand,62,4,inferred_from_protocol,True,,val,run_holdout,-1
s14,s14_right_hand_063,right_hand,63,4,inferred_from_protocol,True,,val,run_holdout,-1
s14,s14_right_hand_064,right_hand,64,4,inferred_from_protocol,True,,val,run_holdout,-1
s14,s14_right_hand_065,right_hand,65,4,inferred_from_protocol,True,,val,run_holdout,-1
s14,s14_right_hand_066,right_hand,66,4,inferred_from_protocol,True,,val,run_holdout,-1
s14,s14_right_hand_067,right_hand,67,4,inferred_from_protocol,True,,val,run_holdout,-1
s14,s14_right_hand_068,right_hand,68,4,inferred_from_protocol,True,,val,run_holdout,-1
s14,s14_right_hand_069,right_hand,69,4,inferred_from_protocol,True,,val,run_holdout,-1
s14,s14_right_hand_070,right_hand,70,4,inferred_from_protocol,True,,val,run_holdout,-1
s14,s14_right_hand_071,right_hand,71,4,inferred_from_protocol,True,,val,run_holdout,-1
s14,s14_right_hand_072,right_hand,72,4,inferred_from_protocol,True,,val,run_holdout,-1
s14,s14_right_hand_073,right_hand,73,4,inferred_from_protocol,True,,val,run_holdout,-1
s14,s14_right_hand_074,right_hand,74,4,inferred_from_protocol,True,,val,run_holdout,-1
s14,s14_right_hand_075,right_hand,75,4,inferred_from_protocol,True,,val,run_holdout,-1
s14,s14_right_hand_076,right_hand,76,4,inferred_from_protocol,True,,val,run_holdout,-1
s14,s14_right_hand_077,right_hand,77,4,inferred_from_protocol,True,,val,run_holdout,-1
s14,s14_right_hand_078,right_hand,78,4,inferred_from_protocol,True,,val,run_holdout,-1
s14,s14_right_hand_079,right_hand,79,4,inferred_from_protocol,True,,val,run_holdout,-1
s14,s14_right_hand_080,right_hand,80,5,inferred_from_protocol,True,,test,run_holdout,-1
s14,s14_right_hand_081,right_hand,81,5,inferred_from_protocol,True,,test,run_holdout,-1
s14,s14_right_hand_082,right_hand,82,5,inferred_from_protocol,True,,test,run_holdout,-1
s14,s14_right_hand_083,right_hand,83,5,inferred_from_protocol,True,,test,run_holdout,-1
s14,s14_right_hand_084,right_hand,84,5,inferred_from_protocol,True,,test,run_holdout,-1
s14,s14_right_hand_085,right_hand,85,5,inferred_from_protocol,True,,test,run_holdout,-1
s14,s14_right_hand_086,right_hand,86,5,inferred_from_protocol,True,,test,run_holdout,-1
s14,s14_right_hand_087,right_hand,87,5,inferred_from_protocol,True,,test,run_holdout,-1
s14,s14_right_hand_088,right_hand,88,5,inferred_from_protocol,True,,test,run_holdout,-1
s14,s14_right_hand_089,right_hand,89,5,inferred_from_protocol,True,,test,run_holdout,-1
s14,s14_right_hand_090,right_hand,90,5,inferred_from_protocol,True,,test,run_holdout,-1
s14,s14_right_hand_091,right_hand,91,5,inferred_from_protocol,True,,test,run_holdout,-1
s14,s14_right_hand_092,right_hand,92,5,inferred_from_protocol,True,,test,run_holdout,-1
s14,s14_right_hand_093,right_hand,93,5,inferred_from_protocol,True,,test,run_holdout,-1
s14,s14_right_hand_094,right_hand,94,5,inferred_from_protocol,True,,test,run_holdout,-1
s14,s14_right_hand_095,right_hand,95,5,inferred_from_protocol,True,,test,run_holdout,-1
s14,s14_right_hand_096,right_hand,96,5,inferred_from_protocol,True,,test,run_holdout,-1
s14,s14_right_hand_097,right_hand,97,5,inferred_from_protocol,True,,test,run_holdout,-1
s14,s14_right_hand_098,right_hand,98,5,inferred_from_protocol,True,,test,run_holdout,-1
s14,s14_right_hand_099,right_hand,99,5,inferred_from_protocol,True,,test,run_holdout,-1
s15,s15_left_hand_000,left_hand,0,1,inferred_from_protocol,True,,train,run_holdout,-1
s15,s15_left_hand_001,left_hand,1,1,inferred_from_protocol,True,,train,run_holdout,-1
s15,s15_left_hand_002,left_hand,2,1,inferred_from_protocol,True,,train,run_holdout,-1
s15,s15_left_hand_003,left_hand,3,1,inferred_from_protocol,True,,train,run_holdout,-1
s15,s15_left_hand_004,left_hand,4,1,inferred_from_protocol,True,,train,run_holdout,-1
s15,s15_left_hand_005,left_hand,5,1,inferred_from_protocol,True,,train,run_holdout,-1
s15,s15_left_hand_006,left_hand,6,1,inferred_from_protocol,True,,train,run_holdout,-1
s15,s15_left_hand_007,left_hand,7,1,inferred_from_protocol,True,,train,run_holdout,-1
s15,s15_left_hand_008,left_hand,8,1,inferred_from_protocol,True,,train,run_holdout,-1
s15,s15_left_hand_009,left_hand,9,1,inferred_from_protocol,True,,train,run_holdout,-1
s15,s15_left_hand_010,left_hand,10,1,inferred_from_protocol,True,,train,run_holdout,-1
s15,s15_left_hand_011,left_hand,11,1,inferred_from_protocol,True,,train,run_holdout,-1
s15,s15_left_hand_012,left_hand,12,1,inferred_from_protocol,True,,train,run_holdout,-1
s15,s15_left_hand_013,left_hand,13,1,inferred_from_protocol,True,,train,run_holdout,-1
s15,s15_left_hand_014,left_hand,14,1,inferred_from_protocol,True,,train,run_holdout,-1
s15,s15_left_hand_015,left_hand,15,1,inferred_from_protocol,True,,train,run_holdout,-1
s15,s15_left_hand_016,left_hand,16,1,inferred_from_protocol,True,,train,run_holdout,-1
s15,s15_left_hand_017,left_hand,17,1,inferred_from_protocol,True,,train,run_holdout,-1
s15,s15_left_hand_018,left_hand,18,1,inferred_from_protocol,True,,train,run_holdout,-1
s15,s15_left_hand_019,left_hand,19,1,inferred_from_protocol,True,,train,run_holdout,-1
s15,s15_left_hand_020,left_hand,20,2,inferred_from_protocol,True,,train,run_holdout,-1
s15,s15_left_hand_021,left_hand,21,2,inferred_from_protocol,True,,train,run_holdout,-1
s15,s15_left_hand_022,left_hand,22,2,inferred_from_protocol,True,,train,run_holdout,-1
s15,s15_left_hand_023,left_hand,23,2,inferred_from_protocol,True,,train,run_holdout,-1
s15,s15_left_hand_024,left_hand,24,2,inferred_from_protocol,True,,train,run_holdout,-1
s15,s15_left_hand_025,left_hand,25,2,inferred_from_protocol,True,,train,run_holdout,-1
s15,s15_left_hand_026,left_hand,26,2,inferred_from_protocol,True,,train,run_holdout,-1
s15,s15_left_hand_027,left_hand,27,2,inferred_from_protocol,True,,train,run_holdout,-1
s15,s15_left_hand_028,left_hand,28,2,inferred_from_protocol,True,,train,run_holdout,-1
s15,s15_left_hand_029,left_hand,29,2,inferred_from_protocol,True,,train,run_holdout,-1
s15,s15_left_hand_030,left_hand,30,2,inferred_from_protocol,True,,train,run_holdout,-1
s15,s15_left_hand_031,left_hand,31,2,inferred_from_protocol,True,,train,run_holdout,-1
s15,s15_left_hand_032,left_hand,32,2,inferred_from_protocol,True,,train,run_holdout,-1
s15,s15_left_hand_033,left_hand,33,2,inferred_from_protocol,True,,train,run_holdout,-1
s15,s15_left_hand_034,left_hand,34,2,inferred_from_protocol,False,emg_correlation,train,run_holdout,-1
s15,s15_left_hand_035,left_hand,35,2,inferred_from_protocol,True,,train,run_holdout,-1
s15,s15_left_hand_036,left_hand,36,2,inferred_from_protocol,True,,train,run_holdout,-1
s15,s15_left_hand_037,left_hand,37,2,inferred_from_protocol,True,,train,run_holdout,-1
s15,s15_left_hand_038,left_hand,38,2,inferred_from_protocol,True,,train,run_holdout,-1
s15,s15_left_hand_039,left_hand,39,2,inferred_from_protocol,True,,train,run_holdout,-1
s15,s15_left_hand_040,left_hand,40,3,inferred_from_protocol,True,,train,run_holdout,-1
s15,s15_left_hand_041,left_hand,41,3,inferred_from_protocol,True,,train,run_holdout,-1
s15,s15_left_hand_042,left_hand,42,3,inferred_from_protocol,True,,train,run_holdout,-1
s15,s15_left_hand_043,left_hand,43,3,inferred_from_protocol,True,,train,run_holdout,-1
s15,s15_left_hand_044,left_hand,44,3,inferred_from_protocol,True,,train,run_holdout,-1
s15,s15_left_hand_045,left_hand,45,3,inferred_from_protocol,True,,train,run_holdout,-1
s15,s15_left_hand_046,left_hand,46,3,inferred_from_protocol,True,,train,run_holdout,-1
s15,s15_left_hand_047,left_hand,47,3,inferred_from_protocol,True,,train,run_holdout,-1
s15,s15_left_hand_048,left_hand,48,3,inferred_from_protocol,True,,train,run_holdout,-1
s15,s15_left_hand_049,left_hand,49,3,inferred_from_protocol,True,,train,run_holdout,-1
s15,s15_left_hand_050,left_hand,50,3,inferred_from_protocol,True,,train,run_holdout,-1
s15,s15_left_hand_051,left_hand,51,3,inferred_from_protocol,True,,train,run_holdout,-1
s15,s15_left_hand_052,left_hand,52,3,inferred_from_protocol,False,emg_correlation,train,run_holdout,-1
s15,s15_left_hand_053,left_hand,53,3,inferred_from_protocol,True,,train,run_holdout,-1
s15,s15_left_hand_054,left_hand,54,3,inferred_from_protocol,True,,train,run_holdout,-1
s15,s15_left_hand_055,left_hand,55,3,inferred_from_protocol,True,,train,run_holdout,-1
s15,s15_left_hand_056,left_hand,56,3,inferred_from_protocol,True,,train,run_holdout,-1
s15,s15_left_hand_057,left_hand,57,3,inferred_from_protocol,True,,train,run_holdout,-1
s15,s15_left_hand_058,left_hand,58,3,inferred_from_protocol,True,,train,run_holdout,-1
s15,s15_left_hand_059,left_hand,59,3,inferred_from_protocol,True,,train,run_holdout,-1
s15,s15_left_hand_060,left_hand,60,4,inferred_from_protocol,True,,val,run_holdout,-1
s15,s15_left_hand_061,left_hand,61,4,inferred_from_protocol,True,,val,run_holdout,-1
s15,s15_left_hand_062,left_hand,62,4,inferred_from_protocol,True,,val,run_holdout,-1
s15,s15_left_hand_063,left_hand,63,4,inferred_from_protocol,True,,val,run_holdout,-1
s15,s15_left_hand_064,left_hand,64,4,inferred_from_protocol,True,,val,run_holdout,-1
s15,s15_left_hand_065,left_hand,65,4,inferred_from_protocol,True,,val,run_holdout,-1
s15,s15_left_hand_066,left_hand,66,4,inferred_from_protocol,True,,val,run_holdout,-1
s15,s15_left_hand_067,left_hand,67,4,inferred_from_protocol,True,,val,run_holdout,-1
s15,s15_left_hand_068,left_hand,68,4,inferred_from_protocol,True,,val,run_holdout,-1
s15,s15_left_hand_069,left_hand,69,4,inferred_from_protocol,True,,val,run_holdout,-1
s15,s15_left_hand_070,left_hand,70,4,inferred_from_protocol,True,,val,run_holdout,-1
s15,s15_left_hand_071,left_hand,71,4,inferred_from_protocol,True,,val,run_holdout,-1
s15,s15_left_hand_072,left_hand,72,4,inferred_from_protocol,True,,val,run_holdout,-1
s15,s15_left_hand_073,left_hand,73,4,inferred_from_protocol,True,,val,run_holdout,-1
s15,s15_left_hand_074,left_hand,74,4,inferred_from_protocol,True,,val,run_holdout,-1
s15,s15_left_hand_075,left_hand,75,4,inferred_from_protocol,True,,val,run_holdout,-1
s15,s15_left_hand_076,left_hand,76,4,inferred_from_protocol,True,,val,run_holdout,-1
s15,s15_left_hand_077,left_hand,77,4,inferred_from_protocol,True,,val,run_holdout,-1
s15,s15_left_hand_078,left_hand,78,4,inferred_from_protocol,True,,val,run_holdout,-1
s15,s15_left_hand_079,left_hand,79,4,inferred_from_protocol,True,,val,run_holdout,-1
s15,s15_left_hand_080,left_hand,80,5,inferred_from_protocol,False,amplitude;emg_correlation,test,run_holdout,-1
s15,s15_left_hand_081,left_hand,81,5,inferred_from_protocol,True,,test,run_holdout,-1
s15,s15_left_hand_082,left_hand,82,5,inferred_from_protocol,True,,test,run_holdout,-1
s15,s15_left_hand_083,left_hand,83,5,inferred_from_protocol,True,,test,run_holdout,-1
s15,s15_left_hand_084,left_hand,84,5,inferred_from_protocol,True,,test,run_holdout,-1
s15,s15_left_hand_085,left_hand,85,5,inferred_from_protocol,True,,test,run_holdout,-1
s15,s15_left_hand_086,left_hand,86,5,inferred_from_protocol,True,,test,run_holdout,-1
s15,s15_left_hand_087,left_hand,87,5,inferred_from_protocol,True,,test,run_holdout,-1
s15,s15_left_hand_088,left_hand,88,5,inferred_from_protocol,True,,test,run_holdout,-1
s15,s15_left_hand_089,left_hand,89,5,inferred_from_protocol,True,,test,run_holdout,-1
s15,s15_left_hand_090,left_hand,90,5,inferred_from_protocol,True,,test,run_holdout,-1
s15,s15_left_hand_091,left_hand,91,5,inferred_from_protocol,True,,test,run_holdout,-1
s15,s15_left_hand_092,left_hand,92,5,inferred_from_protocol,True,,test,run_holdout,-1
s15,s15_left_hand_093,left_hand,93,5,inferred_from_protocol,True,,test,run_holdout,-1
s15,s15_left_hand_094,left_hand,94,5,inferred_from_protocol,True,,test,run_holdout,-1
s15,s15_left_hand_095,left_hand,95,5,inferred_from_protocol,True,,test,run_holdout,-1
s15,s15_left_hand_096,left_hand,96,5,inferred_from_protocol,True,,test,run_holdout,-1
s15,s15_left_hand_097,left_hand,97,5,inferred_from_protocol,True,,test,run_holdout,-1
s15,s15_left_hand_098,left_hand,98,5,inferred_from_protocol,True,,test,run_holdout,-1
s15,s15_left_hand_099,left_hand,99,5,inferred_from_protocol,True,,test,run_holdout,-1
s15,s15_right_hand_000,right_hand,0,1,inferred_from_protocol,True,,train,run_holdout,-1
s15,s15_right_hand_001,right_hand,1,1,inferred_from_protocol,True,,train,run_holdout,-1
s15,s15_right_hand_002,right_hand,2,1,inferred_from_protocol,True,,train,run_holdout,-1
s15,s15_right_hand_003,right_hand,3,1,inferred_from_protocol,True,,train,run_holdout,-1
s15,s15_right_hand_004,right_hand,4,1,inferred_from_protocol,True,,train,run_holdout,-1
s15,s15_right_hand_005,right_hand,5,1,inferred_from_protocol,True,,train,run_holdout,-1
s15,s15_right_hand_006,right_hand,6,1,inferred_from_protocol,True,,train,run_holdout,-1
s15,s15_right_hand_007,right_hand,7,1,inferred_from_protocol,True,,train,run_holdout,-1
s15,s15_right_hand_008,right_hand,8,1,inferred_from_protocol,True,,train,run_holdout,-1
s15,s15_right_hand_009,right_hand,9,1,inferred_from_protocol,True,,train,run_holdout,-1
s15,s15_right_hand_010,right_hand,10,1,inferred_from_protocol,True,,train,run_holdout,-1
s15,s15_right_hand_011,right_hand,11,1,inferred_from_protocol,True,,train,run_holdout,-1
s15,s15_right_hand_012,right_hand,12,1,inferred_from_protocol,True,,train,run_holdout,-1
s15,s15_right_hand_013,right_hand,13,1,inferred_from_protocol,True,,train,run_holdout,-1
s15,s15_right_hand_014,right_hand,14,1,inferred_from_protocol,True,,train,run_holdout,-1
s15,s15_right_hand_015,right_hand,15,1,inferred_from_protocol,True,,train,run_holdout,-1
s15,s15_right_hand_016,right_hand,16,1,inferred_from_protocol,True,,train,run_holdout,-1
s15,s15_right_hand_017,right_hand,17,1,inferred_from_protocol,True,,train,run_holdout,-1
s15,s15_right_hand_018,right_hand,18,1,inferred_from_protocol,True,,train,run_holdout,-1
s15,s15_right_hand_019,right_hand,19,1,inferred_from_protocol,True,,train,run_holdout,-1
s15,s15_right_hand_020,right_hand,20,2,inferred_from_protocol,True,,train,run_holdout,-1
s15,s15_right_hand_021,right_hand,21,2,inferred_from_protocol,True,,train,run_holdout,-1
s15,s15_right_hand_022,right_hand,22,2,inferred_from_protocol,True,,train,run_holdout,-1
s15,s15_right_hand_023,right_hand,23,2,inferred_from_protocol,True,,train,run_holdout,-1
s15,s15_right_hand_024,right_hand,24,2,inferred_from_protocol,True,,train,run_holdout,-1
s15,s15_right_hand_025,right_hand,25,2,inferred_from_protocol,False,emg_correlation,train,run_holdout,-1
s15,s15_right_hand_026,right_hand,26,2,inferred_from_protocol,True,,train,run_holdout,-1
s15,s15_right_hand_027,right_hand,27,2,inferred_from_protocol,False,emg_correlation,train,run_holdout,-1
s15,s15_right_hand_028,right_hand,28,2,inferred_from_protocol,True,,train,run_holdout,-1
s15,s15_right_hand_029,right_hand,29,2,inferred_from_protocol,True,,train,run_holdout,-1
s15,s15_right_hand_030,right_hand,30,2,inferred_from_protocol,False,emg_correlation,train,run_holdout,-1
s15,s15_right_hand_031,right_hand,31,2,inferred_from_protocol,False,emg_correlation,train,run_holdout,-1
s15,s15_right_hand_032,right_hand,32,2,inferred_from_protocol,True,,train,run_holdout,-1
s15,s15_right_hand_033,right_hand,33,2,inferred_from_protocol,False,emg_correlation,train,run_holdout,-1
s15,s15_right_hand_034,right_hand,34,2,inferred_from_protocol,True,,train,run_holdout,-1
s15,s15_right_hand_035,right_hand,35,2,inferred_from_protocol,True,,train,run_holdout,-1
s15,s15_right_hand_036,right_hand,36,2,inferred_from_protocol,True,,train,run_holdout,-1
s15,s15_right_hand_037,right_hand,37,2,inferred_from_protocol,True,,train,run_holdout,-1
s15,s15_right_hand_038,right_hand,38,2,inferred_from_protocol,True,,train,run_holdout,-1
s15,s15_right_hand_039,right_hand,39,2,inferred_from_protocol,True,,train,run_holdout,-1
s15,s15_right_hand_040,right_hand,40,3,inferred_from_protocol,True,,train,run_holdout,-1
s15,s15_right_hand_041,right_hand,41,3,inferred_from_protocol,True,,train,run_holdout,-1
s15,s15_right_hand_042,right_hand,42,3,inferred_from_protocol,True,,train,run_holdout,-1
s15,s15_right_hand_043,right_hand,43,3,inferred_from_protocol,True,,train,run_holdout,-1
s15,s15_right_hand_044,right_hand,44,3,inferred_from_protocol,True,,train,run_holdout,-1
s15,s15_right_hand_045,right_hand,45,3,inferred_from_protocol,True,,train,run_holdout,-1
s15,s15_right_hand_046,right_hand,46,3,inferred_from_protocol,True,,train,run_holdout,-1
s15,s15_right_hand_047,right_hand,47,3,inferred_from_protocol,True,,train,run_holdout,-1
s15,s15_right_hand_048,right_hand,48,3,inferred_from_protocol,True,,train,run_holdout,-1
s15,s15_right_hand_049,right_hand,49,3,inferred_from_protocol,True,,train,run_holdout,-1
s15,s15_right_hand_050,right_hand,50,3,inferred_from_protocol,True,,train,run_holdout,-1
s15,s15_right_hand_051,right_hand,51,3,inferred_from_protocol,True,,train,run_holdout,-1
s15,s15_right_hand_052,right_hand,52,3,inferred_from_protocol,True,,train,run_holdout,-1
s15,s15_right_hand_053,right_hand,53,3,inferred_from_protocol,True,,train,run_holdout,-1
s15,s15_right_hand_054,right_hand,54,3,inferred_from_protocol,True,,train,run_holdout,-1
s15,s15_right_hand_055,right_hand,55,3,inferred_from_protocol,True,,train,run_holdout,-1
s15,s15_right_hand_056,right_hand,56,3,inferred_from_protocol,True,,train,run_holdout,-1
s15,s15_right_hand_057,right_hand,57,3,inferred_from_protocol,True,,train,run_holdout,-1
s15,s15_right_hand_058,right_hand,58,3,inferred_from_protocol,True,,train,run_holdout,-1
s15,s15_right_hand_059,right_hand,59,3,inferred_from_protocol,True,,train,run_holdout,-1
s15,s15_right_hand_060,right_hand,60,4,inferred_from_protocol,False,emg_correlation,val,run_holdout,-1
s15,s15_right_hand_061,right_hand,61,4,inferred_from_protocol,True,,val,run_holdout,-1
s15,s15_right_hand_062,right_hand,62,4,inferred_from_protocol,True,,val,run_holdout,-1
s15,s15_right_hand_063,right_hand,63,4,inferred_from_protocol,True,,val,run_holdout,-1
s15,s15_right_hand_064,right_hand,64,4,inferred_from_protocol,True,,val,run_holdout,-1
s15,s15_right_hand_065,right_hand,65,4,inferred_from_protocol,True,,val,run_holdout,-1
s15,s15_right_hand_066,right_hand,66,4,inferred_from_protocol,True,,val,run_holdout,-1
s15,s15_right_hand_067,right_hand,67,4,inferred_from_protocol,True,,val,run_holdout,-1
s15,s15_right_hand_068,right_hand,68,4,inferred_from_protocol,True,,val,run_holdout,-1
s15,s15_right_hand_069,right_hand,69,4,inferred_from_protocol,True,,val,run_holdout,-1
s15,s15_right_hand_070,right_hand,70,4,inferred_from_protocol,True,,val,run_holdout,-1
s15,s15_right_hand_071,right_hand,71,4,inferred_from_protocol,True,,val,run_holdout,-1
s15,s15_right_hand_072,right_hand,72,4,inferred_from_protocol,True,,val,run_holdout,-1
s15,s15_right_hand_073,right_hand,73,4,inferred_from_protocol,True,,val,run_holdout,-1
s15,s15_right_hand_074,right_hand,74,4,inferred_from_protocol,True,,val,run_holdout,-1
s15,s15_right_hand_075,right_hand,75,4,inferred_from_protocol,True,,val,run_holdout,-1
s15,s15_right_hand_076,right_hand,76,4,inferred_from_protocol,True,,val,run_holdout,-1
s15,s15_right_hand_077,right_hand,77,4,inferred_from_protocol,True,,val,run_holdout,-1
s15,s15_right_hand_078,right_hand,78,4,inferred_from_protocol,True,,val,run_holdout,-1
s15,s15_right_hand_079,right_hand,79,4,inferred_from_protocol,True,,val,run_holdout,-1
s15,s15_right_hand_080,right_hand,80,5,inferred_from_protocol,True,,test,run_holdout,-1
s15,s15_right_hand_081,right_hand,81,5,inferred_from_protocol,True,,test,run_holdout,-1
s15,s15_right_hand_082,right_hand,82,5,inferred_from_protocol,True,,test,run_holdout,-1
s15,s15_right_hand_083,right_hand,83,5,inferred_from_protocol,True,,test,run_holdout,-1
s15,s15_right_hand_084,right_hand,84,5,inferred_from_protocol,True,,test,run_holdout,-1
s15,s15_right_hand_085,right_hand,85,5,inferred_from_protocol,True,,test,run_holdout,-1
s15,s15_right_hand_086,right_hand,86,5,inferred_from_protocol,True,,test,run_holdout,-1
s15,s15_right_hand_087,right_hand,87,5,inferred_from_protocol,True,,test,run_holdout,-1
s15,s15_right_hand_088,right_hand,88,5,inferred_from_protocol,True,,test,run_holdout,-1
s15,s15_right_hand_089,right_hand,89,5,inferred_from_protocol,True,,test,run_holdout,-1
s15,s15_right_hand_090,right_hand,90,5,inferred_from_protocol,True,,test,run_holdout,-1
s15,s15_right_hand_091,right_hand,91,5,inferred_from_protocol,True,,test,run_holdout,-1
s15,s15_right_hand_092,right_hand,92,5,inferred_from_protocol,True,,test,run_holdout,-1
s15,s15_right_hand_093,right_hand,93,5,inferred_from_protocol,True,,test,run_holdout,-1
s15,s15_right_hand_094,right_hand,94,5,inferred_from_protocol,True,,test,run_holdout,-1
s15,s15_right_hand_095,right_hand,95,5,inferred_from_protocol,False,amplitude,test,run_holdout,-1
s15,s15_right_hand_096,right_hand,96,5,inferred_from_protocol,True,,test,run_holdout,-1
s15,s15_right_hand_097,right_hand,97,5,inferred_from_protocol,True,,test,run_holdout,-1
s15,s15_right_hand_098,right_hand,98,5,inferred_from_protocol,True,,test,run_holdout,-1
s15,s15_right_hand_099,right_hand,99,5,inferred_from_protocol,True,,test,run_holdout,-1
s16,s16_left_hand_000,left_hand,0,1,inferred_from_protocol,True,,train,run_holdout,-1
s16,s16_left_hand_001,left_hand,1,1,inferred_from_protocol,True,,train,run_holdout,-1
s16,s16_left_hand_002,left_hand,2,1,inferred_from_protocol,True,,train,run_holdout,-1
s16,s16_left_hand_003,left_hand,3,1,inferred_from_protocol,True,,train,run_holdout,-1
s16,s16_left_hand_004,left_hand,4,1,inferred_from_protocol,True,,train,run_holdout,-1
s16,s16_left_hand_005,left_hand,5,1,inferred_from_protocol,True,,train,run_holdout,-1
s16,s16_left_hand_006,left_hand,6,1,inferred_from_protocol,True,,train,run_holdout,-1
s16,s16_left_hand_007,left_hand,7,1,inferred_from_protocol,True,,train,run_holdout,-1
s16,s16_left_hand_008,left_hand,8,1,inferred_from_protocol,True,,train,run_holdout,-1
s16,s16_left_hand_009,left_hand,9,1,inferred_from_protocol,True,,train,run_holdout,-1
s16,s16_left_hand_010,left_hand,10,1,inferred_from_protocol,True,,train,run_holdout,-1
s16,s16_left_hand_011,left_hand,11,1,inferred_from_protocol,True,,train,run_holdout,-1
s16,s16_left_hand_012,left_hand,12,1,inferred_from_protocol,True,,train,run_holdout,-1
s16,s16_left_hand_013,left_hand,13,1,inferred_from_protocol,True,,train,run_holdout,-1
s16,s16_left_hand_014,left_hand,14,1,inferred_from_protocol,True,,train,run_holdout,-1
s16,s16_left_hand_015,left_hand,15,1,inferred_from_protocol,True,,train,run_holdout,-1
s16,s16_left_hand_016,left_hand,16,1,inferred_from_protocol,True,,train,run_holdout,-1
s16,s16_left_hand_017,left_hand,17,1,inferred_from_protocol,True,,train,run_holdout,-1
s16,s16_left_hand_018,left_hand,18,1,inferred_from_protocol,True,,train,run_holdout,-1
s16,s16_left_hand_019,left_hand,19,1,inferred_from_protocol,True,,train,run_holdout,-1
s16,s16_left_hand_020,left_hand,20,2,inferred_from_protocol,True,,train,run_holdout,-1
s16,s16_left_hand_021,left_hand,21,2,inferred_from_protocol,True,,train,run_holdout,-1
s16,s16_left_hand_022,left_hand,22,2,inferred_from_protocol,True,,train,run_holdout,-1
s16,s16_left_hand_023,left_hand,23,2,inferred_from_protocol,True,,train,run_holdout,-1
s16,s16_left_hand_024,left_hand,24,2,inferred_from_protocol,True,,train,run_holdout,-1
s16,s16_left_hand_025,left_hand,25,2,inferred_from_protocol,True,,train,run_holdout,-1
s16,s16_left_hand_026,left_hand,26,2,inferred_from_protocol,True,,train,run_holdout,-1
s16,s16_left_hand_027,left_hand,27,2,inferred_from_protocol,True,,train,run_holdout,-1
s16,s16_left_hand_028,left_hand,28,2,inferred_from_protocol,True,,train,run_holdout,-1
s16,s16_left_hand_029,left_hand,29,2,inferred_from_protocol,True,,train,run_holdout,-1
s16,s16_left_hand_030,left_hand,30,2,inferred_from_protocol,True,,train,run_holdout,-1
s16,s16_left_hand_031,left_hand,31,2,inferred_from_protocol,True,,train,run_holdout,-1
s16,s16_left_hand_032,left_hand,32,2,inferred_from_protocol,True,,train,run_holdout,-1
s16,s16_left_hand_033,left_hand,33,2,inferred_from_protocol,True,,train,run_holdout,-1
s16,s16_left_hand_034,left_hand,34,2,inferred_from_protocol,True,,train,run_holdout,-1
s16,s16_left_hand_035,left_hand,35,2,inferred_from_protocol,True,,train,run_holdout,-1
s16,s16_left_hand_036,left_hand,36,2,inferred_from_protocol,True,,train,run_holdout,-1
s16,s16_left_hand_037,left_hand,37,2,inferred_from_protocol,True,,train,run_holdout,-1
s16,s16_left_hand_038,left_hand,38,2,inferred_from_protocol,True,,train,run_holdout,-1
s16,s16_left_hand_039,left_hand,39,2,inferred_from_protocol,True,,train,run_holdout,-1
s16,s16_left_hand_040,left_hand,40,3,inferred_from_protocol,True,,train,run_holdout,-1
s16,s16_left_hand_041,left_hand,41,3,inferred_from_protocol,True,,train,run_holdout,-1
s16,s16_left_hand_042,left_hand,42,3,inferred_from_protocol,True,,train,run_holdout,-1
s16,s16_left_hand_043,left_hand,43,3,inferred_from_protocol,True,,train,run_holdout,-1
s16,s16_left_hand_044,left_hand,44,3,inferred_from_protocol,True,,train,run_holdout,-1
s16,s16_left_hand_045,left_hand,45,3,inferred_from_protocol,True,,train,run_holdout,-1
s16,s16_left_hand_046,left_hand,46,3,inferred_from_protocol,True,,train,run_holdout,-1
s16,s16_left_hand_047,left_hand,47,3,inferred_from_protocol,True,,train,run_holdout,-1
s16,s16_left_hand_048,left_hand,48,3,inferred_from_protocol,True,,train,run_holdout,-1
s16,s16_left_hand_049,left_hand,49,3,inferred_from_protocol,True,,train,run_holdout,-1
s16,s16_left_hand_050,left_hand,50,3,inferred_from_protocol,True,,train,run_holdout,-1
s16,s16_left_hand_051,left_hand,51,3,inferred_from_protocol,True,,train,run_holdout,-1
s16,s16_left_hand_052,left_hand,52,3,inferred_from_protocol,True,,train,run_holdout,-1
s16,s16_left_hand_053,left_hand,53,3,inferred_from_protocol,True,,train,run_holdout,-1
s16,s16_left_hand_054,left_hand,54,3,inferred_from_protocol,True,,train,run_holdout,-1
s16,s16_left_hand_055,left_hand,55,3,inferred_from_protocol,True,,train,run_holdout,-1
s16,s16_left_hand_056,left_hand,56,3,inferred_from_protocol,True,,train,run_holdout,-1
s16,s16_left_hand_057,left_hand,57,3,inferred_from_protocol,True,,train,run_holdout,-1
s16,s16_left_hand_058,left_hand,58,3,inferred_from_protocol,True,,train,run_holdout,-1
s16,s16_left_hand_059,left_hand,59,3,inferred_from_protocol,True,,train,run_holdout,-1
s16,s16_left_hand_060,left_hand,60,4,inferred_from_protocol,True,,val,run_holdout,-1
s16,s16_left_hand_061,left_hand,61,4,inferred_from_protocol,True,,val,run_holdout,-1
s16,s16_left_hand_062,left_hand,62,4,inferred_from_protocol,True,,val,run_holdout,-1
s16,s16_left_hand_063,left_hand,63,4,inferred_from_protocol,True,,val,run_holdout,-1
s16,s16_left_hand_064,left_hand,64,4,inferred_from_protocol,True,,val,run_holdout,-1
s16,s16_left_hand_065,left_hand,65,4,inferred_from_protocol,True,,val,run_holdout,-1
s16,s16_left_hand_066,left_hand,66,4,inferred_from_protocol,True,,val,run_holdout,-1
s16,s16_left_hand_067,left_hand,67,4,inferred_from_protocol,False,emg_correlation,val,run_holdout,-1
s16,s16_left_hand_068,left_hand,68,4,inferred_from_protocol,True,,val,run_holdout,-1
s16,s16_left_hand_069,left_hand,69,4,inferred_from_protocol,True,,val,run_holdout,-1
s16,s16_left_hand_070,left_hand,70,4,inferred_from_protocol,True,,val,run_holdout,-1
s16,s16_left_hand_071,left_hand,71,4,inferred_from_protocol,True,,val,run_holdout,-1
s16,s16_left_hand_072,left_hand,72,4,inferred_from_protocol,True,,val,run_holdout,-1
s16,s16_left_hand_073,left_hand,73,4,inferred_from_protocol,True,,val,run_holdout,-1
s16,s16_left_hand_074,left_hand,74,4,inferred_from_protocol,True,,val,run_holdout,-1
s16,s16_left_hand_075,left_hand,75,4,inferred_from_protocol,True,,val,run_holdout,-1
s16,s16_left_hand_076,left_hand,76,4,inferred_from_protocol,True,,val,run_holdout,-1
s16,s16_left_hand_077,left_hand,77,4,inferred_from_protocol,True,,val,run_holdout,-1
s16,s16_left_hand_078,left_hand,78,4,inferred_from_protocol,True,,val,run_holdout,-1
s16,s16_left_hand_079,left_hand,79,4,inferred_from_protocol,True,,val,run_holdout,-1
s16,s16_left_hand_080,left_hand,80,5,inferred_from_protocol,True,,test,run_holdout,-1
s16,s16_left_hand_081,left_hand,81,5,inferred_from_protocol,True,,test,run_holdout,-1
s16,s16_left_hand_082,left_hand,82,5,inferred_from_protocol,True,,test,run_holdout,-1
s16,s16_left_hand_083,left_hand,83,5,inferred_from_protocol,True,,test,run_holdout,-1
s16,s16_left_hand_084,left_hand,84,5,inferred_from_protocol,True,,test,run_holdout,-1
s16,s16_left_hand_085,left_hand,85,5,inferred_from_protocol,True,,test,run_holdout,-1
s16,s16_left_hand_086,left_hand,86,5,inferred_from_protocol,True,,test,run_holdout,-1
s16,s16_left_hand_087,left_hand,87,5,inferred_from_protocol,True,,test,run_holdout,-1
s16,s16_left_hand_088,left_hand,88,5,inferred_from_protocol,True,,test,run_holdout,-1
s16,s16_left_hand_089,left_hand,89,5,inferred_from_protocol,True,,test,run_holdout,-1
s16,s16_left_hand_090,left_hand,90,5,inferred_from_protocol,True,,test,run_holdout,-1
s16,s16_left_hand_091,left_hand,91,5,inferred_from_protocol,True,,test,run_holdout,-1
s16,s16_left_hand_092,left_hand,92,5,inferred_from_protocol,True,,test,run_holdout,-1
s16,s16_left_hand_093,left_hand,93,5,inferred_from_protocol,True,,test,run_holdout,-1
s16,s16_left_hand_094,left_hand,94,5,inferred_from_protocol,True,,test,run_holdout,-1
s16,s16_left_hand_095,left_hand,95,5,inferred_from_protocol,True,,test,run_holdout,-1
s16,s16_left_hand_096,left_hand,96,5,inferred_from_protocol,True,,test,run_holdout,-1
s16,s16_left_hand_097,left_hand,97,5,inferred_from_protocol,True,,test,run_holdout,-1
s16,s16_left_hand_098,left_hand,98,5,inferred_from_protocol,True,,test,run_holdout,-1
s16,s16_left_hand_099,left_hand,99,5,inferred_from_protocol,True,,test,run_holdout,-1
s16,s16_right_hand_000,right_hand,0,1,inferred_from_protocol,True,,train,run_holdout,-1
s16,s16_right_hand_001,right_hand,1,1,inferred_from_protocol,True,,train,run_holdout,-1
s16,s16_right_hand_002,right_hand,2,1,inferred_from_protocol,True,,train,run_holdout,-1
s16,s16_right_hand_003,right_hand,3,1,inferred_from_protocol,True,,train,run_holdout,-1
s16,s16_right_hand_004,right_hand,4,1,inferred_from_protocol,True,,train,run_holdout,-1
s16,s16_right_hand_005,right_hand,5,1,inferred_from_protocol,True,,train,run_holdout,-1
s16,s16_right_hand_006,right_hand,6,1,inferred_from_protocol,True,,train,run_holdout,-1
s16,s16_right_hand_007,right_hand,7,1,inferred_from_protocol,True,,train,run_holdout,-1
s16,s16_right_hand_008,right_hand,8,1,inferred_from_protocol,True,,train,run_holdout,-1
s16,s16_right_hand_009,right_hand,9,1,inferred_from_protocol,True,,train,run_holdout,-1
s16,s16_right_hand_010,right_hand,10,1,inferred_from_protocol,True,,train,run_holdout,-1
s16,s16_right_hand_011,right_hand,11,1,inferred_from_protocol,True,,train,run_holdout,-1
s16,s16_right_hand_012,right_hand,12,1,inferred_from_protocol,True,,train,run_holdout,-1
s16,s16_right_hand_013,right_hand,13,1,inferred_from_protocol,True,,train,run_holdout,-1
s16,s16_right_hand_014,right_hand,14,1,inferred_from_protocol,True,,train,run_holdout,-1
s16,s16_right_hand_015,right_hand,15,1,inferred_from_protocol,True,,train,run_holdout,-1
s16,s16_right_hand_016,right_hand,16,1,inferred_from_protocol,True,,train,run_holdout,-1
s16,s16_right_hand_017,right_hand,17,1,inferred_from_protocol,True,,train,run_holdout,-1
s16,s16_right_hand_018,right_hand,18,1,inferred_from_protocol,True,,train,run_holdout,-1
s16,s16_right_hand_019,right_hand,19,1,inferred_from_protocol,True,,train,run_holdout,-1
s16,s16_right_hand_020,right_hand,20,2,inferred_from_protocol,True,,train,run_holdout,-1
s16,s16_right_hand_021,right_hand,21,2,inferred_from_protocol,True,,train,run_holdout,-1
s16,s16_right_hand_022,right_hand,22,2,inferred_from_protocol,True,,train,run_holdout,-1
s16,s16_right_hand_023,right_hand,23,2,inferred_from_protocol,True,,train,run_holdout,-1
s16,s16_right_hand_024,right_hand,24,2,inferred_from_protocol,True,,train,run_holdout,-1
s16,s16_right_hand_025,right_hand,25,2,inferred_from_protocol,True,,train,run_holdout,-1
s16,s16_right_hand_026,right_hand,26,2,inferred_from_protocol,True,,train,run_holdout,-1
s16,s16_right_hand_027,right_hand,27,2,inferred_from_protocol,True,,train,run_holdout,-1
s16,s16_right_hand_028,right_hand,28,2,inferred_from_protocol,True,,train,run_holdout,-1
s16,s16_right_hand_029,right_hand,29,2,inferred_from_protocol,True,,train,run_holdout,-1
s16,s16_right_hand_030,right_hand,30,2,inferred_from_protocol,True,,train,run_holdout,-1
s16,s16_right_hand_031,right_hand,31,2,inferred_from_protocol,True,,train,run_holdout,-1
s16,s16_right_hand_032,right_hand,32,2,inferred_from_protocol,True,,train,run_holdout,-1
s16,s16_right_hand_033,right_hand,33,2,inferred_from_protocol,True,,train,run_holdout,-1
s16,s16_right_hand_034,right_hand,34,2,inferred_from_protocol,True,,train,run_holdout,-1
s16,s16_right_hand_035,right_hand,35,2,inferred_from_protocol,True,,train,run_holdout,-1
s16,s16_right_hand_036,right_hand,36,2,inferred_from_protocol,True,,train,run_holdout,-1
s16,s16_right_hand_037,right_hand,37,2,inferred_from_protocol,True,,train,run_holdout,-1
s16,s16_right_hand_038,right_hand,38,2,inferred_from_protocol,True,,train,run_holdout,-1
s16,s16_right_hand_039,right_hand,39,2,inferred_from_protocol,True,,train,run_holdout,-1
s16,s16_right_hand_040,right_hand,40,3,inferred_from_protocol,True,,train,run_holdout,-1
s16,s16_right_hand_041,right_hand,41,3,inferred_from_protocol,True,,train,run_holdout,-1
s16,s16_right_hand_042,right_hand,42,3,inferred_from_protocol,True,,train,run_holdout,-1
s16,s16_right_hand_043,right_hand,43,3,inferred_from_protocol,True,,train,run_holdout,-1
s16,s16_right_hand_044,right_hand,44,3,inferred_from_protocol,True,,train,run_holdout,-1
s16,s16_right_hand_045,right_hand,45,3,inferred_from_protocol,True,,train,run_holdout,-1
s16,s16_right_hand_046,right_hand,46,3,inferred_from_protocol,True,,train,run_holdout,-1
s16,s16_right_hand_047,right_hand,47,3,inferred_from_protocol,True,,train,run_holdout,-1
s16,s16_right_hand_048,right_hand,48,3,inferred_from_protocol,True,,train,run_holdout,-1
s16,s16_right_hand_049,right_hand,49,3,inferred_from_protocol,True,,train,run_holdout,-1
s16,s16_right_hand_050,right_hand,50,3,inferred_from_protocol,True,,train,run_holdout,-1
s16,s16_right_hand_051,right_hand,51,3,inferred_from_protocol,True,,train,run_holdout,-1
s16,s16_right_hand_052,right_hand,52,3,inferred_from_protocol,True,,train,run_holdout,-1
s16,s16_right_hand_053,right_hand,53,3,inferred_from_protocol,True,,train,run_holdout,-1
s16,s16_right_hand_054,right_hand,54,3,inferred_from_protocol,True,,train,run_holdout,-1
s16,s16_right_hand_055,right_hand,55,3,inferred_from_protocol,True,,train,run_holdout,-1
s16,s16_right_hand_056,right_hand,56,3,inferred_from_protocol,True,,train,run_holdout,-1
s16,s16_right_hand_057,right_hand,57,3,inferred_from_protocol,True,,train,run_holdout,-1
s16,s16_right_hand_058,right_hand,58,3,inferred_from_protocol,True,,train,run_holdout,-1
s16,s16_right_hand_059,right_hand,59,3,inferred_from_protocol,True,,train,run_holdout,-1
s16,s16_right_hand_060,right_hand,60,4,inferred_from_protocol,True,,val,run_holdout,-1
s16,s16_right_hand_061,right_hand,61,4,inferred_from_protocol,True,,val,run_holdout,-1
s16,s16_right_hand_062,right_hand,62,4,inferred_from_protocol,True,,val,run_holdout,-1
s16,s16_right_hand_063,right_hand,63,4,inferred_from_protocol,True,,val,run_holdout,-1
s16,s16_right_hand_064,right_hand,64,4,inferred_from_protocol,True,,val,run_holdout,-1
s16,s16_right_hand_065,right_hand,65,4,inferred_from_protocol,True,,val,run_holdout,-1
s16,s16_right_hand_066,right_hand,66,4,inferred_from_protocol,True,,val,run_holdout,-1
s16,s16_right_hand_067,right_hand,67,4,inferred_from_protocol,True,,val,run_holdout,-1
s16,s16_right_hand_068,right_hand,68,4,inferred_from_protocol,True,,val,run_holdout,-1
s16,s16_right_hand_069,right_hand,69,4,inferred_from_protocol,True,,val,run_holdout,-1
s16,s16_right_hand_070,right_hand,70,4,inferred_from_protocol,True,,val,run_holdout,-1
s16,s16_right_hand_071,right_hand,71,4,inferred_from_protocol,True,,val,run_holdout,-1
s16,s16_right_hand_072,right_hand,72,4,inferred_from_protocol,True,,val,run_holdout,-1
s16,s16_right_hand_073,right_hand,73,4,inferred_from_protocol,True,,val,run_holdout,-1
s16,s16_right_hand_074,right_hand,74,4,inferred_from_protocol,True,,val,run_holdout,-1
s16,s16_right_hand_075,right_hand,75,4,inferred_from_protocol,True,,val,run_holdout,-1
s16,s16_right_hand_076,right_hand,76,4,inferred_from_protocol,True,,val,run_holdout,-1
s16,s16_right_hand_077,right_hand,77,4,inferred_from_protocol,True,,val,run_holdout,-1
s16,s16_right_hand_078,right_hand,78,4,inferred_from_protocol,True,,val,run_holdout,-1
s16,s16_right_hand_079,right_hand,79,4,inferred_from_protocol,True,,val,run_holdout,-1
s16,s16_right_hand_080,right_hand,80,5,inferred_from_protocol,True,,test,run_holdout,-1
s16,s16_right_hand_081,right_hand,81,5,inferred_from_protocol,True,,test,run_holdout,-1
s16,s16_right_hand_082,right_hand,82,5,inferred_from_protocol,True,,test,run_holdout,-1
s16,s16_right_hand_083,right_hand,83,5,inferred_from_protocol,True,,test,run_holdout,-1
s16,s16_right_hand_084,right_hand,84,5,inferred_from_protocol,True,,test,run_holdout,-1
s16,s16_right_hand_085,right_hand,85,5,inferred_from_protocol,True,,test,run_holdout,-1
s16,s16_right_hand_086,right_hand,86,5,inferred_from_protocol,True,,test,run_holdout,-1
s16,s16_right_hand_087,right_hand,87,5,inferred_from_protocol,True,,test,run_holdout,-1
s16,s16_right_hand_088,right_hand,88,5,inferred_from_protocol,True,,test,run_holdout,-1
s16,s16_right_hand_089,right_hand,89,5,inferred_from_protocol,True,,test,run_holdout,-1
s16,s16_right_hand_090,right_hand,90,5,inferred_from_protocol,True,,test,run_holdout,-1
s16,s16_right_hand_091,right_hand,91,5,inferred_from_protocol,True,,test,run_holdout,-1
s16,s16_right_hand_092,right_hand,92,5,inferred_from_protocol,True,,test,run_holdout,-1
s16,s16_right_hand_093,right_hand,93,5,inferred_from_protocol,True,,test,run_holdout,-1
s16,s16_right_hand_094,right_hand,94,5,inferred_from_protocol,True,,test,run_holdout,-1
s16,s16_right_hand_095,right_hand,95,5,inferred_from_protocol,True,,test,run_holdout,-1
s16,s16_right_hand_096,right_hand,96,5,inferred_from_protocol,True,,test,run_holdout,-1
s16,s16_right_hand_097,right_hand,97,5,inferred_from_protocol,True,,test,run_holdout,-1
s16,s16_right_hand_098,right_hand,98,5,inferred_from_protocol,True,,test,run_holdout,-1
s16,s16_right_hand_099,right_hand,99,5,inferred_from_protocol,True,,test,run_holdout,-1
s17,s17_left_hand_000,left_hand,0,1,inferred_from_protocol,True,,train,run_holdout,-1
s17,s17_left_hand_001,left_hand,1,1,inferred_from_protocol,True,,train,run_holdout,-1
s17,s17_left_hand_002,left_hand,2,1,inferred_from_protocol,True,,train,run_holdout,-1
s17,s17_left_hand_003,left_hand,3,1,inferred_from_protocol,True,,train,run_holdout,-1
s17,s17_left_hand_004,left_hand,4,1,inferred_from_protocol,True,,train,run_holdout,-1
s17,s17_left_hand_005,left_hand,5,1,inferred_from_protocol,True,,train,run_holdout,-1
s17,s17_left_hand_006,left_hand,6,1,inferred_from_protocol,True,,train,run_holdout,-1
s17,s17_left_hand_007,left_hand,7,1,inferred_from_protocol,True,,train,run_holdout,-1
s17,s17_left_hand_008,left_hand,8,1,inferred_from_protocol,True,,train,run_holdout,-1
s17,s17_left_hand_009,left_hand,9,1,inferred_from_protocol,True,,train,run_holdout,-1
s17,s17_left_hand_010,left_hand,10,1,inferred_from_protocol,True,,train,run_holdout,-1
s17,s17_left_hand_011,left_hand,11,1,inferred_from_protocol,True,,train,run_holdout,-1
s17,s17_left_hand_012,left_hand,12,1,inferred_from_protocol,True,,train,run_holdout,-1
s17,s17_left_hand_013,left_hand,13,1,inferred_from_protocol,True,,train,run_holdout,-1
s17,s17_left_hand_014,left_hand,14,1,inferred_from_protocol,True,,train,run_holdout,-1
s17,s17_left_hand_015,left_hand,15,1,inferred_from_protocol,True,,train,run_holdout,-1
s17,s17_left_hand_016,left_hand,16,1,inferred_from_protocol,True,,train,run_holdout,-1
s17,s17_left_hand_017,left_hand,17,1,inferred_from_protocol,True,,train,run_holdout,-1
s17,s17_left_hand_018,left_hand,18,1,inferred_from_protocol,True,,train,run_holdout,-1
s17,s17_left_hand_019,left_hand,19,1,inferred_from_protocol,True,,train,run_holdout,-1
s17,s17_left_hand_020,left_hand,20,2,inferred_from_protocol,True,,train,run_holdout,-1
s17,s17_left_hand_021,left_hand,21,2,inferred_from_protocol,True,,train,run_holdout,-1
s17,s17_left_hand_022,left_hand,22,2,inferred_from_protocol,True,,train,run_holdout,-1
s17,s17_left_hand_023,left_hand,23,2,inferred_from_protocol,True,,train,run_holdout,-1
s17,s17_left_hand_024,left_hand,24,2,inferred_from_protocol,True,,train,run_holdout,-1
s17,s17_left_hand_025,left_hand,25,2,inferred_from_protocol,True,,train,run_holdout,-1
s17,s17_left_hand_026,left_hand,26,2,inferred_from_protocol,True,,train,run_holdout,-1
s17,s17_left_hand_027,left_hand,27,2,inferred_from_protocol,True,,train,run_holdout,-1
s17,s17_left_hand_028,left_hand,28,2,inferred_from_protocol,True,,train,run_holdout,-1
s17,s17_left_hand_029,left_hand,29,2,inferred_from_protocol,True,,train,run_holdout,-1
s17,s17_left_hand_030,left_hand,30,2,inferred_from_protocol,True,,train,run_holdout,-1
s17,s17_left_hand_031,left_hand,31,2,inferred_from_protocol,True,,train,run_holdout,-1
s17,s17_left_hand_032,left_hand,32,2,inferred_from_protocol,True,,train,run_holdout,-1
s17,s17_left_hand_033,left_hand,33,2,inferred_from_protocol,True,,train,run_holdout,-1
s17,s17_left_hand_034,left_hand,34,2,inferred_from_protocol,True,,train,run_holdout,-1
s17,s17_left_hand_035,left_hand,35,2,inferred_from_protocol,True,,train,run_holdout,-1
s17,s17_left_hand_036,left_hand,36,2,inferred_from_protocol,True,,train,run_holdout,-1
s17,s17_left_hand_037,left_hand,37,2,inferred_from_protocol,True,,train,run_holdout,-1
s17,s17_left_hand_038,left_hand,38,2,inferred_from_protocol,True,,train,run_holdout,-1
s17,s17_left_hand_039,left_hand,39,2,inferred_from_protocol,True,,train,run_holdout,-1
s17,s17_left_hand_040,left_hand,40,3,inferred_from_protocol,True,,train,run_holdout,-1
s17,s17_left_hand_041,left_hand,41,3,inferred_from_protocol,True,,train,run_holdout,-1
s17,s17_left_hand_042,left_hand,42,3,inferred_from_protocol,True,,train,run_holdout,-1
s17,s17_left_hand_043,left_hand,43,3,inferred_from_protocol,True,,train,run_holdout,-1
s17,s17_left_hand_044,left_hand,44,3,inferred_from_protocol,True,,train,run_holdout,-1
s17,s17_left_hand_045,left_hand,45,3,inferred_from_protocol,True,,train,run_holdout,-1
s17,s17_left_hand_046,left_hand,46,3,inferred_from_protocol,True,,train,run_holdout,-1
s17,s17_left_hand_047,left_hand,47,3,inferred_from_protocol,True,,train,run_holdout,-1
s17,s17_left_hand_048,left_hand,48,3,inferred_from_protocol,True,,train,run_holdout,-1
s17,s17_left_hand_049,left_hand,49,3,inferred_from_protocol,True,,train,run_holdout,-1
s17,s17_left_hand_050,left_hand,50,3,inferred_from_protocol,True,,train,run_holdout,-1
s17,s17_left_hand_051,left_hand,51,3,inferred_from_protocol,True,,train,run_holdout,-1
s17,s17_left_hand_052,left_hand,52,3,inferred_from_protocol,True,,train,run_holdout,-1
s17,s17_left_hand_053,left_hand,53,3,inferred_from_protocol,True,,train,run_holdout,-1
s17,s17_left_hand_054,left_hand,54,3,inferred_from_protocol,True,,train,run_holdout,-1
s17,s17_left_hand_055,left_hand,55,3,inferred_from_protocol,True,,train,run_holdout,-1
s17,s17_left_hand_056,left_hand,56,3,inferred_from_protocol,True,,train,run_holdout,-1
s17,s17_left_hand_057,left_hand,57,3,inferred_from_protocol,True,,train,run_holdout,-1
s17,s17_left_hand_058,left_hand,58,3,inferred_from_protocol,True,,train,run_holdout,-1
s17,s17_left_hand_059,left_hand,59,3,inferred_from_protocol,True,,train,run_holdout,-1
s17,s17_left_hand_060,left_hand,60,4,inferred_from_protocol,True,,val,run_holdout,-1
s17,s17_left_hand_061,left_hand,61,4,inferred_from_protocol,True,,val,run_holdout,-1
s17,s17_left_hand_062,left_hand,62,4,inferred_from_protocol,True,,val,run_holdout,-1
s17,s17_left_hand_063,left_hand,63,4,inferred_from_protocol,True,,val,run_holdout,-1
s17,s17_left_hand_064,left_hand,64,4,inferred_from_protocol,True,,val,run_holdout,-1
s17,s17_left_hand_065,left_hand,65,4,inferred_from_protocol,True,,val,run_holdout,-1
s17,s17_left_hand_066,left_hand,66,4,inferred_from_protocol,True,,val,run_holdout,-1
s17,s17_left_hand_067,left_hand,67,4,inferred_from_protocol,True,,val,run_holdout,-1
s17,s17_left_hand_068,left_hand,68,4,inferred_from_protocol,True,,val,run_holdout,-1
s17,s17_left_hand_069,left_hand,69,4,inferred_from_protocol,True,,val,run_holdout,-1
s17,s17_left_hand_070,left_hand,70,4,inferred_from_protocol,True,,val,run_holdout,-1
s17,s17_left_hand_071,left_hand,71,4,inferred_from_protocol,True,,val,run_holdout,-1
s17,s17_left_hand_072,left_hand,72,4,inferred_from_protocol,True,,val,run_holdout,-1
s17,s17_left_hand_073,left_hand,73,4,inferred_from_protocol,True,,val,run_holdout,-1
s17,s17_left_hand_074,left_hand,74,4,inferred_from_protocol,True,,val,run_holdout,-1
s17,s17_left_hand_075,left_hand,75,4,inferred_from_protocol,True,,val,run_holdout,-1
s17,s17_left_hand_076,left_hand,76,4,inferred_from_protocol,True,,val,run_holdout,-1
s17,s17_left_hand_077,left_hand,77,4,inferred_from_protocol,True,,val,run_holdout,-1
s17,s17_left_hand_078,left_hand,78,4,inferred_from_protocol,True,,val,run_holdout,-1
s17,s17_left_hand_079,left_hand,79,4,inferred_from_protocol,True,,val,run_holdout,-1
s17,s17_left_hand_080,left_hand,80,5,inferred_from_protocol,True,,test,run_holdout,-1
s17,s17_left_hand_081,left_hand,81,5,inferred_from_protocol,True,,test,run_holdout,-1
s17,s17_left_hand_082,left_hand,82,5,inferred_from_protocol,True,,test,run_holdout,-1
s17,s17_left_hand_083,left_hand,83,5,inferred_from_protocol,True,,test,run_holdout,-1
s17,s17_left_hand_084,left_hand,84,5,inferred_from_protocol,True,,test,run_holdout,-1
s17,s17_left_hand_085,left_hand,85,5,inferred_from_protocol,True,,test,run_holdout,-1
s17,s17_left_hand_086,left_hand,86,5,inferred_from_protocol,True,,test,run_holdout,-1
s17,s17_left_hand_087,left_hand,87,5,inferred_from_protocol,True,,test,run_holdout,-1
s17,s17_left_hand_088,left_hand,88,5,inferred_from_protocol,True,,test,run_holdout,-1
s17,s17_left_hand_089,left_hand,89,5,inferred_from_protocol,True,,test,run_holdout,-1
s17,s17_left_hand_090,left_hand,90,5,inferred_from_protocol,True,,test,run_holdout,-1
s17,s17_left_hand_091,left_hand,91,5,inferred_from_protocol,True,,test,run_holdout,-1
s17,s17_left_hand_092,left_hand,92,5,inferred_from_protocol,True,,test,run_holdout,-1
s17,s17_left_hand_093,left_hand,93,5,inferred_from_protocol,True,,test,run_holdout,-1
s17,s17_left_hand_094,left_hand,94,5,inferred_from_protocol,True,,test,run_holdout,-1
s17,s17_left_hand_095,left_hand,95,5,inferred_from_protocol,True,,test,run_holdout,-1
s17,s17_left_hand_096,left_hand,96,5,inferred_from_protocol,True,,test,run_holdout,-1
s17,s17_left_hand_097,left_hand,97,5,inferred_from_protocol,True,,test,run_holdout,-1
s17,s17_left_hand_098,left_hand,98,5,inferred_from_protocol,True,,test,run_holdout,-1
s17,s17_left_hand_099,left_hand,99,5,inferred_from_protocol,True,,test,run_holdout,-1
s17,s17_right_hand_000,right_hand,0,1,inferred_from_protocol,True,,train,run_holdout,-1
s17,s17_right_hand_001,right_hand,1,1,inferred_from_protocol,True,,train,run_holdout,-1
s17,s17_right_hand_002,right_hand,2,1,inferred_from_protocol,True,,train,run_holdout,-1
s17,s17_right_hand_003,right_hand,3,1,inferred_from_protocol,True,,train,run_holdout,-1
s17,s17_right_hand_004,right_hand,4,1,inferred_from_protocol,True,,train,run_holdout,-1
s17,s17_right_hand_005,right_hand,5,1,inferred_from_protocol,True,,train,run_holdout,-1
s17,s17_right_hand_006,right_hand,6,1,inferred_from_protocol,True,,train,run_holdout,-1
s17,s17_right_hand_007,right_hand,7,1,inferred_from_protocol,True,,train,run_holdout,-1
s17,s17_right_hand_008,right_hand,8,1,inferred_from_protocol,True,,train,run_holdout,-1
s17,s17_right_hand_009,right_hand,9,1,inferred_from_protocol,True,,train,run_holdout,-1
s17,s17_right_hand_010,right_hand,10,1,inferred_from_protocol,True,,train,run_holdout,-1
s17,s17_right_hand_011,right_hand,11,1,inferred_from_protocol,True,,train,run_holdout,-1
s17,s17_right_hand_012,right_hand,12,1,inferred_from_protocol,True,,train,run_holdout,-1
s17,s17_right_hand_013,right_hand,13,1,inferred_from_protocol,True,,train,run_holdout,-1
s17,s17_right_hand_014,right_hand,14,1,inferred_from_protocol,True,,train,run_holdout,-1
s17,s17_right_hand_015,right_hand,15,1,inferred_from_protocol,True,,train,run_holdout,-1
s17,s17_right_hand_016,right_hand,16,1,inferred_from_protocol,True,,train,run_holdout,-1
s17,s17_right_hand_017,right_hand,17,1,inferred_from_protocol,True,,train,run_holdout,-1
s17,s17_right_hand_018,right_hand,18,1,inferred_from_protocol,True,,train,run_holdout,-1
s17,s17_right_hand_019,right_hand,19,1,inferred_from_protocol,True,,train,run_holdout,-1
s17,s17_right_hand_020,right_hand,20,2,inferred_from_protocol,True,,train,run_holdout,-1
s17,s17_right_hand_021,right_hand,21,2,inferred_from_protocol,True,,train,run_holdout,-1
s17,s17_right_hand_022,right_hand,22,2,inferred_from_protocol,True,,train,run_holdout,-1
s17,s17_right_hand_023,right_hand,23,2,inferred_from_protocol,True,,train,run_holdout,-1
s17,s17_right_hand_024,right_hand,24,2,inferred_from_protocol,True,,train,run_holdout,-1
s17,s17_right_hand_025,right_hand,25,2,inferred_from_protocol,True,,train,run_holdout,-1
s17,s17_right_hand_026,right_hand,26,2,inferred_from_protocol,True,,train,run_holdout,-1
s17,s17_right_hand_027,right_hand,27,2,inferred_from_protocol,True,,train,run_holdout,-1
s17,s17_right_hand_028,right_hand,28,2,inferred_from_protocol,False,amplitude,train,run_holdout,-1
s17,s17_right_hand_029,right_hand,29,2,inferred_from_protocol,True,,train,run_holdout,-1
s17,s17_right_hand_030,right_hand,30,2,inferred_from_protocol,True,,train,run_holdout,-1
s17,s17_right_hand_031,right_hand,31,2,inferred_from_protocol,True,,train,run_holdout,-1
s17,s17_right_hand_032,right_hand,32,2,inferred_from_protocol,True,,train,run_holdout,-1
s17,s17_right_hand_033,right_hand,33,2,inferred_from_protocol,True,,train,run_holdout,-1
s17,s17_right_hand_034,right_hand,34,2,inferred_from_protocol,True,,train,run_holdout,-1
s17,s17_right_hand_035,right_hand,35,2,inferred_from_protocol,True,,train,run_holdout,-1
s17,s17_right_hand_036,right_hand,36,2,inferred_from_protocol,True,,train,run_holdout,-1
s17,s17_right_hand_037,right_hand,37,2,inferred_from_protocol,True,,train,run_holdout,-1
s17,s17_right_hand_038,right_hand,38,2,inferred_from_protocol,True,,train,run_holdout,-1
s17,s17_right_hand_039,right_hand,39,2,inferred_from_protocol,True,,train,run_holdout,-1
s17,s17_right_hand_040,right_hand,40,3,inferred_from_protocol,True,,train,run_holdout,-1
s17,s17_right_hand_041,right_hand,41,3,inferred_from_protocol,True,,train,run_holdout,-1
s17,s17_right_hand_042,right_hand,42,3,inferred_from_protocol,True,,train,run_holdout,-1
s17,s17_right_hand_043,right_hand,43,3,inferred_from_protocol,True,,train,run_holdout,-1
s17,s17_right_hand_044,right_hand,44,3,inferred_from_protocol,True,,train,run_holdout,-1
s17,s17_right_hand_045,right_hand,45,3,inferred_from_protocol,True,,train,run_holdout,-1
s17,s17_right_hand_046,right_hand,46,3,inferred_from_protocol,True,,train,run_holdout,-1
s17,s17_right_hand_047,right_hand,47,3,inferred_from_protocol,True,,train,run_holdout,-1
s17,s17_right_hand_048,right_hand,48,3,inferred_from_protocol,True,,train,run_holdout,-1
s17,s17_right_hand_049,right_hand,49,3,inferred_from_protocol,True,,train,run_holdout,-1
s17,s17_right_hand_050,right_hand,50,3,inferred_from_protocol,True,,train,run_holdout,-1
s17,s17_right_hand_051,right_hand,51,3,inferred_from_protocol,True,,train,run_holdout,-1
s17,s17_right_hand_052,right_hand,52,3,inferred_from_protocol,True,,train,run_holdout,-1
s17,s17_right_hand_053,right_hand,53,3,inferred_from_protocol,True,,train,run_holdout,-1
s17,s17_right_hand_054,right_hand,54,3,inferred_from_protocol,True,,train,run_holdout,-1
s17,s17_right_hand_055,right_hand,55,3,inferred_from_protocol,True,,train,run_holdout,-1
s17,s17_right_hand_056,right_hand,56,3,inferred_from_protocol,True,,train,run_holdout,-1
s17,s17_right_hand_057,right_hand,57,3,inferred_from_protocol,True,,train,run_holdout,-1
s17,s17_right_hand_058,right_hand,58,3,inferred_from_protocol,True,,train,run_holdout,-1
s17,s17_right_hand_059,right_hand,59,3,inferred_from_protocol,True,,train,run_holdout,-1
s17,s17_right_hand_060,right_hand,60,4,inferred_from_protocol,True,,val,run_holdout,-1
s17,s17_right_hand_061,right_hand,61,4,inferred_from_protocol,True,,val,run_holdout,-1
s17,s17_right_hand_062,right_hand,62,4,inferred_from_protocol,True,,val,run_holdout,-1
s17,s17_right_hand_063,right_hand,63,4,inferred_from_protocol,True,,val,run_holdout,-1
s17,s17_right_hand_064,right_hand,64,4,inferred_from_protocol,True,,val,run_holdout,-1
s17,s17_right_hand_065,right_hand,65,4,inferred_from_protocol,True,,val,run_holdout,-1
s17,s17_right_hand_066,right_hand,66,4,inferred_from_protocol,True,,val,run_holdout,-1
s17,s17_right_hand_067,right_hand,67,4,inferred_from_protocol,True,,val,run_holdout,-1
s17,s17_right_hand_068,right_hand,68,4,inferred_from_protocol,True,,val,run_holdout,-1
s17,s17_right_hand_069,right_hand,69,4,inferred_from_protocol,True,,val,run_holdout,-1
s17,s17_right_hand_070,right_hand,70,4,inferred_from_protocol,True,,val,run_holdout,-1
s17,s17_right_hand_071,right_hand,71,4,inferred_from_protocol,True,,val,run_holdout,-1
s17,s17_right_hand_072,right_hand,72,4,inferred_from_protocol,True,,val,run_holdout,-1
s17,s17_right_hand_073,right_hand,73,4,inferred_from_protocol,True,,val,run_holdout,-1
s17,s17_right_hand_074,right_hand,74,4,inferred_from_protocol,True,,val,run_holdout,-1
s17,s17_right_hand_075,right_hand,75,4,inferred_from_protocol,True,,val,run_holdout,-1
s17,s17_right_hand_076,right_hand,76,4,inferred_from_protocol,True,,val,run_holdout,-1
s17,s17_right_hand_077,right_hand,77,4,inferred_from_protocol,True,,val,run_holdout,-1
s17,s17_right_hand_078,right_hand,78,4,inferred_from_protocol,True,,val,run_holdout,-1
s17,s17_right_hand_079,right_hand,79,4,inferred_from_protocol,True,,val,run_holdout,-1
s17,s17_right_hand_080,right_hand,80,5,inferred_from_protocol,True,,test,run_holdout,-1
s17,s17_right_hand_081,right_hand,81,5,inferred_from_protocol,True,,test,run_holdout,-1
s17,s17_right_hand_082,right_hand,82,5,inferred_from_protocol,True,,test,run_holdout,-1
s17,s17_right_hand_083,right_hand,83,5,inferred_from_protocol,True,,test,run_holdout,-1
s17,s17_right_hand_084,right_hand,84,5,inferred_from_protocol,True,,test,run_holdout,-1
s17,s17_right_hand_085,right_hand,85,5,inferred_from_protocol,True,,test,run_holdout,-1
s17,s17_right_hand_086,right_hand,86,5,inferred_from_protocol,True,,test,run_holdout,-1
s17,s17_right_hand_087,right_hand,87,5,inferred_from_protocol,True,,test,run_holdout,-1
s17,s17_right_hand_088,right_hand,88,5,inferred_from_protocol,True,,test,run_holdout,-1
s17,s17_right_hand_089,right_hand,89,5,inferred_from_protocol,True,,test,run_holdout,-1
s17,s17_right_hand_090,right_hand,90,5,inferred_from_protocol,True,,test,run_holdout,-1
s17,s17_right_hand_091,right_hand,91,5,inferred_from_protocol,True,,test,run_holdout,-1
s17,s17_right_hand_092,right_hand,92,5,inferred_from_protocol,True,,test,run_holdout,-1
s17,s17_right_hand_093,right_hand,93,5,inferred_from_protocol,True,,test,run_holdout,-1
s17,s17_right_hand_094,right_hand,94,5,inferred_from_protocol,True,,test,run_holdout,-1
s17,s17_right_hand_095,right_hand,95,5,inferred_from_protocol,True,,test,run_holdout,-1
s17,s17_right_hand_096,right_hand,96,5,inferred_from_protocol,True,,test,run_holdout,-1
s17,s17_right_hand_097,right_hand,97,5,inferred_from_protocol,True,,test,run_holdout,-1
s17,s17_right_hand_098,right_hand,98,5,inferred_from_protocol,True,,test,run_holdout,-1
s17,s17_right_hand_099,right_hand,99,5,inferred_from_protocol,True,,test,run_holdout,-1
s18,s18_left_hand_000,left_hand,0,1,inferred_from_protocol,True,,train,run_holdout,-1
s18,s18_left_hand_001,left_hand,1,1,inferred_from_protocol,True,,train,run_holdout,-1
s18,s18_left_hand_002,left_hand,2,1,inferred_from_protocol,True,,train,run_holdout,-1
s18,s18_left_hand_003,left_hand,3,1,inferred_from_protocol,True,,train,run_holdout,-1
s18,s18_left_hand_004,left_hand,4,1,inferred_from_protocol,True,,train,run_holdout,-1
s18,s18_left_hand_005,left_hand,5,1,inferred_from_protocol,True,,train,run_holdout,-1
s18,s18_left_hand_006,left_hand,6,1,inferred_from_protocol,True,,train,run_holdout,-1
s18,s18_left_hand_007,left_hand,7,1,inferred_from_protocol,True,,train,run_holdout,-1
s18,s18_left_hand_008,left_hand,8,1,inferred_from_protocol,True,,train,run_holdout,-1
s18,s18_left_hand_009,left_hand,9,1,inferred_from_protocol,True,,train,run_holdout,-1
s18,s18_left_hand_010,left_hand,10,1,inferred_from_protocol,True,,train,run_holdout,-1
s18,s18_left_hand_011,left_hand,11,1,inferred_from_protocol,True,,train,run_holdout,-1
s18,s18_left_hand_012,left_hand,12,1,inferred_from_protocol,True,,train,run_holdout,-1
s18,s18_left_hand_013,left_hand,13,1,inferred_from_protocol,True,,train,run_holdout,-1
s18,s18_left_hand_014,left_hand,14,1,inferred_from_protocol,True,,train,run_holdout,-1
s18,s18_left_hand_015,left_hand,15,1,inferred_from_protocol,True,,train,run_holdout,-1
s18,s18_left_hand_016,left_hand,16,1,inferred_from_protocol,True,,train,run_holdout,-1
s18,s18_left_hand_017,left_hand,17,1,inferred_from_protocol,True,,train,run_holdout,-1
s18,s18_left_hand_018,left_hand,18,1,inferred_from_protocol,True,,train,run_holdout,-1
s18,s18_left_hand_019,left_hand,19,1,inferred_from_protocol,True,,train,run_holdout,-1
s18,s18_left_hand_020,left_hand,20,2,inferred_from_protocol,True,,train,run_holdout,-1
s18,s18_left_hand_021,left_hand,21,2,inferred_from_protocol,True,,train,run_holdout,-1
s18,s18_left_hand_022,left_hand,22,2,inferred_from_protocol,True,,train,run_holdout,-1
s18,s18_left_hand_023,left_hand,23,2,inferred_from_protocol,True,,train,run_holdout,-1
s18,s18_left_hand_024,left_hand,24,2,inferred_from_protocol,True,,train,run_holdout,-1
s18,s18_left_hand_025,left_hand,25,2,inferred_from_protocol,True,,train,run_holdout,-1
s18,s18_left_hand_026,left_hand,26,2,inferred_from_protocol,True,,train,run_holdout,-1
s18,s18_left_hand_027,left_hand,27,2,inferred_from_protocol,True,,train,run_holdout,-1
s18,s18_left_hand_028,left_hand,28,2,inferred_from_protocol,True,,train,run_holdout,-1
s18,s18_left_hand_029,left_hand,29,2,inferred_from_protocol,True,,train,run_holdout,-1
s18,s18_left_hand_030,left_hand,30,2,inferred_from_protocol,True,,train,run_holdout,-1
s18,s18_left_hand_031,left_hand,31,2,inferred_from_protocol,True,,train,run_holdout,-1
s18,s18_left_hand_032,left_hand,32,2,inferred_from_protocol,True,,train,run_holdout,-1
s18,s18_left_hand_033,left_hand,33,2,inferred_from_protocol,True,,train,run_holdout,-1
s18,s18_left_hand_034,left_hand,34,2,inferred_from_protocol,True,,train,run_holdout,-1
s18,s18_left_hand_035,left_hand,35,2,inferred_from_protocol,True,,train,run_holdout,-1
s18,s18_left_hand_036,left_hand,36,2,inferred_from_protocol,True,,train,run_holdout,-1
s18,s18_left_hand_037,left_hand,37,2,inferred_from_protocol,True,,train,run_holdout,-1
s18,s18_left_hand_038,left_hand,38,2,inferred_from_protocol,True,,train,run_holdout,-1
s18,s18_left_hand_039,left_hand,39,2,inferred_from_protocol,True,,train,run_holdout,-1
s18,s18_left_hand_040,left_hand,40,3,inferred_from_protocol,True,,train,run_holdout,-1
s18,s18_left_hand_041,left_hand,41,3,inferred_from_protocol,True,,train,run_holdout,-1
s18,s18_left_hand_042,left_hand,42,3,inferred_from_protocol,True,,train,run_holdout,-1
s18,s18_left_hand_043,left_hand,43,3,inferred_from_protocol,True,,train,run_holdout,-1
s18,s18_left_hand_044,left_hand,44,3,inferred_from_protocol,True,,train,run_holdout,-1
s18,s18_left_hand_045,left_hand,45,3,inferred_from_protocol,True,,train,run_holdout,-1
s18,s18_left_hand_046,left_hand,46,3,inferred_from_protocol,True,,train,run_holdout,-1
s18,s18_left_hand_047,left_hand,47,3,inferred_from_protocol,True,,train,run_holdout,-1
s18,s18_left_hand_048,left_hand,48,3,inferred_from_protocol,True,,train,run_holdout,-1
s18,s18_left_hand_049,left_hand,49,3,inferred_from_protocol,True,,train,run_holdout,-1
s18,s18_left_hand_050,left_hand,50,3,inferred_from_protocol,True,,train,run_holdout,-1
s18,s18_left_hand_051,left_hand,51,3,inferred_from_protocol,True,,train,run_holdout,-1
s18,s18_left_hand_052,left_hand,52,3,inferred_from_protocol,True,,train,run_holdout,-1
s18,s18_left_hand_053,left_hand,53,3,inferred_from_protocol,True,,train,run_holdout,-1
s18,s18_left_hand_054,left_hand,54,3,inferred_from_protocol,True,,train,run_holdout,-1
s18,s18_left_hand_055,left_hand,55,3,inferred_from_protocol,True,,train,run_holdout,-1
s18,s18_left_hand_056,left_hand,56,3,inferred_from_protocol,True,,train,run_holdout,-1
s18,s18_left_hand_057,left_hand,57,3,inferred_from_protocol,True,,train,run_holdout,-1
s18,s18_left_hand_058,left_hand,58,3,inferred_from_protocol,True,,train,run_holdout,-1
s18,s18_left_hand_059,left_hand,59,3,inferred_from_protocol,True,,train,run_holdout,-1
s18,s18_left_hand_060,left_hand,60,4,inferred_from_protocol,True,,val,run_holdout,-1
s18,s18_left_hand_061,left_hand,61,4,inferred_from_protocol,True,,val,run_holdout,-1
s18,s18_left_hand_062,left_hand,62,4,inferred_from_protocol,True,,val,run_holdout,-1
s18,s18_left_hand_063,left_hand,63,4,inferred_from_protocol,True,,val,run_holdout,-1
s18,s18_left_hand_064,left_hand,64,4,inferred_from_protocol,True,,val,run_holdout,-1
s18,s18_left_hand_065,left_hand,65,4,inferred_from_protocol,True,,val,run_holdout,-1
s18,s18_left_hand_066,left_hand,66,4,inferred_from_protocol,True,,val,run_holdout,-1
s18,s18_left_hand_067,left_hand,67,4,inferred_from_protocol,True,,val,run_holdout,-1
s18,s18_left_hand_068,left_hand,68,4,inferred_from_protocol,True,,val,run_holdout,-1
s18,s18_left_hand_069,left_hand,69,4,inferred_from_protocol,True,,val,run_holdout,-1
s18,s18_left_hand_070,left_hand,70,4,inferred_from_protocol,True,,val,run_holdout,-1
s18,s18_left_hand_071,left_hand,71,4,inferred_from_protocol,True,,val,run_holdout,-1
s18,s18_left_hand_072,left_hand,72,4,inferred_from_protocol,True,,val,run_holdout,-1
s18,s18_left_hand_073,left_hand,73,4,inferred_from_protocol,True,,val,run_holdout,-1
s18,s18_left_hand_074,left_hand,74,4,inferred_from_protocol,True,,val,run_holdout,-1
s18,s18_left_hand_075,left_hand,75,4,inferred_from_protocol,True,,val,run_holdout,-1
s18,s18_left_hand_076,left_hand,76,4,inferred_from_protocol,True,,val,run_holdout,-1
s18,s18_left_hand_077,left_hand,77,4,inferred_from_protocol,True,,val,run_holdout,-1
s18,s18_left_hand_078,left_hand,78,4,inferred_from_protocol,True,,val,run_holdout,-1
s18,s18_left_hand_079,left_hand,79,4,inferred_from_protocol,True,,val,run_holdout,-1
s18,s18_left_hand_080,left_hand,80,5,inferred_from_protocol,True,,test,run_holdout,-1
s18,s18_left_hand_081,left_hand,81,5,inferred_from_protocol,True,,test,run_holdout,-1
s18,s18_left_hand_082,left_hand,82,5,inferred_from_protocol,True,,test,run_holdout,-1
s18,s18_left_hand_083,left_hand,83,5,inferred_from_protocol,True,,test,run_holdout,-1
s18,s18_left_hand_084,left_hand,84,5,inferred_from_protocol,True,,test,run_holdout,-1
s18,s18_left_hand_085,left_hand,85,5,inferred_from_protocol,True,,test,run_holdout,-1
s18,s18_left_hand_086,left_hand,86,5,inferred_from_protocol,True,,test,run_holdout,-1
s18,s18_left_hand_087,left_hand,87,5,inferred_from_protocol,True,,test,run_holdout,-1
s18,s18_left_hand_088,left_hand,88,5,inferred_from_protocol,True,,test,run_holdout,-1
s18,s18_left_hand_089,left_hand,89,5,inferred_from_protocol,True,,test,run_holdout,-1
s18,s18_left_hand_090,left_hand,90,5,inferred_from_protocol,True,,test,run_holdout,-1
s18,s18_left_hand_091,left_hand,91,5,inferred_from_protocol,True,,test,run_holdout,-1
s18,s18_left_hand_092,left_hand,92,5,inferred_from_protocol,True,,test,run_holdout,-1
s18,s18_left_hand_093,left_hand,93,5,inferred_from_protocol,True,,test,run_holdout,-1
s18,s18_left_hand_094,left_hand,94,5,inferred_from_protocol,True,,test,run_holdout,-1
s18,s18_left_hand_095,left_hand,95,5,inferred_from_protocol,True,,test,run_holdout,-1
s18,s18_left_hand_096,left_hand,96,5,inferred_from_protocol,True,,test,run_holdout,-1
s18,s18_left_hand_097,left_hand,97,5,inferred_from_protocol,True,,test,run_holdout,-1
s18,s18_left_hand_098,left_hand,98,5,inferred_from_protocol,True,,test,run_holdout,-1
s18,s18_left_hand_099,left_hand,99,5,inferred_from_protocol,True,,test,run_holdout,-1
s18,s18_right_hand_000,right_hand,0,1,inferred_from_protocol,True,,train,run_holdout,-1
s18,s18_right_hand_001,right_hand,1,1,inferred_from_protocol,True,,train,run_holdout,-1
s18,s18_right_hand_002,right_hand,2,1,inferred_from_protocol,True,,train,run_holdout,-1
s18,s18_right_hand_003,right_hand,3,1,inferred_from_protocol,True,,train,run_holdout,-1
s18,s18_right_hand_004,right_hand,4,1,inferred_from_protocol,True,,train,run_holdout,-1
s18,s18_right_hand_005,right_hand,5,1,inferred_from_protocol,True,,train,run_holdout,-1
s18,s18_right_hand_006,right_hand,6,1,inferred_from_protocol,True,,train,run_holdout,-1
s18,s18_right_hand_007,right_hand,7,1,inferred_from_protocol,True,,train,run_holdout,-1
s18,s18_right_hand_008,right_hand,8,1,inferred_from_protocol,True,,train,run_holdout,-1
s18,s18_right_hand_009,right_hand,9,1,inferred_from_protocol,True,,train,run_holdout,-1
s18,s18_right_hand_010,right_hand,10,1,inferred_from_protocol,True,,train,run_holdout,-1
s18,s18_right_hand_011,right_hand,11,1,inferred_from_protocol,True,,train,run_holdout,-1
s18,s18_right_hand_012,right_hand,12,1,inferred_from_protocol,True,,train,run_holdout,-1
s18,s18_right_hand_013,right_hand,13,1,inferred_from_protocol,True,,train,run_holdout,-1
s18,s18_right_hand_014,right_hand,14,1,inferred_from_protocol,True,,train,run_holdout,-1
s18,s18_right_hand_015,right_hand,15,1,inferred_from_protocol,True,,train,run_holdout,-1
s18,s18_right_hand_016,right_hand,16,1,inferred_from_protocol,True,,train,run_holdout,-1
s18,s18_right_hand_017,right_hand,17,1,inferred_from_protocol,True,,train,run_holdout,-1
s18,s18_right_hand_018,right_hand,18,1,inferred_from_protocol,True,,train,run_holdout,-1
s18,s18_right_hand_019,right_hand,19,1,inferred_from_protocol,True,,train,run_holdout,-1
s18,s18_right_hand_020,right_hand,20,2,inferred_from_protocol,True,,train,run_holdout,-1
s18,s18_right_hand_021,right_hand,21,2,inferred_from_protocol,True,,train,run_holdout,-1
s18,s18_right_hand_022,right_hand,22,2,inferred_from_protocol,True,,train,run_holdout,-1
s18,s18_right_hand_023,right_hand,23,2,inferred_from_protocol,True,,train,run_holdout,-1
s18,s18_right_hand_024,right_hand,24,2,inferred_from_protocol,True,,train,run_holdout,-1
s18,s18_right_hand_025,right_hand,25,2,inferred_from_protocol,True,,train,run_holdout,-1
s18,s18_right_hand_026,right_hand,26,2,inferred_from_protocol,True,,train,run_holdout,-1
s18,s18_right_hand_027,right_hand,27,2,inferred_from_protocol,True,,train,run_holdout,-1
s18,s18_right_hand_028,right_hand,28,2,inferred_from_protocol,True,,train,run_holdout,-1
s18,s18_right_hand_029,right_hand,29,2,inferred_from_protocol,True,,train,run_holdout,-1
s18,s18_right_hand_030,right_hand,30,2,inferred_from_protocol,True,,train,run_holdout,-1
s18,s18_right_hand_031,right_hand,31,2,inferred_from_protocol,True,,train,run_holdout,-1
s18,s18_right_hand_032,right_hand,32,2,inferred_from_protocol,True,,train,run_holdout,-1
s18,s18_right_hand_033,right_hand,33,2,inferred_from_protocol,True,,train,run_holdout,-1
s18,s18_right_hand_034,right_hand,34,2,inferred_from_protocol,True,,train,run_holdout,-1
s18,s18_right_hand_035,right_hand,35,2,inferred_from_protocol,True,,train,run_holdout,-1
s18,s18_right_hand_036,right_hand,36,2,inferred_from_protocol,True,,train,run_holdout,-1
s18,s18_right_hand_037,right_hand,37,2,inferred_from_protocol,True,,train,run_holdout,-1
s18,s18_right_hand_038,right_hand,38,2,inferred_from_protocol,True,,train,run_holdout,-1
s18,s18_right_hand_039,right_hand,39,2,inferred_from_protocol,True,,train,run_holdout,-1
s18,s18_right_hand_040,right_hand,40,3,inferred_from_protocol,True,,train,run_holdout,-1
s18,s18_right_hand_041,right_hand,41,3,inferred_from_protocol,True,,train,run_holdout,-1
s18,s18_right_hand_042,right_hand,42,3,inferred_from_protocol,True,,train,run_holdout,-1
s18,s18_right_hand_043,right_hand,43,3,inferred_from_protocol,True,,train,run_holdout,-1
s18,s18_right_hand_044,right_hand,44,3,inferred_from_protocol,True,,train,run_holdout,-1
s18,s18_right_hand_045,right_hand,45,3,inferred_from_protocol,True,,train,run_holdout,-1
s18,s18_right_hand_046,right_hand,46,3,inferred_from_protocol,True,,train,run_holdout,-1
s18,s18_right_hand_047,right_hand,47,3,inferred_from_protocol,True,,train,run_holdout,-1
s18,s18_right_hand_048,right_hand,48,3,inferred_from_protocol,True,,train,run_holdout,-1
s18,s18_right_hand_049,right_hand,49,3,inferred_from_protocol,True,,train,run_holdout,-1
s18,s18_right_hand_050,right_hand,50,3,inferred_from_protocol,True,,train,run_holdout,-1
s18,s18_right_hand_051,right_hand,51,3,inferred_from_protocol,True,,train,run_holdout,-1
s18,s18_right_hand_052,right_hand,52,3,inferred_from_protocol,True,,train,run_holdout,-1
s18,s18_right_hand_053,right_hand,53,3,inferred_from_protocol,True,,train,run_holdout,-1
s18,s18_right_hand_054,right_hand,54,3,inferred_from_protocol,True,,train,run_holdout,-1
s18,s18_right_hand_055,right_hand,55,3,inferred_from_protocol,True,,train,run_holdout,-1
s18,s18_right_hand_056,right_hand,56,3,inferred_from_protocol,True,,train,run_holdout,-1
s18,s18_right_hand_057,right_hand,57,3,inferred_from_protocol,True,,train,run_holdout,-1
s18,s18_right_hand_058,right_hand,58,3,inferred_from_protocol,True,,train,run_holdout,-1
s18,s18_right_hand_059,right_hand,59,3,inferred_from_protocol,True,,train,run_holdout,-1
s18,s18_right_hand_060,right_hand,60,4,inferred_from_protocol,True,,val,run_holdout,-1
s18,s18_right_hand_061,right_hand,61,4,inferred_from_protocol,True,,val,run_holdout,-1
s18,s18_right_hand_062,right_hand,62,4,inferred_from_protocol,True,,val,run_holdout,-1
s18,s18_right_hand_063,right_hand,63,4,inferred_from_protocol,True,,val,run_holdout,-1
s18,s18_right_hand_064,right_hand,64,4,inferred_from_protocol,True,,val,run_holdout,-1
s18,s18_right_hand_065,right_hand,65,4,inferred_from_protocol,True,,val,run_holdout,-1
s18,s18_right_hand_066,right_hand,66,4,inferred_from_protocol,True,,val,run_holdout,-1
s18,s18_right_hand_067,right_hand,67,4,inferred_from_protocol,True,,val,run_holdout,-1
s18,s18_right_hand_068,right_hand,68,4,inferred_from_protocol,True,,val,run_holdout,-1
s18,s18_right_hand_069,right_hand,69,4,inferred_from_protocol,True,,val,run_holdout,-1
s18,s18_right_hand_070,right_hand,70,4,inferred_from_protocol,True,,val,run_holdout,-1
s18,s18_right_hand_071,right_hand,71,4,inferred_from_protocol,True,,val,run_holdout,-1
s18,s18_right_hand_072,right_hand,72,4,inferred_from_protocol,True,,val,run_holdout,-1
s18,s18_right_hand_073,right_hand,73,4,inferred_from_protocol,True,,val,run_holdout,-1
s18,s18_right_hand_074,right_hand,74,4,inferred_from_protocol,True,,val,run_holdout,-1
s18,s18_right_hand_075,right_hand,75,4,inferred_from_protocol,True,,val,run_holdout,-1
s18,s18_right_hand_076,right_hand,76,4,inferred_from_protocol,True,,val,run_holdout,-1
s18,s18_right_hand_077,right_hand,77,4,inferred_from_protocol,True,,val,run_holdout,-1
s18,s18_right_hand_078,right_hand,78,4,inferred_from_protocol,True,,val,run_holdout,-1
s18,s18_right_hand_079,right_hand,79,4,inferred_from_protocol,True,,val,run_holdout,-1
s18,s18_right_hand_080,right_hand,80,5,inferred_from_protocol,True,,test,run_holdout,-1
s18,s18_right_hand_081,right_hand,81,5,inferred_from_protocol,True,,test,run_holdout,-1
s18,s18_right_hand_082,right_hand,82,5,inferred_from_protocol,True,,test,run_holdout,-1
s18,s18_right_hand_083,right_hand,83,5,inferred_from_protocol,True,,test,run_holdout,-1
s18,s18_right_hand_084,right_hand,84,5,inferred_from_protocol,True,,test,run_holdout,-1
s18,s18_right_hand_085,right_hand,85,5,inferred_from_protocol,True,,test,run_holdout,-1
s18,s18_right_hand_086,right_hand,86,5,inferred_from_protocol,True,,test,run_holdout,-1
s18,s18_right_hand_087,right_hand,87,5,inferred_from_protocol,True,,test,run_holdout,-1
s18,s18_right_hand_088,right_hand,88,5,inferred_from_protocol,True,,test,run_holdout,-1
s18,s18_right_hand_089,right_hand,89,5,inferred_from_protocol,True,,test,run_holdout,-1
s18,s18_right_hand_090,right_hand,90,5,inferred_from_protocol,True,,test,run_holdout,-1
s18,s18_right_hand_091,right_hand,91,5,inferred_from_protocol,True,,test,run_holdout,-1
s18,s18_right_hand_092,right_hand,92,5,inferred_from_protocol,True,,test,run_holdout,-1
s18,s18_right_hand_093,right_hand,93,5,inferred_from_protocol,True,,test,run_holdout,-1
s18,s18_right_hand_094,right_hand,94,5,inferred_from_protocol,True,,test,run_holdout,-1
s18,s18_right_hand_095,right_hand,95,5,inferred_from_protocol,True,,test,run_holdout,-1
s18,s18_right_hand_096,right_hand,96,5,inferred_from_protocol,True,,test,run_holdout,-1
s18,s18_right_hand_097,right_hand,97,5,inferred_from_protocol,True,,test,run_holdout,-1
s18,s18_right_hand_098,right_hand,98,5,inferred_from_protocol,True,,test,run_holdout,-1
s18,s18_right_hand_099,right_hand,99,5,inferred_from_protocol,True,,test,run_holdout,-1
s19,s19_left_hand_000,left_hand,0,1,inferred_from_protocol,True,,train,run_holdout,-1
s19,s19_left_hand_001,left_hand,1,1,inferred_from_protocol,True,,train,run_holdout,-1
s19,s19_left_hand_002,left_hand,2,1,inferred_from_protocol,True,,train,run_holdout,-1
s19,s19_left_hand_003,left_hand,3,1,inferred_from_protocol,False,emg_correlation,train,run_holdout,-1
s19,s19_left_hand_004,left_hand,4,1,inferred_from_protocol,True,,train,run_holdout,-1
s19,s19_left_hand_005,left_hand,5,1,inferred_from_protocol,True,,train,run_holdout,-1
s19,s19_left_hand_006,left_hand,6,1,inferred_from_protocol,True,,train,run_holdout,-1
s19,s19_left_hand_007,left_hand,7,1,inferred_from_protocol,True,,train,run_holdout,-1
s19,s19_left_hand_008,left_hand,8,1,inferred_from_protocol,True,,train,run_holdout,-1
s19,s19_left_hand_009,left_hand,9,1,inferred_from_protocol,True,,train,run_holdout,-1
s19,s19_left_hand_010,left_hand,10,1,inferred_from_protocol,True,,train,run_holdout,-1
s19,s19_left_hand_011,left_hand,11,1,inferred_from_protocol,True,,train,run_holdout,-1
s19,s19_left_hand_012,left_hand,12,1,inferred_from_protocol,True,,train,run_holdout,-1
s19,s19_left_hand_013,left_hand,13,1,inferred_from_protocol,False,emg_correlation,train,run_holdout,-1
s19,s19_left_hand_014,left_hand,14,1,inferred_from_protocol,True,,train,run_holdout,-1
s19,s19_left_hand_015,left_hand,15,1,inferred_from_protocol,True,,train,run_holdout,-1
s19,s19_left_hand_016,left_hand,16,1,inferred_from_protocol,True,,train,run_holdout,-1
s19,s19_left_hand_017,left_hand,17,1,inferred_from_protocol,False,emg_correlation,train,run_holdout,-1
s19,s19_left_hand_018,left_hand,18,1,inferred_from_protocol,True,,train,run_holdout,-1
s19,s19_left_hand_019,left_hand,19,1,inferred_from_protocol,True,,train,run_holdout,-1
s19,s19_left_hand_020,left_hand,20,2,inferred_from_protocol,True,,train,run_holdout,-1
s19,s19_left_hand_021,left_hand,21,2,inferred_from_protocol,True,,train,run_holdout,-1
s19,s19_left_hand_022,left_hand,22,2,inferred_from_protocol,True,,train,run_holdout,-1
s19,s19_left_hand_023,left_hand,23,2,inferred_from_protocol,True,,train,run_holdout,-1
s19,s19_left_hand_024,left_hand,24,2,inferred_from_protocol,True,,train,run_holdout,-1
s19,s19_left_hand_025,left_hand,25,2,inferred_from_protocol,True,,train,run_holdout,-1
s19,s19_left_hand_026,left_hand,26,2,inferred_from_protocol,True,,train,run_holdout,-1
s19,s19_left_hand_027,left_hand,27,2,inferred_from_protocol,True,,train,run_holdout,-1
s19,s19_left_hand_028,left_hand,28,2,inferred_from_protocol,True,,train,run_holdout,-1
s19,s19_left_hand_029,left_hand,29,2,inferred_from_protocol,True,,train,run_holdout,-1
s19,s19_left_hand_030,left_hand,30,2,inferred_from_protocol,True,,train,run_holdout,-1
s19,s19_left_hand_031,left_hand,31,2,inferred_from_protocol,True,,train,run_holdout,-1
s19,s19_left_hand_032,left_hand,32,2,inferred_from_protocol,True,,train,run_holdout,-1
s19,s19_left_hand_033,left_hand,33,2,inferred_from_protocol,True,,train,run_holdout,-1
s19,s19_left_hand_034,left_hand,34,2,inferred_from_protocol,True,,train,run_holdout,-1
s19,s19_left_hand_035,left_hand,35,2,inferred_from_protocol,True,,train,run_holdout,-1
s19,s19_left_hand_036,left_hand,36,2,inferred_from_protocol,True,,train,run_holdout,-1
s19,s19_left_hand_037,left_hand,37,2,inferred_from_protocol,True,,train,run_holdout,-1
s19,s19_left_hand_038,left_hand,38,2,inferred_from_protocol,True,,train,run_holdout,-1
s19,s19_left_hand_039,left_hand,39,2,inferred_from_protocol,True,,train,run_holdout,-1
s19,s19_left_hand_040,left_hand,40,3,inferred_from_protocol,True,,train,run_holdout,-1
s19,s19_left_hand_041,left_hand,41,3,inferred_from_protocol,True,,train,run_holdout,-1
s19,s19_left_hand_042,left_hand,42,3,inferred_from_protocol,True,,train,run_holdout,-1
s19,s19_left_hand_043,left_hand,43,3,inferred_from_protocol,True,,train,run_holdout,-1
s19,s19_left_hand_044,left_hand,44,3,inferred_from_protocol,True,,train,run_holdout,-1
s19,s19_left_hand_045,left_hand,45,3,inferred_from_protocol,True,,train,run_holdout,-1
s19,s19_left_hand_046,left_hand,46,3,inferred_from_protocol,True,,train,run_holdout,-1
s19,s19_left_hand_047,left_hand,47,3,inferred_from_protocol,True,,train,run_holdout,-1
s19,s19_left_hand_048,left_hand,48,3,inferred_from_protocol,True,,train,run_holdout,-1
s19,s19_left_hand_049,left_hand,49,3,inferred_from_protocol,True,,train,run_holdout,-1
s19,s19_left_hand_050,left_hand,50,3,inferred_from_protocol,True,,train,run_holdout,-1
s19,s19_left_hand_051,left_hand,51,3,inferred_from_protocol,True,,train,run_holdout,-1
s19,s19_left_hand_052,left_hand,52,3,inferred_from_protocol,True,,train,run_holdout,-1
s19,s19_left_hand_053,left_hand,53,3,inferred_from_protocol,True,,train,run_holdout,-1
s19,s19_left_hand_054,left_hand,54,3,inferred_from_protocol,True,,train,run_holdout,-1
s19,s19_left_hand_055,left_hand,55,3,inferred_from_protocol,True,,train,run_holdout,-1
s19,s19_left_hand_056,left_hand,56,3,inferred_from_protocol,False,emg_correlation,train,run_holdout,-1
s19,s19_left_hand_057,left_hand,57,3,inferred_from_protocol,False,emg_correlation,train,run_holdout,-1
s19,s19_left_hand_058,left_hand,58,3,inferred_from_protocol,True,,train,run_holdout,-1
s19,s19_left_hand_059,left_hand,59,3,inferred_from_protocol,True,,train,run_holdout,-1
s19,s19_left_hand_060,left_hand,60,4,inferred_from_protocol,True,,val,run_holdout,-1
s19,s19_left_hand_061,left_hand,61,4,inferred_from_protocol,False,emg_correlation,val,run_holdout,-1
s19,s19_left_hand_062,left_hand,62,4,inferred_from_protocol,False,emg_correlation,val,run_holdout,-1
s19,s19_left_hand_063,left_hand,63,4,inferred_from_protocol,True,,val,run_holdout,-1
s19,s19_left_hand_064,left_hand,64,4,inferred_from_protocol,True,,val,run_holdout,-1
s19,s19_left_hand_065,left_hand,65,4,inferred_from_protocol,True,,val,run_holdout,-1
s19,s19_left_hand_066,left_hand,66,4,inferred_from_protocol,True,,val,run_holdout,-1
s19,s19_left_hand_067,left_hand,67,4,inferred_from_protocol,False,emg_correlation,val,run_holdout,-1
s19,s19_left_hand_068,left_hand,68,4,inferred_from_protocol,True,,val,run_holdout,-1
s19,s19_left_hand_069,left_hand,69,4,inferred_from_protocol,False,emg_correlation,val,run_holdout,-1
s19,s19_left_hand_070,left_hand,70,4,inferred_from_protocol,True,,val,run_holdout,-1
s19,s19_left_hand_071,left_hand,71,4,inferred_from_protocol,False,emg_correlation,val,run_holdout,-1
s19,s19_left_hand_072,left_hand,72,4,inferred_from_protocol,False,emg_correlation,val,run_holdout,-1
s19,s19_left_hand_073,left_hand,73,4,inferred_from_protocol,False,emg_correlation,val,run_holdout,-1
s19,s19_left_hand_074,left_hand,74,4,inferred_from_protocol,False,emg_correlation,val,run_holdout,-1
s19,s19_left_hand_075,left_hand,75,4,inferred_from_protocol,False,emg_correlation,val,run_holdout,-1
s19,s19_left_hand_076,left_hand,76,4,inferred_from_protocol,True,,val,run_holdout,-1
s19,s19_left_hand_077,left_hand,77,4,inferred_from_protocol,True,,val,run_holdout,-1
s19,s19_left_hand_078,left_hand,78,4,inferred_from_protocol,True,,val,run_holdout,-1
s19,s19_left_hand_079,left_hand,79,4,inferred_from_protocol,True,,val,run_holdout,-1
s19,s19_left_hand_080,left_hand,80,5,inferred_from_protocol,True,,test,run_holdout,-1
s19,s19_left_hand_081,left_hand,81,5,inferred_from_protocol,True,,test,run_holdout,-1
s19,s19_left_hand_082,left_hand,82,5,inferred_from_protocol,True,,test,run_holdout,-1
s19,s19_left_hand_083,left_hand,83,5,inferred_from_protocol,True,,test,run_holdout,-1
s19,s19_left_hand_084,left_hand,84,5,inferred_from_protocol,True,,test,run_holdout,-1
s19,s19_left_hand_085,left_hand,85,5,inferred_from_protocol,True,,test,run_holdout,-1
s19,s19_left_hand_086,left_hand,86,5,inferred_from_protocol,True,,test,run_holdout,-1
s19,s19_left_hand_087,left_hand,87,5,inferred_from_protocol,True,,test,run_holdout,-1
s19,s19_left_hand_088,left_hand,88,5,inferred_from_protocol,True,,test,run_holdout,-1
s19,s19_left_hand_089,left_hand,89,5,inferred_from_protocol,True,,test,run_holdout,-1
s19,s19_left_hand_090,left_hand,90,5,inferred_from_protocol,True,,test,run_holdout,-1
s19,s19_left_hand_091,left_hand,91,5,inferred_from_protocol,True,,test,run_holdout,-1
s19,s19_left_hand_092,left_hand,92,5,inferred_from_protocol,True,,test,run_holdout,-1
s19,s19_left_hand_093,left_hand,93,5,inferred_from_protocol,False,emg_correlation,test,run_holdout,-1
s19,s19_left_hand_094,left_hand,94,5,inferred_from_protocol,True,,test,run_holdout,-1
s19,s19_left_hand_095,left_hand,95,5,inferred_from_protocol,False,emg_correlation,test,run_holdout,-1
s19,s19_left_hand_096,left_hand,96,5,inferred_from_protocol,False,emg_correlation,test,run_holdout,-1
s19,s19_left_hand_097,left_hand,97,5,inferred_from_protocol,True,,test,run_holdout,-1
s19,s19_left_hand_098,left_hand,98,5,inferred_from_protocol,False,emg_correlation,test,run_holdout,-1
s19,s19_left_hand_099,left_hand,99,5,inferred_from_protocol,False,emg_correlation,test,run_holdout,-1
s19,s19_right_hand_000,right_hand,0,1,inferred_from_protocol,True,,train,run_holdout,-1
s19,s19_right_hand_001,right_hand,1,1,inferred_from_protocol,False,emg_correlation,train,run_holdout,-1
s19,s19_right_hand_002,right_hand,2,1,inferred_from_protocol,True,,train,run_holdout,-1
s19,s19_right_hand_003,right_hand,3,1,inferred_from_protocol,True,,train,run_holdout,-1
s19,s19_right_hand_004,right_hand,4,1,inferred_from_protocol,True,,train,run_holdout,-1
s19,s19_right_hand_005,right_hand,5,1,inferred_from_protocol,True,,train,run_holdout,-1
s19,s19_right_hand_006,right_hand,6,1,inferred_from_protocol,True,,train,run_holdout,-1
s19,s19_right_hand_007,right_hand,7,1,inferred_from_protocol,True,,train,run_holdout,-1
s19,s19_right_hand_008,right_hand,8,1,inferred_from_protocol,True,,train,run_holdout,-1
s19,s19_right_hand_009,right_hand,9,1,inferred_from_protocol,False,emg_correlation,train,run_holdout,-1
s19,s19_right_hand_010,right_hand,10,1,inferred_from_protocol,True,,train,run_holdout,-1
s19,s19_right_hand_011,right_hand,11,1,inferred_from_protocol,True,,train,run_holdout,-1
s19,s19_right_hand_012,right_hand,12,1,inferred_from_protocol,False,emg_correlation,train,run_holdout,-1
s19,s19_right_hand_013,right_hand,13,1,inferred_from_protocol,False,emg_correlation,train,run_holdout,-1
s19,s19_right_hand_014,right_hand,14,1,inferred_from_protocol,True,,train,run_holdout,-1
s19,s19_right_hand_015,right_hand,15,1,inferred_from_protocol,False,emg_correlation,train,run_holdout,-1
s19,s19_right_hand_016,right_hand,16,1,inferred_from_protocol,False,emg_correlation,train,run_holdout,-1
s19,s19_right_hand_017,right_hand,17,1,inferred_from_protocol,True,,train,run_holdout,-1
s19,s19_right_hand_018,right_hand,18,1,inferred_from_protocol,True,,train,run_holdout,-1
s19,s19_right_hand_019,right_hand,19,1,inferred_from_protocol,True,,train,run_holdout,-1
s19,s19_right_hand_020,right_hand,20,2,inferred_from_protocol,True,,train,run_holdout,-1
s19,s19_right_hand_021,right_hand,21,2,inferred_from_protocol,True,,train,run_holdout,-1
s19,s19_right_hand_022,right_hand,22,2,inferred_from_protocol,True,,train,run_holdout,-1
s19,s19_right_hand_023,right_hand,23,2,inferred_from_protocol,True,,train,run_holdout,-1
s19,s19_right_hand_024,right_hand,24,2,inferred_from_protocol,True,,train,run_holdout,-1
s19,s19_right_hand_025,right_hand,25,2,inferred_from_protocol,True,,train,run_holdout,-1
s19,s19_right_hand_026,right_hand,26,2,inferred_from_protocol,True,,train,run_holdout,-1
s19,s19_right_hand_027,right_hand,27,2,inferred_from_protocol,False,emg_correlation,train,run_holdout,-1
s19,s19_right_hand_028,right_hand,28,2,inferred_from_protocol,True,,train,run_holdout,-1
s19,s19_right_hand_029,right_hand,29,2,inferred_from_protocol,True,,train,run_holdout,-1
s19,s19_right_hand_030,right_hand,30,2,inferred_from_protocol,True,,train,run_holdout,-1
s19,s19_right_hand_031,right_hand,31,2,inferred_from_protocol,False,emg_correlation,train,run_holdout,-1
s19,s19_right_hand_032,right_hand,32,2,inferred_from_protocol,True,,train,run_holdout,-1
s19,s19_right_hand_033,right_hand,33,2,inferred_from_protocol,True,,train,run_holdout,-1
s19,s19_right_hand_034,right_hand,34,2,inferred_from_protocol,True,,train,run_holdout,-1
s19,s19_right_hand_035,right_hand,35,2,inferred_from_protocol,True,,train,run_holdout,-1
s19,s19_right_hand_036,right_hand,36,2,inferred_from_protocol,True,,train,run_holdout,-1
s19,s19_right_hand_037,right_hand,37,2,inferred_from_protocol,True,,train,run_holdout,-1
s19,s19_right_hand_038,right_hand,38,2,inferred_from_protocol,True,,train,run_holdout,-1
s19,s19_right_hand_039,right_hand,39,2,inferred_from_protocol,True,,train,run_holdout,-1
s19,s19_right_hand_040,right_hand,40,3,inferred_from_protocol,True,,train,run_holdout,-1
s19,s19_right_hand_041,right_hand,41,3,inferred_from_protocol,False,emg_correlation,train,run_holdout,-1
s19,s19_right_hand_042,right_hand,42,3,inferred_from_protocol,True,,train,run_holdout,-1
s19,s19_right_hand_043,right_hand,43,3,inferred_from_protocol,False,emg_correlation,train,run_holdout,-1
s19,s19_right_hand_044,right_hand,44,3,inferred_from_protocol,False,emg_correlation,train,run_holdout,-1
s19,s19_right_hand_045,right_hand,45,3,inferred_from_protocol,True,,train,run_holdout,-1
s19,s19_right_hand_046,right_hand,46,3,inferred_from_protocol,True,,train,run_holdout,-1
s19,s19_right_hand_047,right_hand,47,3,inferred_from_protocol,True,,train,run_holdout,-1
s19,s19_right_hand_048,right_hand,48,3,inferred_from_protocol,False,emg_correlation,train,run_holdout,-1
s19,s19_right_hand_049,right_hand,49,3,inferred_from_protocol,False,emg_correlation,train,run_holdout,-1
s19,s19_right_hand_050,right_hand,50,3,inferred_from_protocol,False,emg_correlation,train,run_holdout,-1
s19,s19_right_hand_051,right_hand,51,3,inferred_from_protocol,False,emg_correlation,train,run_holdout,-1
s19,s19_right_hand_052,right_hand,52,3,inferred_from_protocol,True,,train,run_holdout,-1
s19,s19_right_hand_053,right_hand,53,3,inferred_from_protocol,False,emg_correlation,train,run_holdout,-1
s19,s19_right_hand_054,right_hand,54,3,inferred_from_protocol,False,emg_correlation,train,run_holdout,-1
s19,s19_right_hand_055,right_hand,55,3,inferred_from_protocol,False,emg_correlation,train,run_holdout,-1
s19,s19_right_hand_056,right_hand,56,3,inferred_from_protocol,False,emg_correlation,train,run_holdout,-1
s19,s19_right_hand_057,right_hand,57,3,inferred_from_protocol,True,,train,run_holdout,-1
s19,s19_right_hand_058,right_hand,58,3,inferred_from_protocol,True,,train,run_holdout,-1
s19,s19_right_hand_059,right_hand,59,3,inferred_from_protocol,False,emg_correlation,train,run_holdout,-1
s19,s19_right_hand_060,right_hand,60,4,inferred_from_protocol,False,emg_correlation,val,run_holdout,-1
s19,s19_right_hand_061,right_hand,61,4,inferred_from_protocol,False,emg_correlation,val,run_holdout,-1
s19,s19_right_hand_062,right_hand,62,4,inferred_from_protocol,False,emg_correlation,val,run_holdout,-1
s19,s19_right_hand_063,right_hand,63,4,inferred_from_protocol,False,emg_correlation,val,run_holdout,-1
s19,s19_right_hand_064,right_hand,64,4,inferred_from_protocol,False,emg_correlation,val,run_holdout,-1
s19,s19_right_hand_065,right_hand,65,4,inferred_from_protocol,True,,val,run_holdout,-1
s19,s19_right_hand_066,right_hand,66,4,inferred_from_protocol,False,emg_correlation,val,run_holdout,-1
s19,s19_right_hand_067,right_hand,67,4,inferred_from_protocol,False,emg_correlation,val,run_holdout,-1
s19,s19_right_hand_068,right_hand,68,4,inferred_from_protocol,False,emg_correlation,val,run_holdout,-1
s19,s19_right_hand_069,right_hand,69,4,inferred_from_protocol,False,emg_correlation,val,run_holdout,-1
s19,s19_right_hand_070,right_hand,70,4,inferred_from_protocol,True,,val,run_holdout,-1
s19,s19_right_hand_071,right_hand,71,4,inferred_from_protocol,False,emg_correlation,val,run_holdout,-1
s19,s19_right_hand_072,right_hand,72,4,inferred_from_protocol,True,,val,run_holdout,-1
s19,s19_right_hand_073,right_hand,73,4,inferred_from_protocol,False,emg_correlation,val,run_holdout,-1
s19,s19_right_hand_074,right_hand,74,4,inferred_from_protocol,False,emg_correlation,val,run_holdout,-1
s19,s19_right_hand_075,right_hand,75,4,inferred_from_protocol,False,emg_correlation,val,run_holdout,-1
s19,s19_right_hand_076,right_hand,76,4,inferred_from_protocol,False,emg_correlation,val,run_holdout,-1
s19,s19_right_hand_077,right_hand,77,4,inferred_from_protocol,True,,val,run_holdout,-1
s19,s19_right_hand_078,right_hand,78,4,inferred_from_protocol,True,,val,run_holdout,-1
s19,s19_right_hand_079,right_hand,79,4,inferred_from_protocol,False,emg_correlation,val,run_holdout,-1
s19,s19_right_hand_080,right_hand,80,5,inferred_from_protocol,False,emg_correlation,test,run_holdout,-1
s19,s19_right_hand_081,right_hand,81,5,inferred_from_protocol,True,,test,run_holdout,-1
s19,s19_right_hand_082,right_hand,82,5,inferred_from_protocol,True,,test,run_holdout,-1
s19,s19_right_hand_083,right_hand,83,5,inferred_from_protocol,True,,test,run_holdout,-1
s19,s19_right_hand_084,right_hand,84,5,inferred_from_protocol,True,,test,run_holdout,-1
s19,s19_right_hand_085,right_hand,85,5,inferred_from_protocol,True,,test,run_holdout,-1
s19,s19_right_hand_086,right_hand,86,5,inferred_from_protocol,True,,test,run_holdout,-1
s19,s19_right_hand_087,right_hand,87,5,inferred_from_protocol,True,,test,run_holdout,-1
s19,s19_right_hand_088,right_hand,88,5,inferred_from_protocol,True,,test,run_holdout,-1
s19,s19_right_hand_089,right_hand,89,5,inferred_from_protocol,True,,test,run_holdout,-1
s19,s19_right_hand_090,right_hand,90,5,inferred_from_protocol,True,,test,run_holdout,-1
s19,s19_right_hand_091,right_hand,91,5,inferred_from_protocol,True,,test,run_holdout,-1
s19,s19_right_hand_092,right_hand,92,5,inferred_from_protocol,True,,test,run_holdout,-1
s19,s19_right_hand_093,right_hand,93,5,inferred_from_protocol,False,emg_correlation,test,run_holdout,-1
s19,s19_right_hand_094,right_hand,94,5,inferred_from_protocol,True,,test,run_holdout,-1
s19,s19_right_hand_095,right_hand,95,5,inferred_from_protocol,True,,test,run_holdout,-1
s19,s19_right_hand_096,right_hand,96,5,inferred_from_protocol,True,,test,run_holdout,-1
s19,s19_right_hand_097,right_hand,97,5,inferred_from_protocol,False,emg_correlation,test,run_holdout,-1
s19,s19_right_hand_098,right_hand,98,5,inferred_from_protocol,True,,test,run_holdout,-1
s19,s19_right_hand_099,right_hand,99,5,inferred_from_protocol,True,,test,run_holdout,-1
s20,s20_left_hand_000,left_hand,0,1,inferred_from_protocol,False,emg_correlation,train,run_holdout,-1
s20,s20_left_hand_001,left_hand,1,1,inferred_from_protocol,True,,train,run_holdout,-1
s20,s20_left_hand_002,left_hand,2,1,inferred_from_protocol,True,,train,run_holdout,-1
s20,s20_left_hand_003,left_hand,3,1,inferred_from_protocol,True,,train,run_holdout,-1
s20,s20_left_hand_004,left_hand,4,1,inferred_from_protocol,True,,train,run_holdout,-1
s20,s20_left_hand_005,left_hand,5,1,inferred_from_protocol,True,,train,run_holdout,-1
s20,s20_left_hand_006,left_hand,6,1,inferred_from_protocol,True,,train,run_holdout,-1
s20,s20_left_hand_007,left_hand,7,1,inferred_from_protocol,True,,train,run_holdout,-1
s20,s20_left_hand_008,left_hand,8,1,inferred_from_protocol,True,,train,run_holdout,-1
s20,s20_left_hand_009,left_hand,9,1,inferred_from_protocol,True,,train,run_holdout,-1
s20,s20_left_hand_010,left_hand,10,1,inferred_from_protocol,True,,train,run_holdout,-1
s20,s20_left_hand_011,left_hand,11,1,inferred_from_protocol,True,,train,run_holdout,-1
s20,s20_left_hand_012,left_hand,12,1,inferred_from_protocol,True,,train,run_holdout,-1
s20,s20_left_hand_013,left_hand,13,1,inferred_from_protocol,True,,train,run_holdout,-1
s20,s20_left_hand_014,left_hand,14,1,inferred_from_protocol,False,emg_correlation,train,run_holdout,-1
s20,s20_left_hand_015,left_hand,15,1,inferred_from_protocol,False,emg_correlation,train,run_holdout,-1
s20,s20_left_hand_016,left_hand,16,1,inferred_from_protocol,False,emg_correlation,train,run_holdout,-1
s20,s20_left_hand_017,left_hand,17,1,inferred_from_protocol,False,emg_correlation,train,run_holdout,-1
s20,s20_left_hand_018,left_hand,18,1,inferred_from_protocol,False,emg_correlation,train,run_holdout,-1
s20,s20_left_hand_019,left_hand,19,1,inferred_from_protocol,True,,train,run_holdout,-1
s20,s20_left_hand_020,left_hand,20,2,inferred_from_protocol,False,emg_correlation,train,run_holdout,-1
s20,s20_left_hand_021,left_hand,21,2,inferred_from_protocol,False,emg_correlation,train,run_holdout,-1
s20,s20_left_hand_022,left_hand,22,2,inferred_from_protocol,True,,train,run_holdout,-1
s20,s20_left_hand_023,left_hand,23,2,inferred_from_protocol,True,,train,run_holdout,-1
s20,s20_left_hand_024,left_hand,24,2,inferred_from_protocol,True,,train,run_holdout,-1
s20,s20_left_hand_025,left_hand,25,2,inferred_from_protocol,False,emg_correlation,train,run_holdout,-1
s20,s20_left_hand_026,left_hand,26,2,inferred_from_protocol,False,emg_correlation,train,run_holdout,-1
s20,s20_left_hand_027,left_hand,27,2,inferred_from_protocol,False,emg_correlation,train,run_holdout,-1
s20,s20_left_hand_028,left_hand,28,2,inferred_from_protocol,False,emg_correlation,train,run_holdout,-1
s20,s20_left_hand_029,left_hand,29,2,inferred_from_protocol,False,emg_correlation,train,run_holdout,-1
s20,s20_left_hand_030,left_hand,30,2,inferred_from_protocol,False,emg_correlation,train,run_holdout,-1
s20,s20_left_hand_031,left_hand,31,2,inferred_from_protocol,False,emg_correlation,train,run_holdout,-1
s20,s20_left_hand_032,left_hand,32,2,inferred_from_protocol,False,emg_correlation,train,run_holdout,-1
s20,s20_left_hand_033,left_hand,33,2,inferred_from_protocol,False,emg_correlation,train,run_holdout,-1
s20,s20_left_hand_034,left_hand,34,2,inferred_from_protocol,True,,train,run_holdout,-1
s20,s20_left_hand_035,left_hand,35,2,inferred_from_protocol,False,emg_correlation,train,run_holdout,-1
s20,s20_left_hand_036,left_hand,36,2,inferred_from_protocol,False,emg_correlation,train,run_holdout,-1
s20,s20_left_hand_037,left_hand,37,2,inferred_from_protocol,False,emg_correlation,train,run_holdout,-1
s20,s20_left_hand_038,left_hand,38,2,inferred_from_protocol,False,emg_correlation,train,run_holdout,-1
s20,s20_left_hand_039,left_hand,39,2,inferred_from_protocol,False,emg_correlation,train,run_holdout,-1
s20,s20_left_hand_040,left_hand,40,3,inferred_from_protocol,True,,train,run_holdout,-1
s20,s20_left_hand_041,left_hand,41,3,inferred_from_protocol,True,,train,run_holdout,-1
s20,s20_left_hand_042,left_hand,42,3,inferred_from_protocol,True,,train,run_holdout,-1
s20,s20_left_hand_043,left_hand,43,3,inferred_from_protocol,False,emg_correlation,train,run_holdout,-1
s20,s20_left_hand_044,left_hand,44,3,inferred_from_protocol,False,emg_correlation,train,run_holdout,-1
s20,s20_left_hand_045,left_hand,45,3,inferred_from_protocol,False,emg_correlation,train,run_holdout,-1
s20,s20_left_hand_046,left_hand,46,3,inferred_from_protocol,False,emg_correlation,train,run_holdout,-1
s20,s20_left_hand_047,left_hand,47,3,inferred_from_protocol,False,emg_correlation,train,run_holdout,-1
s20,s20_left_hand_048,left_hand,48,3,inferred_from_protocol,False,emg_correlation,train,run_holdout,-1
s20,s20_left_hand_049,left_hand,49,3,inferred_from_protocol,False,emg_correlation,train,run_holdout,-1
s20,s20_left_hand_050,left_hand,50,3,inferred_from_protocol,False,emg_correlation,train,run_holdout,-1
s20,s20_left_hand_051,left_hand,51,3,inferred_from_protocol,False,emg_correlation,train,run_holdout,-1
s20,s20_left_hand_052,left_hand,52,3,inferred_from_protocol,False,emg_correlation,train,run_holdout,-1
s20,s20_left_hand_053,left_hand,53,3,inferred_from_protocol,False,emg_correlation,train,run_holdout,-1
s20,s20_left_hand_054,left_hand,54,3,inferred_from_protocol,False,emg_correlation,train,run_holdout,-1
s20,s20_left_hand_055,left_hand,55,3,inferred_from_protocol,False,emg_correlation,train,run_holdout,-1
s20,s20_left_hand_056,left_hand,56,3,inferred_from_protocol,False,emg_correlation,train,run_holdout,-1
s20,s20_left_hand_057,left_hand,57,3,inferred_from_protocol,False,emg_correlation,train,run_holdout,-1
s20,s20_left_hand_058,left_hand,58,3,inferred_from_protocol,False,emg_correlation,train,run_holdout,-1
s20,s20_left_hand_059,left_hand,59,3,inferred_from_protocol,False,emg_correlation,train,run_holdout,-1
s20,s20_left_hand_060,left_hand,60,4,inferred_from_protocol,True,,val,run_holdout,-1
s20,s20_left_hand_061,left_hand,61,4,inferred_from_protocol,True,,val,run_holdout,-1
s20,s20_left_hand_062,left_hand,62,4,inferred_from_protocol,True,,val,run_holdout,-1
s20,s20_left_hand_063,left_hand,63,4,inferred_from_protocol,True,,val,run_holdout,-1
s20,s20_left_hand_064,left_hand,64,4,inferred_from_protocol,False,emg_correlation,val,run_holdout,-1
s20,s20_left_hand_065,left_hand,65,4,inferred_from_protocol,True,,val,run_holdout,-1
s20,s20_left_hand_066,left_hand,66,4,inferred_from_protocol,False,emg_correlation,val,run_holdout,-1
s20,s20_left_hand_067,left_hand,67,4,inferred_from_protocol,True,,val,run_holdout,-1
s20,s20_left_hand_068,left_hand,68,4,inferred_from_protocol,False,emg_correlation,val,run_holdout,-1
s20,s20_left_hand_069,left_hand,69,4,inferred_from_protocol,False,emg_correlation,val,run_holdout,-1
s20,s20_left_hand_070,left_hand,70,4,inferred_from_protocol,False,emg_correlation,val,run_holdout,-1
s20,s20_left_hand_071,left_hand,71,4,inferred_from_protocol,False,emg_correlation,val,run_holdout,-1
s20,s20_left_hand_072,left_hand,72,4,inferred_from_protocol,False,emg_correlation,val,run_holdout,-1
s20,s20_left_hand_073,left_hand,73,4,inferred_from_protocol,False,emg_correlation,val,run_holdout,-1
s20,s20_left_hand_074,left_hand,74,4,inferred_from_protocol,False,emg_correlation,val,run_holdout,-1
s20,s20_left_hand_075,left_hand,75,4,inferred_from_protocol,False,emg_correlation,val,run_holdout,-1
s20,s20_left_hand_076,left_hand,76,4,inferred_from_protocol,False,emg_correlation,val,run_holdout,-1
s20,s20_left_hand_077,left_hand,77,4,inferred_from_protocol,False,emg_correlation,val,run_holdout,-1
s20,s20_left_hand_078,left_hand,78,4,inferred_from_protocol,False,emg_correlation,val,run_holdout,-1
s20,s20_left_hand_079,left_hand,79,4,inferred_from_protocol,False,emg_correlation,val,run_holdout,-1
s20,s20_left_hand_080,left_hand,80,5,inferred_from_protocol,True,,test,run_holdout,-1
s20,s20_left_hand_081,left_hand,81,5,inferred_from_protocol,True,,test,run_holdout,-1
s20,s20_left_hand_082,left_hand,82,5,inferred_from_protocol,False,emg_correlation,test,run_holdout,-1
s20,s20_left_hand_083,left_hand,83,5,inferred_from_protocol,False,emg_correlation,test,run_holdout,-1
s20,s20_left_hand_084,left_hand,84,5,inferred_from_protocol,False,emg_correlation,test,run_holdout,-1
s20,s20_left_hand_085,left_hand,85,5,inferred_from_protocol,False,emg_correlation,test,run_holdout,-1
s20,s20_left_hand_086,left_hand,86,5,inferred_from_protocol,False,emg_correlation,test,run_holdout,-1
s20,s20_left_hand_087,left_hand,87,5,inferred_from_protocol,False,emg_correlation,test,run_holdout,-1
s20,s20_left_hand_088,left_hand,88,5,inferred_from_protocol,False,emg_correlation,test,run_holdout,-1
s20,s20_left_hand_089,left_hand,89,5,inferred_from_protocol,False,emg_correlation,test,run_holdout,-1
s20,s20_left_hand_090,left_hand,90,5,inferred_from_protocol,False,emg_correlation,test,run_holdout,-1
s20,s20_left_hand_091,left_hand,91,5,inferred_from_protocol,False,emg_correlation,test,run_holdout,-1
s20,s20_left_hand_092,left_hand,92,5,inferred_from_protocol,True,,test,run_holdout,-1
s20,s20_left_hand_093,left_hand,93,5,inferred_from_protocol,False,emg_correlation,test,run_holdout,-1
s20,s20_left_hand_094,left_hand,94,5,inferred_from_protocol,False,emg_correlation,test,run_holdout,-1
s20,s20_left_hand_095,left_hand,95,5,inferred_from_protocol,False,emg_correlation,test,run_holdout,-1
s20,s20_left_hand_096,left_hand,96,5,inferred_from_protocol,False,emg_correlation,test,run_holdout,-1
s20,s20_left_hand_097,left_hand,97,5,inferred_from_protocol,False,emg_correlation,test,run_holdout,-1
s20,s20_left_hand_098,left_hand,98,5,inferred_from_protocol,False,emg_correlation,test,run_holdout,-1
s20,s20_left_hand_099,left_hand,99,5,inferred_from_protocol,False,emg_correlation,test,run_holdout,-1
s20,s20_right_hand_000,right_hand,0,1,inferred_from_protocol,True,,train,run_holdout,-1
s20,s20_right_hand_001,right_hand,1,1,inferred_from_protocol,True,,train,run_holdout,-1
s20,s20_right_hand_002,right_hand,2,1,inferred_from_protocol,True,,train,run_holdout,-1
s20,s20_right_hand_003,right_hand,3,1,inferred_from_protocol,True,,train,run_holdout,-1
s20,s20_right_hand_004,right_hand,4,1,inferred_from_protocol,True,,train,run_holdout,-1
s20,s20_right_hand_005,right_hand,5,1,inferred_from_protocol,True,,train,run_holdout,-1
s20,s20_right_hand_006,right_hand,6,1,inferred_from_protocol,True,,train,run_holdout,-1
s20,s20_right_hand_007,right_hand,7,1,inferred_from_protocol,True,,train,run_holdout,-1
s20,s20_right_hand_008,right_hand,8,1,inferred_from_protocol,True,,train,run_holdout,-1
s20,s20_right_hand_009,right_hand,9,1,inferred_from_protocol,True,,train,run_holdout,-1
s20,s20_right_hand_010,right_hand,10,1,inferred_from_protocol,True,,train,run_holdout,-1
s20,s20_right_hand_011,right_hand,11,1,inferred_from_protocol,True,,train,run_holdout,-1
s20,s20_right_hand_012,right_hand,12,1,inferred_from_protocol,True,,train,run_holdout,-1
s20,s20_right_hand_013,right_hand,13,1,inferred_from_protocol,True,,train,run_holdout,-1
s20,s20_right_hand_014,right_hand,14,1,inferred_from_protocol,True,,train,run_holdout,-1
s20,s20_right_hand_015,right_hand,15,1,inferred_from_protocol,True,,train,run_holdout,-1
s20,s20_right_hand_016,right_hand,16,1,inferred_from_protocol,True,,train,run_holdout,-1
s20,s20_right_hand_017,right_hand,17,1,inferred_from_protocol,True,,train,run_holdout,-1
s20,s20_right_hand_018,right_hand,18,1,inferred_from_protocol,True,,train,run_holdout,-1
s20,s20_right_hand_019,right_hand,19,1,inferred_from_protocol,True,,train,run_holdout,-1
s20,s20_right_hand_020,right_hand,20,2,inferred_from_protocol,True,,train,run_holdout,-1
s20,s20_right_hand_021,right_hand,21,2,inferred_from_protocol,True,,train,run_holdout,-1
s20,s20_right_hand_022,right_hand,22,2,inferred_from_protocol,True,,train,run_holdout,-1
s20,s20_right_hand_023,right_hand,23,2,inferred_from_protocol,False,emg_correlation,train,run_holdout,-1
s20,s20_right_hand_024,right_hand,24,2,inferred_from_protocol,True,,train,run_holdout,-1
s20,s20_right_hand_025,right_hand,25,2,inferred_from_protocol,True,,train,run_holdout,-1
s20,s20_right_hand_026,right_hand,26,2,inferred_from_protocol,False,emg_correlation,train,run_holdout,-1
s20,s20_right_hand_027,right_hand,27,2,inferred_from_protocol,False,emg_correlation,train,run_holdout,-1
s20,s20_right_hand_028,right_hand,28,2,inferred_from_protocol,False,emg_correlation,train,run_holdout,-1
s20,s20_right_hand_029,right_hand,29,2,inferred_from_protocol,False,emg_correlation,train,run_holdout,-1
s20,s20_right_hand_030,right_hand,30,2,inferred_from_protocol,False,emg_correlation,train,run_holdout,-1
s20,s20_right_hand_031,right_hand,31,2,inferred_from_protocol,False,emg_correlation,train,run_holdout,-1
s20,s20_right_hand_032,right_hand,32,2,inferred_from_protocol,False,emg_correlation,train,run_holdout,-1
s20,s20_right_hand_033,right_hand,33,2,inferred_from_protocol,False,emg_correlation,train,run_holdout,-1
s20,s20_right_hand_034,right_hand,34,2,inferred_from_protocol,False,emg_correlation,train,run_holdout,-1
s20,s20_right_hand_035,right_hand,35,2,inferred_from_protocol,True,,train,run_holdout,-1
s20,s20_right_hand_036,right_hand,36,2,inferred_from_protocol,False,emg_correlation,train,run_holdout,-1
s20,s20_right_hand_037,right_hand,37,2,inferred_from_protocol,False,emg_correlation,train,run_holdout,-1
s20,s20_right_hand_038,right_hand,38,2,inferred_from_protocol,False,emg_correlation,train,run_holdout,-1
s20,s20_right_hand_039,right_hand,39,2,inferred_from_protocol,False,emg_correlation,train,run_holdout,-1
s20,s20_right_hand_040,right_hand,40,3,inferred_from_protocol,False,emg_correlation,train,run_holdout,-1
s20,s20_right_hand_041,right_hand,41,3,inferred_from_protocol,True,,train,run_holdout,-1
s20,s20_right_hand_042,right_hand,42,3,inferred_from_protocol,True,,train,run_holdout,-1
s20,s20_right_hand_043,right_hand,43,3,inferred_from_protocol,False,emg_correlation,train,run_holdout,-1
s20,s20_right_hand_044,right_hand,44,3,inferred_from_protocol,False,emg_correlation,train,run_holdout,-1
s20,s20_right_hand_045,right_hand,45,3,inferred_from_protocol,True,,train,run_holdout,-1
s20,s20_right_hand_046,right_hand,46,3,inferred_from_protocol,False,emg_correlation,train,run_holdout,-1
s20,s20_right_hand_047,right_hand,47,3,inferred_from_protocol,False,emg_correlation,train,run_holdout,-1
s20,s20_right_hand_048,right_hand,48,3,inferred_from_protocol,False,emg_correlation,train,run_holdout,-1
s20,s20_right_hand_049,right_hand,49,3,inferred_from_protocol,False,emg_correlation,train,run_holdout,-1
s20,s20_right_hand_050,right_hand,50,3,inferred_from_protocol,False,emg_correlation,train,run_holdout,-1
s20,s20_right_hand_051,right_hand,51,3,inferred_from_protocol,False,emg_correlation,train,run_holdout,-1
s20,s20_right_hand_052,right_hand,52,3,inferred_from_protocol,False,emg_correlation,train,run_holdout,-1
s20,s20_right_hand_053,right_hand,53,3,inferred_from_protocol,False,emg_correlation,train,run_holdout,-1
s20,s20_right_hand_054,right_hand,54,3,inferred_from_protocol,False,emg_correlation,train,run_holdout,-1
s20,s20_right_hand_055,right_hand,55,3,inferred_from_protocol,True,,train,run_holdout,-1
s20,s20_right_hand_056,right_hand,56,3,inferred_from_protocol,False,emg_correlation,train,run_holdout,-1
s20,s20_right_hand_057,right_hand,57,3,inferred_from_protocol,False,emg_correlation,train,run_holdout,-1
s20,s20_right_hand_058,right_hand,58,3,inferred_from_protocol,False,emg_correlation,train,run_holdout,-1
s20,s20_right_hand_059,right_hand,59,3,inferred_from_protocol,False,emg_correlation,train,run_holdout,-1
s20,s20_right_hand_060,right_hand,60,4,inferred_from_protocol,True,,val,run_holdout,-1
s20,s20_right_hand_061,right_hand,61,4,inferred_from_protocol,True,,val,run_holdout,-1
s20,s20_right_hand_062,right_hand,62,4,inferred_from_protocol,True,,val,run_holdout,-1
s20,s20_right_hand_063,right_hand,63,4,inferred_from_protocol,True,,val,run_holdout,-1
s20,s20_right_hand_064,right_hand,64,4,inferred_from_protocol,True,,val,run_holdout,-1
s20,s20_right_hand_065,right_hand,65,4,inferred_from_protocol,True,,val,run_holdout,-1
s20,s20_right_hand_066,right_hand,66,4,inferred_from_protocol,True,,val,run_holdout,-1
s20,s20_right_hand_067,right_hand,67,4,inferred_from_protocol,True,,val,run_holdout,-1
s20,s20_right_hand_068,right_hand,68,4,inferred_from_protocol,False,emg_correlation,val,run_holdout,-1
s20,s20_right_hand_069,right_hand,69,4,inferred_from_protocol,True,,val,run_holdout,-1
s20,s20_right_hand_070,right_hand,70,4,inferred_from_protocol,False,emg_correlation,val,run_holdout,-1
s20,s20_right_hand_071,right_hand,71,4,inferred_from_protocol,False,emg_correlation,val,run_holdout,-1
s20,s20_right_hand_072,right_hand,72,4,inferred_from_protocol,True,,val,run_holdout,-1
s20,s20_right_hand_073,right_hand,73,4,inferred_from_protocol,True,,val,run_holdout,-1
s20,s20_right_hand_074,right_hand,74,4,inferred_from_protocol,True,,val,run_holdout,-1
s20,s20_right_hand_075,right_hand,75,4,inferred_from_protocol,True,,val,run_holdout,-1
s20,s20_right_hand_076,right_hand,76,4,inferred_from_protocol,True,,val,run_holdout,-1
s20,s20_right_hand_077,right_hand,77,4,inferred_from_protocol,True,,val,run_holdout,-1
s20,s20_right_hand_078,right_hand,78,4,inferred_from_protocol,True,,val,run_holdout,-1
s20,s20_right_hand_079,right_hand,79,4,inferred_from_protocol,True,,val,run_holdout,-1
s20,s20_right_hand_080,right_hand,80,5,inferred_from_protocol,True,,test,run_holdout,-1
s20,s20_right_hand_081,right_hand,81,5,inferred_from_protocol,True,,test,run_holdout,-1
s20,s20_right_hand_082,right_hand,82,5,inferred_from_protocol,True,,test,run_holdout,-1
s20,s20_right_hand_083,right_hand,83,5,inferred_from_protocol,True,,test,run_holdout,-1
s20,s20_right_hand_084,right_hand,84,5,inferred_from_protocol,False,emg_correlation,test,run_holdout,-1
s20,s20_right_hand_085,right_hand,85,5,inferred_from_protocol,False,emg_correlation,test,run_holdout,-1
s20,s20_right_hand_086,right_hand,86,5,inferred_from_protocol,False,emg_correlation,test,run_holdout,-1
s20,s20_right_hand_087,right_hand,87,5,inferred_from_protocol,False,emg_correlation,test,run_holdout,-1
s20,s20_right_hand_088,right_hand,88,5,inferred_from_protocol,False,emg_correlation,test,run_holdout,-1
s20,s20_right_hand_089,right_hand,89,5,inferred_from_protocol,False,emg_correlation,test,run_holdout,-1
s20,s20_right_hand_090,right_hand,90,5,inferred_from_protocol,False,emg_correlation,test,run_holdout,-1
s20,s20_right_hand_091,right_hand,91,5,inferred_from_protocol,False,emg_correlation,test,run_holdout,-1
s20,s20_right_hand_092,right_hand,92,5,inferred_from_protocol,False,emg_correlation,test,run_holdout,-1
s20,s20_right_hand_093,right_hand,93,5,inferred_from_protocol,True,,test,run_holdout,-1
s20,s20_right_hand_094,right_hand,94,5,inferred_from_protocol,False,emg_correlation,test,run_holdout,-1
s20,s20_right_hand_095,right_hand,95,5,inferred_from_protocol,False,emg_correlation,test,run_holdout,-1
s20,s20_right_hand_096,right_hand,96,5,inferred_from_protocol,True,,test,run_holdout,-1
s20,s20_right_hand_097,right_hand,97,5,inferred_from_protocol,False,emg_correlation,test,run_holdout,-1
s20,s20_right_hand_098,right_hand,98,5,inferred_from_protocol,False,emg_correlation,test,run_holdout,-1
s20,s20_right_hand_099,right_hand,99,5,inferred_from_protocol,False,emg_correlation,test,run_holdout,-1
s21,s21_left_hand_000,left_hand,0,1,inferred_from_protocol,True,,train,run_holdout,-1
s21,s21_left_hand_001,left_hand,1,1,inferred_from_protocol,True,,train,run_holdout,-1
s21,s21_left_hand_002,left_hand,2,1,inferred_from_protocol,True,,train,run_holdout,-1
s21,s21_left_hand_003,left_hand,3,1,inferred_from_protocol,True,,train,run_holdout,-1
s21,s21_left_hand_004,left_hand,4,1,inferred_from_protocol,True,,train,run_holdout,-1
s21,s21_left_hand_005,left_hand,5,1,inferred_from_protocol,True,,train,run_holdout,-1
s21,s21_left_hand_006,left_hand,6,1,inferred_from_protocol,True,,train,run_holdout,-1
s21,s21_left_hand_007,left_hand,7,1,inferred_from_protocol,True,,train,run_holdout,-1
s21,s21_left_hand_008,left_hand,8,1,inferred_from_protocol,True,,train,run_holdout,-1
s21,s21_left_hand_009,left_hand,9,1,inferred_from_protocol,True,,train,run_holdout,-1
s21,s21_left_hand_010,left_hand,10,1,inferred_from_protocol,True,,train,run_holdout,-1
s21,s21_left_hand_011,left_hand,11,1,inferred_from_protocol,True,,train,run_holdout,-1
s21,s21_left_hand_012,left_hand,12,1,inferred_from_protocol,True,,train,run_holdout,-1
s21,s21_left_hand_013,left_hand,13,1,inferred_from_protocol,True,,train,run_holdout,-1
s21,s21_left_hand_014,left_hand,14,1,inferred_from_protocol,True,,train,run_holdout,-1
s21,s21_left_hand_015,left_hand,15,1,inferred_from_protocol,True,,train,run_holdout,-1
s21,s21_left_hand_016,left_hand,16,1,inferred_from_protocol,True,,train,run_holdout,-1
s21,s21_left_hand_017,left_hand,17,1,inferred_from_protocol,True,,train,run_holdout,-1
s21,s21_left_hand_018,left_hand,18,1,inferred_from_protocol,True,,train,run_holdout,-1
s21,s21_left_hand_019,left_hand,19,1,inferred_from_protocol,True,,train,run_holdout,-1
s21,s21_left_hand_020,left_hand,20,2,inferred_from_protocol,True,,train,run_holdout,-1
s21,s21_left_hand_021,left_hand,21,2,inferred_from_protocol,True,,train,run_holdout,-1
s21,s21_left_hand_022,left_hand,22,2,inferred_from_protocol,True,,train,run_holdout,-1
s21,s21_left_hand_023,left_hand,23,2,inferred_from_protocol,True,,train,run_holdout,-1
s21,s21_left_hand_024,left_hand,24,2,inferred_from_protocol,True,,train,run_holdout,-1
s21,s21_left_hand_025,left_hand,25,2,inferred_from_protocol,True,,train,run_holdout,-1
s21,s21_left_hand_026,left_hand,26,2,inferred_from_protocol,True,,train,run_holdout,-1
s21,s21_left_hand_027,left_hand,27,2,inferred_from_protocol,True,,train,run_holdout,-1
s21,s21_left_hand_028,left_hand,28,2,inferred_from_protocol,True,,train,run_holdout,-1
s21,s21_left_hand_029,left_hand,29,2,inferred_from_protocol,True,,train,run_holdout,-1
s21,s21_left_hand_030,left_hand,30,2,inferred_from_protocol,True,,train,run_holdout,-1
s21,s21_left_hand_031,left_hand,31,2,inferred_from_protocol,True,,train,run_holdout,-1
s21,s21_left_hand_032,left_hand,32,2,inferred_from_protocol,True,,train,run_holdout,-1
s21,s21_left_hand_033,left_hand,33,2,inferred_from_protocol,True,,train,run_holdout,-1
s21,s21_left_hand_034,left_hand,34,2,inferred_from_protocol,True,,train,run_holdout,-1
s21,s21_left_hand_035,left_hand,35,2,inferred_from_protocol,True,,train,run_holdout,-1
s21,s21_left_hand_036,left_hand,36,2,inferred_from_protocol,True,,train,run_holdout,-1
s21,s21_left_hand_037,left_hand,37,2,inferred_from_protocol,True,,train,run_holdout,-1
s21,s21_left_hand_038,left_hand,38,2,inferred_from_protocol,True,,train,run_holdout,-1
s21,s21_left_hand_039,left_hand,39,2,inferred_from_protocol,True,,train,run_holdout,-1
s21,s21_left_hand_040,left_hand,40,3,inferred_from_protocol,True,,train,run_holdout,-1
s21,s21_left_hand_041,left_hand,41,3,inferred_from_protocol,True,,train,run_holdout,-1
s21,s21_left_hand_042,left_hand,42,3,inferred_from_protocol,True,,train,run_holdout,-1
s21,s21_left_hand_043,left_hand,43,3,inferred_from_protocol,True,,train,run_holdout,-1
s21,s21_left_hand_044,left_hand,44,3,inferred_from_protocol,True,,train,run_holdout,-1
s21,s21_left_hand_045,left_hand,45,3,inferred_from_protocol,True,,train,run_holdout,-1
s21,s21_left_hand_046,left_hand,46,3,inferred_from_protocol,True,,train,run_holdout,-1
s21,s21_left_hand_047,left_hand,47,3,inferred_from_protocol,True,,train,run_holdout,-1
s21,s21_left_hand_048,left_hand,48,3,inferred_from_protocol,True,,train,run_holdout,-1
s21,s21_left_hand_049,left_hand,49,3,inferred_from_protocol,True,,train,run_holdout,-1
s21,s21_left_hand_050,left_hand,50,3,inferred_from_protocol,True,,train,run_holdout,-1
s21,s21_left_hand_051,left_hand,51,3,inferred_from_protocol,True,,train,run_holdout,-1
s21,s21_left_hand_052,left_hand,52,3,inferred_from_protocol,True,,train,run_holdout,-1
s21,s21_left_hand_053,left_hand,53,3,inferred_from_protocol,True,,train,run_holdout,-1
s21,s21_left_hand_054,left_hand,54,3,inferred_from_protocol,True,,train,run_holdout,-1
s21,s21_left_hand_055,left_hand,55,3,inferred_from_protocol,True,,train,run_holdout,-1
s21,s21_left_hand_056,left_hand,56,3,inferred_from_protocol,True,,train,run_holdout,-1
s21,s21_left_hand_057,left_hand,57,3,inferred_from_protocol,True,,train,run_holdout,-1
s21,s21_left_hand_058,left_hand,58,3,inferred_from_protocol,True,,train,run_holdout,-1
s21,s21_left_hand_059,left_hand,59,3,inferred_from_protocol,True,,train,run_holdout,-1
s21,s21_left_hand_060,left_hand,60,4,inferred_from_protocol,True,,val,run_holdout,-1
s21,s21_left_hand_061,left_hand,61,4,inferred_from_protocol,True,,val,run_holdout,-1
s21,s21_left_hand_062,left_hand,62,4,inferred_from_protocol,True,,val,run_holdout,-1
s21,s21_left_hand_063,left_hand,63,4,inferred_from_protocol,True,,val,run_holdout,-1
s21,s21_left_hand_064,left_hand,64,4,inferred_from_protocol,True,,val,run_holdout,-1
s21,s21_left_hand_065,left_hand,65,4,inferred_from_protocol,True,,val,run_holdout,-1
s21,s21_left_hand_066,left_hand,66,4,inferred_from_protocol,True,,val,run_holdout,-1
s21,s21_left_hand_067,left_hand,67,4,inferred_from_protocol,True,,val,run_holdout,-1
s21,s21_left_hand_068,left_hand,68,4,inferred_from_protocol,True,,val,run_holdout,-1
s21,s21_left_hand_069,left_hand,69,4,inferred_from_protocol,True,,val,run_holdout,-1
s21,s21_left_hand_070,left_hand,70,4,inferred_from_protocol,True,,val,run_holdout,-1
s21,s21_left_hand_071,left_hand,71,4,inferred_from_protocol,True,,val,run_holdout,-1
s21,s21_left_hand_072,left_hand,72,4,inferred_from_protocol,True,,val,run_holdout,-1
s21,s21_left_hand_073,left_hand,73,4,inferred_from_protocol,True,,val,run_holdout,-1
s21,s21_left_hand_074,left_hand,74,4,inferred_from_protocol,True,,val,run_holdout,-1
s21,s21_left_hand_075,left_hand,75,4,inferred_from_protocol,True,,val,run_holdout,-1
s21,s21_left_hand_076,left_hand,76,4,inferred_from_protocol,True,,val,run_holdout,-1
s21,s21_left_hand_077,left_hand,77,4,inferred_from_protocol,True,,val,run_holdout,-1
s21,s21_left_hand_078,left_hand,78,4,inferred_from_protocol,True,,val,run_holdout,-1
s21,s21_left_hand_079,left_hand,79,4,inferred_from_protocol,True,,val,run_holdout,-1
s21,s21_left_hand_080,left_hand,80,5,inferred_from_protocol,True,,test,run_holdout,-1
s21,s21_left_hand_081,left_hand,81,5,inferred_from_protocol,True,,test,run_holdout,-1
s21,s21_left_hand_082,left_hand,82,5,inferred_from_protocol,True,,test,run_holdout,-1
s21,s21_left_hand_083,left_hand,83,5,inferred_from_protocol,True,,test,run_holdout,-1
s21,s21_left_hand_084,left_hand,84,5,inferred_from_protocol,True,,test,run_holdout,-1
s21,s21_left_hand_085,left_hand,85,5,inferred_from_protocol,True,,test,run_holdout,-1
s21,s21_left_hand_086,left_hand,86,5,inferred_from_protocol,True,,test,run_holdout,-1
s21,s21_left_hand_087,left_hand,87,5,inferred_from_protocol,True,,test,run_holdout,-1
s21,s21_left_hand_088,left_hand,88,5,inferred_from_protocol,True,,test,run_holdout,-1
s21,s21_left_hand_089,left_hand,89,5,inferred_from_protocol,True,,test,run_holdout,-1
s21,s21_left_hand_090,left_hand,90,5,inferred_from_protocol,True,,test,run_holdout,-1
s21,s21_left_hand_091,left_hand,91,5,inferred_from_protocol,True,,test,run_holdout,-1
s21,s21_left_hand_092,left_hand,92,5,inferred_from_protocol,True,,test,run_holdout,-1
s21,s21_left_hand_093,left_hand,93,5,inferred_from_protocol,True,,test,run_holdout,-1
s21,s21_left_hand_094,left_hand,94,5,inferred_from_protocol,True,,test,run_holdout,-1
s21,s21_left_hand_095,left_hand,95,5,inferred_from_protocol,True,,test,run_holdout,-1
s21,s21_left_hand_096,left_hand,96,5,inferred_from_protocol,True,,test,run_holdout,-1
s21,s21_left_hand_097,left_hand,97,5,inferred_from_protocol,True,,test,run_holdout,-1
s21,s21_left_hand_098,left_hand,98,5,inferred_from_protocol,True,,test,run_holdout,-1
s21,s21_left_hand_099,left_hand,99,5,inferred_from_protocol,True,,test,run_holdout,-1
s21,s21_right_hand_000,right_hand,0,1,inferred_from_protocol,True,,train,run_holdout,-1
s21,s21_right_hand_001,right_hand,1,1,inferred_from_protocol,True,,train,run_holdout,-1
s21,s21_right_hand_002,right_hand,2,1,inferred_from_protocol,True,,train,run_holdout,-1
s21,s21_right_hand_003,right_hand,3,1,inferred_from_protocol,True,,train,run_holdout,-1
s21,s21_right_hand_004,right_hand,4,1,inferred_from_protocol,True,,train,run_holdout,-1
s21,s21_right_hand_005,right_hand,5,1,inferred_from_protocol,True,,train,run_holdout,-1
s21,s21_right_hand_006,right_hand,6,1,inferred_from_protocol,True,,train,run_holdout,-1
s21,s21_right_hand_007,right_hand,7,1,inferred_from_protocol,True,,train,run_holdout,-1
s21,s21_right_hand_008,right_hand,8,1,inferred_from_protocol,True,,train,run_holdout,-1
s21,s21_right_hand_009,right_hand,9,1,inferred_from_protocol,True,,train,run_holdout,-1
s21,s21_right_hand_010,right_hand,10,1,inferred_from_protocol,True,,train,run_holdout,-1
s21,s21_right_hand_011,right_hand,11,1,inferred_from_protocol,True,,train,run_holdout,-1
s21,s21_right_hand_012,right_hand,12,1,inferred_from_protocol,True,,train,run_holdout,-1
s21,s21_right_hand_013,right_hand,13,1,inferred_from_protocol,True,,train,run_holdout,-1
s21,s21_right_hand_014,right_hand,14,1,inferred_from_protocol,True,,train,run_holdout,-1
s21,s21_right_hand_015,right_hand,15,1,inferred_from_protocol,True,,train,run_holdout,-1
s21,s21_right_hand_016,right_hand,16,1,inferred_from_protocol,True,,train,run_holdout,-1
s21,s21_right_hand_017,right_hand,17,1,inferred_from_protocol,True,,train,run_holdout,-1
s21,s21_right_hand_018,right_hand,18,1,inferred_from_protocol,True,,train,run_holdout,-1
s21,s21_right_hand_019,right_hand,19,1,inferred_from_protocol,True,,train,run_holdout,-1
s21,s21_right_hand_020,right_hand,20,2,inferred_from_protocol,True,,train,run_holdout,-1
s21,s21_right_hand_021,right_hand,21,2,inferred_from_protocol,True,,train,run_holdout,-1
s21,s21_right_hand_022,right_hand,22,2,inferred_from_protocol,True,,train,run_holdout,-1
s21,s21_right_hand_023,right_hand,23,2,inferred_from_protocol,True,,train,run_holdout,-1
s21,s21_right_hand_024,right_hand,24,2,inferred_from_protocol,True,,train,run_holdout,-1
s21,s21_right_hand_025,right_hand,25,2,inferred_from_protocol,True,,train,run_holdout,-1
s21,s21_right_hand_026,right_hand,26,2,inferred_from_protocol,True,,train,run_holdout,-1
s21,s21_right_hand_027,right_hand,27,2,inferred_from_protocol,True,,train,run_holdout,-1
s21,s21_right_hand_028,right_hand,28,2,inferred_from_protocol,True,,train,run_holdout,-1
s21,s21_right_hand_029,right_hand,29,2,inferred_from_protocol,True,,train,run_holdout,-1
s21,s21_right_hand_030,right_hand,30,2,inferred_from_protocol,True,,train,run_holdout,-1
s21,s21_right_hand_031,right_hand,31,2,inferred_from_protocol,True,,train,run_holdout,-1
s21,s21_right_hand_032,right_hand,32,2,inferred_from_protocol,True,,train,run_holdout,-1
s21,s21_right_hand_033,right_hand,33,2,inferred_from_protocol,True,,train,run_holdout,-1
s21,s21_right_hand_034,right_hand,34,2,inferred_from_protocol,True,,train,run_holdout,-1
s21,s21_right_hand_035,right_hand,35,2,inferred_from_protocol,True,,train,run_holdout,-1
s21,s21_right_hand_036,right_hand,36,2,inferred_from_protocol,True,,train,run_holdout,-1
s21,s21_right_hand_037,right_hand,37,2,inferred_from_protocol,True,,train,run_holdout,-1
s21,s21_right_hand_038,right_hand,38,2,inferred_from_protocol,True,,train,run_holdout,-1
s21,s21_right_hand_039,right_hand,39,2,inferred_from_protocol,True,,train,run_holdout,-1
s21,s21_right_hand_040,right_hand,40,3,inferred_from_protocol,True,,train,run_holdout,-1
s21,s21_right_hand_041,right_hand,41,3,inferred_from_protocol,True,,train,run_holdout,-1
s21,s21_right_hand_042,right_hand,42,3,inferred_from_protocol,True,,train,run_holdout,-1
s21,s21_right_hand_043,right_hand,43,3,inferred_from_protocol,True,,train,run_holdout,-1
s21,s21_right_hand_044,right_hand,44,3,inferred_from_protocol,True,,train,run_holdout,-1
s21,s21_right_hand_045,right_hand,45,3,inferred_from_protocol,True,,train,run_holdout,-1
s21,s21_right_hand_046,right_hand,46,3,inferred_from_protocol,True,,train,run_holdout,-1
s21,s21_right_hand_047,right_hand,47,3,inferred_from_protocol,True,,train,run_holdout,-1
s21,s21_right_hand_048,right_hand,48,3,inferred_from_protocol,True,,train,run_holdout,-1
s21,s21_right_hand_049,right_hand,49,3,inferred_from_protocol,True,,train,run_holdout,-1
s21,s21_right_hand_050,right_hand,50,3,inferred_from_protocol,True,,train,run_holdout,-1
s21,s21_right_hand_051,right_hand,51,3,inferred_from_protocol,True,,train,run_holdout,-1
s21,s21_right_hand_052,right_hand,52,3,inferred_from_protocol,True,,train,run_holdout,-1
s21,s21_right_hand_053,right_hand,53,3,inferred_from_protocol,True,,train,run_holdout,-1
s21,s21_right_hand_054,right_hand,54,3,inferred_from_protocol,True,,train,run_holdout,-1
s21,s21_right_hand_055,right_hand,55,3,inferred_from_protocol,True,,train,run_holdout,-1
s21,s21_right_hand_056,right_hand,56,3,inferred_from_protocol,True,,train,run_holdout,-1
s21,s21_right_hand_057,right_hand,57,3,inferred_from_protocol,True,,train,run_holdout,-1
s21,s21_right_hand_058,right_hand,58,3,inferred_from_protocol,True,,train,run_holdout,-1
s21,s21_right_hand_059,right_hand,59,3,inferred_from_protocol,True,,train,run_holdout,-1
s21,s21_right_hand_060,right_hand,60,4,inferred_from_protocol,True,,val,run_holdout,-1
s21,s21_right_hand_061,right_hand,61,4,inferred_from_protocol,True,,val,run_holdout,-1
s21,s21_right_hand_062,right_hand,62,4,inferred_from_protocol,True,,val,run_holdout,-1
s21,s21_right_hand_063,right_hand,63,4,inferred_from_protocol,True,,val,run_holdout,-1
s21,s21_right_hand_064,right_hand,64,4,inferred_from_protocol,True,,val,run_holdout,-1
s21,s21_right_hand_065,right_hand,65,4,inferred_from_protocol,True,,val,run_holdout,-1
s21,s21_right_hand_066,right_hand,66,4,inferred_from_protocol,True,,val,run_holdout,-1
s21,s21_right_hand_067,right_hand,67,4,inferred_from_protocol,True,,val,run_holdout,-1
s21,s21_right_hand_068,right_hand,68,4,inferred_from_protocol,True,,val,run_holdout,-1
s21,s21_right_hand_069,right_hand,69,4,inferred_from_protocol,True,,val,run_holdout,-1
s21,s21_right_hand_070,right_hand,70,4,inferred_from_protocol,True,,val,run_holdout,-1
s21,s21_right_hand_071,right_hand,71,4,inferred_from_protocol,True,,val,run_holdout,-1
s21,s21_right_hand_072,right_hand,72,4,inferred_from_protocol,True,,val,run_holdout,-1
s21,s21_right_hand_073,right_hand,73,4,inferred_from_protocol,True,,val,run_holdout,-1
s21,s21_right_hand_074,right_hand,74,4,inferred_from_protocol,True,,val,run_holdout,-1
s21,s21_right_hand_075,right_hand,75,4,inferred_from_protocol,True,,val,run_holdout,-1
s21,s21_right_hand_076,right_hand,76,4,inferred_from_protocol,True,,val,run_holdout,-1
s21,s21_right_hand_077,right_hand,77,4,inferred_from_protocol,True,,val,run_holdout,-1
s21,s21_right_hand_078,right_hand,78,4,inferred_from_protocol,True,,val,run_holdout,-1
s21,s21_right_hand_079,right_hand,79,4,inferred_from_protocol,True,,val,run_holdout,-1
s21,s21_right_hand_080,right_hand,80,5,inferred_from_protocol,True,,test,run_holdout,-1
s21,s21_right_hand_081,right_hand,81,5,inferred_from_protocol,True,,test,run_holdout,-1
s21,s21_right_hand_082,right_hand,82,5,inferred_from_protocol,True,,test,run_holdout,-1
s21,s21_right_hand_083,right_hand,83,5,inferred_from_protocol,True,,test,run_holdout,-1
s21,s21_right_hand_084,right_hand,84,5,inferred_from_protocol,True,,test,run_holdout,-1
s21,s21_right_hand_085,right_hand,85,5,inferred_from_protocol,True,,test,run_holdout,-1
s21,s21_right_hand_086,right_hand,86,5,inferred_from_protocol,True,,test,run_holdout,-1
s21,s21_right_hand_087,right_hand,87,5,inferred_from_protocol,True,,test,run_holdout,-1
s21,s21_right_hand_088,right_hand,88,5,inferred_from_protocol,True,,test,run_holdout,-1
s21,s21_right_hand_089,right_hand,89,5,inferred_from_protocol,True,,test,run_holdout,-1
s21,s21_right_hand_090,right_hand,90,5,inferred_from_protocol,True,,test,run_holdout,-1
s21,s21_right_hand_091,right_hand,91,5,inferred_from_protocol,True,,test,run_holdout,-1
s21,s21_right_hand_092,right_hand,92,5,inferred_from_protocol,True,,test,run_holdout,-1
s21,s21_right_hand_093,right_hand,93,5,inferred_from_protocol,True,,test,run_holdout,-1
s21,s21_right_hand_094,right_hand,94,5,inferred_from_protocol,True,,test,run_holdout,-1
s21,s21_right_hand_095,right_hand,95,5,inferred_from_protocol,True,,test,run_holdout,-1
s21,s21_right_hand_096,right_hand,96,5,inferred_from_protocol,True,,test,run_holdout,-1
s21,s21_right_hand_097,right_hand,97,5,inferred_from_protocol,True,,test,run_holdout,-1
s21,s21_right_hand_098,right_hand,98,5,inferred_from_protocol,False,emg_correlation,test,run_holdout,-1
s21,s21_right_hand_099,right_hand,99,5,inferred_from_protocol,True,,test,run_holdout,-1
s22,s22_left_hand_000,left_hand,0,1,inferred_from_protocol,True,,train,run_holdout,-1
s22,s22_left_hand_001,left_hand,1,1,inferred_from_protocol,True,,train,run_holdout,-1
s22,s22_left_hand_002,left_hand,2,1,inferred_from_protocol,True,,train,run_holdout,-1
s22,s22_left_hand_003,left_hand,3,1,inferred_from_protocol,True,,train,run_holdout,-1
s22,s22_left_hand_004,left_hand,4,1,inferred_from_protocol,True,,train,run_holdout,-1
s22,s22_left_hand_005,left_hand,5,1,inferred_from_protocol,True,,train,run_holdout,-1
s22,s22_left_hand_006,left_hand,6,1,inferred_from_protocol,True,,train,run_holdout,-1
s22,s22_left_hand_007,left_hand,7,1,inferred_from_protocol,True,,train,run_holdout,-1
s22,s22_left_hand_008,left_hand,8,1,inferred_from_protocol,True,,train,run_holdout,-1
s22,s22_left_hand_009,left_hand,9,1,inferred_from_protocol,True,,train,run_holdout,-1
s22,s22_left_hand_010,left_hand,10,1,inferred_from_protocol,True,,train,run_holdout,-1
s22,s22_left_hand_011,left_hand,11,1,inferred_from_protocol,True,,train,run_holdout,-1
s22,s22_left_hand_012,left_hand,12,1,inferred_from_protocol,True,,train,run_holdout,-1
s22,s22_left_hand_013,left_hand,13,1,inferred_from_protocol,True,,train,run_holdout,-1
s22,s22_left_hand_014,left_hand,14,1,inferred_from_protocol,True,,train,run_holdout,-1
s22,s22_left_hand_015,left_hand,15,1,inferred_from_protocol,True,,train,run_holdout,-1
s22,s22_left_hand_016,left_hand,16,1,inferred_from_protocol,True,,train,run_holdout,-1
s22,s22_left_hand_017,left_hand,17,1,inferred_from_protocol,True,,train,run_holdout,-1
s22,s22_left_hand_018,left_hand,18,1,inferred_from_protocol,True,,train,run_holdout,-1
s22,s22_left_hand_019,left_hand,19,1,inferred_from_protocol,True,,train,run_holdout,-1
s22,s22_left_hand_020,left_hand,20,2,inferred_from_protocol,True,,train,run_holdout,-1
s22,s22_left_hand_021,left_hand,21,2,inferred_from_protocol,True,,train,run_holdout,-1
s22,s22_left_hand_022,left_hand,22,2,inferred_from_protocol,True,,train,run_holdout,-1
s22,s22_left_hand_023,left_hand,23,2,inferred_from_protocol,True,,train,run_holdout,-1
s22,s22_left_hand_024,left_hand,24,2,inferred_from_protocol,True,,train,run_holdout,-1
s22,s22_left_hand_025,left_hand,25,2,inferred_from_protocol,True,,train,run_holdout,-1
s22,s22_left_hand_026,left_hand,26,2,inferred_from_protocol,True,,train,run_holdout,-1
s22,s22_left_hand_027,left_hand,27,2,inferred_from_protocol,True,,train,run_holdout,-1
s22,s22_left_hand_028,left_hand,28,2,inferred_from_protocol,True,,train,run_holdout,-1
s22,s22_left_hand_029,left_hand,29,2,inferred_from_protocol,True,,train,run_holdout,-1
s22,s22_left_hand_030,left_hand,30,2,inferred_from_protocol,True,,train,run_holdout,-1
s22,s22_left_hand_031,left_hand,31,2,inferred_from_protocol,True,,train,run_holdout,-1
s22,s22_left_hand_032,left_hand,32,2,inferred_from_protocol,True,,train,run_holdout,-1
s22,s22_left_hand_033,left_hand,33,2,inferred_from_protocol,True,,train,run_holdout,-1
s22,s22_left_hand_034,left_hand,34,2,inferred_from_protocol,True,,train,run_holdout,-1
s22,s22_left_hand_035,left_hand,35,2,inferred_from_protocol,True,,train,run_holdout,-1
s22,s22_left_hand_036,left_hand,36,2,inferred_from_protocol,True,,train,run_holdout,-1
s22,s22_left_hand_037,left_hand,37,2,inferred_from_protocol,True,,train,run_holdout,-1
s22,s22_left_hand_038,left_hand,38,2,inferred_from_protocol,True,,train,run_holdout,-1
s22,s22_left_hand_039,left_hand,39,2,inferred_from_protocol,True,,train,run_holdout,-1
s22,s22_left_hand_040,left_hand,40,3,inferred_from_protocol,True,,train,run_holdout,-1
s22,s22_left_hand_041,left_hand,41,3,inferred_from_protocol,True,,train,run_holdout,-1
s22,s22_left_hand_042,left_hand,42,3,inferred_from_protocol,True,,train,run_holdout,-1
s22,s22_left_hand_043,left_hand,43,3,inferred_from_protocol,True,,train,run_holdout,-1
s22,s22_left_hand_044,left_hand,44,3,inferred_from_protocol,True,,train,run_holdout,-1
s22,s22_left_hand_045,left_hand,45,3,inferred_from_protocol,True,,train,run_holdout,-1
s22,s22_left_hand_046,left_hand,46,3,inferred_from_protocol,True,,train,run_holdout,-1
s22,s22_left_hand_047,left_hand,47,3,inferred_from_protocol,True,,train,run_holdout,-1
s22,s22_left_hand_048,left_hand,48,3,inferred_from_protocol,True,,train,run_holdout,-1
s22,s22_left_hand_049,left_hand,49,3,inferred_from_protocol,True,,train,run_holdout,-1
s22,s22_left_hand_050,left_hand,50,3,inferred_from_protocol,True,,train,run_holdout,-1
s22,s22_left_hand_051,left_hand,51,3,inferred_from_protocol,True,,train,run_holdout,-1
s22,s22_left_hand_052,left_hand,52,3,inferred_from_protocol,True,,train,run_holdout,-1
s22,s22_left_hand_053,left_hand,53,3,inferred_from_protocol,True,,train,run_holdout,-1
s22,s22_left_hand_054,left_hand,54,3,inferred_from_protocol,True,,train,run_holdout,-1
s22,s22_left_hand_055,left_hand,55,3,inferred_from_protocol,True,,train,run_holdout,-1
s22,s22_left_hand_056,left_hand,56,3,inferred_from_protocol,True,,train,run_holdout,-1
s22,s22_left_hand_057,left_hand,57,3,inferred_from_protocol,True,,train,run_holdout,-1
s22,s22_left_hand_058,left_hand,58,3,inferred_from_protocol,True,,train,run_holdout,-1
s22,s22_left_hand_059,left_hand,59,3,inferred_from_protocol,True,,train,run_holdout,-1
s22,s22_left_hand_060,left_hand,60,4,inferred_from_protocol,True,,val,run_holdout,-1
s22,s22_left_hand_061,left_hand,61,4,inferred_from_protocol,True,,val,run_holdout,-1
s22,s22_left_hand_062,left_hand,62,4,inferred_from_protocol,True,,val,run_holdout,-1
s22,s22_left_hand_063,left_hand,63,4,inferred_from_protocol,True,,val,run_holdout,-1
s22,s22_left_hand_064,left_hand,64,4,inferred_from_protocol,True,,val,run_holdout,-1
s22,s22_left_hand_065,left_hand,65,4,inferred_from_protocol,True,,val,run_holdout,-1
s22,s22_left_hand_066,left_hand,66,4,inferred_from_protocol,True,,val,run_holdout,-1
s22,s22_left_hand_067,left_hand,67,4,inferred_from_protocol,True,,val,run_holdout,-1
s22,s22_left_hand_068,left_hand,68,4,inferred_from_protocol,True,,val,run_holdout,-1
s22,s22_left_hand_069,left_hand,69,4,inferred_from_protocol,True,,val,run_holdout,-1
s22,s22_left_hand_070,left_hand,70,4,inferred_from_protocol,True,,val,run_holdout,-1
s22,s22_left_hand_071,left_hand,71,4,inferred_from_protocol,True,,val,run_holdout,-1
s22,s22_left_hand_072,left_hand,72,4,inferred_from_protocol,True,,val,run_holdout,-1
s22,s22_left_hand_073,left_hand,73,4,inferred_from_protocol,True,,val,run_holdout,-1
s22,s22_left_hand_074,left_hand,74,4,inferred_from_protocol,True,,val,run_holdout,-1
s22,s22_left_hand_075,left_hand,75,4,inferred_from_protocol,True,,val,run_holdout,-1
s22,s22_left_hand_076,left_hand,76,4,inferred_from_protocol,True,,val,run_holdout,-1
s22,s22_left_hand_077,left_hand,77,4,inferred_from_protocol,True,,val,run_holdout,-1
s22,s22_left_hand_078,left_hand,78,4,inferred_from_protocol,True,,val,run_holdout,-1
s22,s22_left_hand_079,left_hand,79,4,inferred_from_protocol,True,,val,run_holdout,-1
s22,s22_left_hand_080,left_hand,80,5,inferred_from_protocol,True,,test,run_holdout,-1
s22,s22_left_hand_081,left_hand,81,5,inferred_from_protocol,True,,test,run_holdout,-1
s22,s22_left_hand_082,left_hand,82,5,inferred_from_protocol,True,,test,run_holdout,-1
s22,s22_left_hand_083,left_hand,83,5,inferred_from_protocol,True,,test,run_holdout,-1
s22,s22_left_hand_084,left_hand,84,5,inferred_from_protocol,True,,test,run_holdout,-1
s22,s22_left_hand_085,left_hand,85,5,inferred_from_protocol,True,,test,run_holdout,-1
s22,s22_left_hand_086,left_hand,86,5,inferred_from_protocol,True,,test,run_holdout,-1
s22,s22_left_hand_087,left_hand,87,5,inferred_from_protocol,True,,test,run_holdout,-1
s22,s22_left_hand_088,left_hand,88,5,inferred_from_protocol,True,,test,run_holdout,-1
s22,s22_left_hand_089,left_hand,89,5,inferred_from_protocol,True,,test,run_holdout,-1
s22,s22_left_hand_090,left_hand,90,5,inferred_from_protocol,True,,test,run_holdout,-1
s22,s22_left_hand_091,left_hand,91,5,inferred_from_protocol,True,,test,run_holdout,-1
s22,s22_left_hand_092,left_hand,92,5,inferred_from_protocol,True,,test,run_holdout,-1
s22,s22_left_hand_093,left_hand,93,5,inferred_from_protocol,True,,test,run_holdout,-1
s22,s22_left_hand_094,left_hand,94,5,inferred_from_protocol,True,,test,run_holdout,-1
s22,s22_left_hand_095,left_hand,95,5,inferred_from_protocol,True,,test,run_holdout,-1
s22,s22_left_hand_096,left_hand,96,5,inferred_from_protocol,True,,test,run_holdout,-1
s22,s22_left_hand_097,left_hand,97,5,inferred_from_protocol,True,,test,run_holdout,-1
s22,s22_left_hand_098,left_hand,98,5,inferred_from_protocol,True,,test,run_holdout,-1
s22,s22_left_hand_099,left_hand,99,5,inferred_from_protocol,True,,test,run_holdout,-1
s22,s22_right_hand_000,right_hand,0,1,inferred_from_protocol,False,amplitude,train,run_holdout,-1
s22,s22_right_hand_001,right_hand,1,1,inferred_from_protocol,True,,train,run_holdout,-1
s22,s22_right_hand_002,right_hand,2,1,inferred_from_protocol,True,,train,run_holdout,-1
s22,s22_right_hand_003,right_hand,3,1,inferred_from_protocol,True,,train,run_holdout,-1
s22,s22_right_hand_004,right_hand,4,1,inferred_from_protocol,True,,train,run_holdout,-1
s22,s22_right_hand_005,right_hand,5,1,inferred_from_protocol,True,,train,run_holdout,-1
s22,s22_right_hand_006,right_hand,6,1,inferred_from_protocol,True,,train,run_holdout,-1
s22,s22_right_hand_007,right_hand,7,1,inferred_from_protocol,True,,train,run_holdout,-1
s22,s22_right_hand_008,right_hand,8,1,inferred_from_protocol,True,,train,run_holdout,-1
s22,s22_right_hand_009,right_hand,9,1,inferred_from_protocol,True,,train,run_holdout,-1
s22,s22_right_hand_010,right_hand,10,1,inferred_from_protocol,True,,train,run_holdout,-1
s22,s22_right_hand_011,right_hand,11,1,inferred_from_protocol,True,,train,run_holdout,-1
s22,s22_right_hand_012,right_hand,12,1,inferred_from_protocol,True,,train,run_holdout,-1
s22,s22_right_hand_013,right_hand,13,1,inferred_from_protocol,True,,train,run_holdout,-1
s22,s22_right_hand_014,right_hand,14,1,inferred_from_protocol,True,,train,run_holdout,-1
s22,s22_right_hand_015,right_hand,15,1,inferred_from_protocol,True,,train,run_holdout,-1
s22,s22_right_hand_016,right_hand,16,1,inferred_from_protocol,True,,train,run_holdout,-1
s22,s22_right_hand_017,right_hand,17,1,inferred_from_protocol,True,,train,run_holdout,-1
s22,s22_right_hand_018,right_hand,18,1,inferred_from_protocol,True,,train,run_holdout,-1
s22,s22_right_hand_019,right_hand,19,1,inferred_from_protocol,True,,train,run_holdout,-1
s22,s22_right_hand_020,right_hand,20,2,inferred_from_protocol,True,,train,run_holdout,-1
s22,s22_right_hand_021,right_hand,21,2,inferred_from_protocol,True,,train,run_holdout,-1
s22,s22_right_hand_022,right_hand,22,2,inferred_from_protocol,True,,train,run_holdout,-1
s22,s22_right_hand_023,right_hand,23,2,inferred_from_protocol,True,,train,run_holdout,-1
s22,s22_right_hand_024,right_hand,24,2,inferred_from_protocol,True,,train,run_holdout,-1
s22,s22_right_hand_025,right_hand,25,2,inferred_from_protocol,True,,train,run_holdout,-1
s22,s22_right_hand_026,right_hand,26,2,inferred_from_protocol,True,,train,run_holdout,-1
s22,s22_right_hand_027,right_hand,27,2,inferred_from_protocol,True,,train,run_holdout,-1
s22,s22_right_hand_028,right_hand,28,2,inferred_from_protocol,True,,train,run_holdout,-1
s22,s22_right_hand_029,right_hand,29,2,inferred_from_protocol,True,,train,run_holdout,-1
s22,s22_right_hand_030,right_hand,30,2,inferred_from_protocol,True,,train,run_holdout,-1
s22,s22_right_hand_031,right_hand,31,2,inferred_from_protocol,True,,train,run_holdout,-1
s22,s22_right_hand_032,right_hand,32,2,inferred_from_protocol,True,,train,run_holdout,-1
s22,s22_right_hand_033,right_hand,33,2,inferred_from_protocol,True,,train,run_holdout,-1
s22,s22_right_hand_034,right_hand,34,2,inferred_from_protocol,True,,train,run_holdout,-1
s22,s22_right_hand_035,right_hand,35,2,inferred_from_protocol,True,,train,run_holdout,-1
s22,s22_right_hand_036,right_hand,36,2,inferred_from_protocol,True,,train,run_holdout,-1
s22,s22_right_hand_037,right_hand,37,2,inferred_from_protocol,True,,train,run_holdout,-1
s22,s22_right_hand_038,right_hand,38,2,inferred_from_protocol,True,,train,run_holdout,-1
s22,s22_right_hand_039,right_hand,39,2,inferred_from_protocol,True,,train,run_holdout,-1
s22,s22_right_hand_040,right_hand,40,3,inferred_from_protocol,True,,train,run_holdout,-1
s22,s22_right_hand_041,right_hand,41,3,inferred_from_protocol,True,,train,run_holdout,-1
s22,s22_right_hand_042,right_hand,42,3,inferred_from_protocol,True,,train,run_holdout,-1
s22,s22_right_hand_043,right_hand,43,3,inferred_from_protocol,True,,train,run_holdout,-1
s22,s22_right_hand_044,right_hand,44,3,inferred_from_protocol,True,,train,run_holdout,-1
s22,s22_right_hand_045,right_hand,45,3,inferred_from_protocol,True,,train,run_holdout,-1
s22,s22_right_hand_046,right_hand,46,3,inferred_from_protocol,True,,train,run_holdout,-1
s22,s22_right_hand_047,right_hand,47,3,inferred_from_protocol,True,,train,run_holdout,-1
s22,s22_right_hand_048,right_hand,48,3,inferred_from_protocol,True,,train,run_holdout,-1
s22,s22_right_hand_049,right_hand,49,3,inferred_from_protocol,True,,train,run_holdout,-1
s22,s22_right_hand_050,right_hand,50,3,inferred_from_protocol,True,,train,run_holdout,-1
s22,s22_right_hand_051,right_hand,51,3,inferred_from_protocol,True,,train,run_holdout,-1
s22,s22_right_hand_052,right_hand,52,3,inferred_from_protocol,True,,train,run_holdout,-1
s22,s22_right_hand_053,right_hand,53,3,inferred_from_protocol,True,,train,run_holdout,-1
s22,s22_right_hand_054,right_hand,54,3,inferred_from_protocol,True,,train,run_holdout,-1
s22,s22_right_hand_055,right_hand,55,3,inferred_from_protocol,True,,train,run_holdout,-1
s22,s22_right_hand_056,right_hand,56,3,inferred_from_protocol,True,,train,run_holdout,-1
s22,s22_right_hand_057,right_hand,57,3,inferred_from_protocol,True,,train,run_holdout,-1
s22,s22_right_hand_058,right_hand,58,3,inferred_from_protocol,True,,train,run_holdout,-1
s22,s22_right_hand_059,right_hand,59,3,inferred_from_protocol,True,,train,run_holdout,-1
s22,s22_right_hand_060,right_hand,60,4,inferred_from_protocol,True,,val,run_holdout,-1
s22,s22_right_hand_061,right_hand,61,4,inferred_from_protocol,True,,val,run_holdout,-1
s22,s22_right_hand_062,right_hand,62,4,inferred_from_protocol,True,,val,run_holdout,-1
s22,s22_right_hand_063,right_hand,63,4,inferred_from_protocol,True,,val,run_holdout,-1
s22,s22_right_hand_064,right_hand,64,4,inferred_from_protocol,True,,val,run_holdout,-1
s22,s22_right_hand_065,right_hand,65,4,inferred_from_protocol,True,,val,run_holdout,-1
s22,s22_right_hand_066,right_hand,66,4,inferred_from_protocol,True,,val,run_holdout,-1
s22,s22_right_hand_067,right_hand,67,4,inferred_from_protocol,True,,val,run_holdout,-1
s22,s22_right_hand_068,right_hand,68,4,inferred_from_protocol,True,,val,run_holdout,-1
s22,s22_right_hand_069,right_hand,69,4,inferred_from_protocol,True,,val,run_holdout,-1
s22,s22_right_hand_070,right_hand,70,4,inferred_from_protocol,True,,val,run_holdout,-1
s22,s22_right_hand_071,right_hand,71,4,inferred_from_protocol,True,,val,run_holdout,-1
s22,s22_right_hand_072,right_hand,72,4,inferred_from_protocol,True,,val,run_holdout,-1
s22,s22_right_hand_073,right_hand,73,4,inferred_from_protocol,True,,val,run_holdout,-1
s22,s22_right_hand_074,right_hand,74,4,inferred_from_protocol,True,,val,run_holdout,-1
s22,s22_right_hand_075,right_hand,75,4,inferred_from_protocol,True,,val,run_holdout,-1
s22,s22_right_hand_076,right_hand,76,4,inferred_from_protocol,True,,val,run_holdout,-1
s22,s22_right_hand_077,right_hand,77,4,inferred_from_protocol,True,,val,run_holdout,-1
s22,s22_right_hand_078,right_hand,78,4,inferred_from_protocol,True,,val,run_holdout,-1
s22,s22_right_hand_079,right_hand,79,4,inferred_from_protocol,True,,val,run_holdout,-1
s22,s22_right_hand_080,right_hand,80,5,inferred_from_protocol,True,,test,run_holdout,-1
s22,s22_right_hand_081,right_hand,81,5,inferred_from_protocol,True,,test,run_holdout,-1
s22,s22_right_hand_082,right_hand,82,5,inferred_from_protocol,True,,test,run_holdout,-1
s22,s22_right_hand_083,right_hand,83,5,inferred_from_protocol,True,,test,run_holdout,-1
s22,s22_right_hand_084,right_hand,84,5,inferred_from_protocol,True,,test,run_holdout,-1
s22,s22_right_hand_085,right_hand,85,5,inferred_from_protocol,True,,test,run_holdout,-1
s22,s22_right_hand_086,right_hand,86,5,inferred_from_protocol,True,,test,run_holdout,-1
s22,s22_right_hand_087,right_hand,87,5,inferred_from_protocol,True,,test,run_holdout,-1
s22,s22_right_hand_088,right_hand,88,5,inferred_from_protocol,True,,test,run_holdout,-1
s22,s22_right_hand_089,right_hand,89,5,inferred_from_protocol,True,,test,run_holdout,-1
s22,s22_right_hand_090,right_hand,90,5,inferred_from_protocol,True,,test,run_holdout,-1
s22,s22_right_hand_091,right_hand,91,5,inferred_from_protocol,True,,test,run_holdout,-1
s22,s22_right_hand_092,right_hand,92,5,inferred_from_protocol,True,,test,run_holdout,-1
s22,s22_right_hand_093,right_hand,93,5,inferred_from_protocol,True,,test,run_holdout,-1
s22,s22_right_hand_094,right_hand,94,5,inferred_from_protocol,True,,test,run_holdout,-1
s22,s22_right_hand_095,right_hand,95,5,inferred_from_protocol,True,,test,run_holdout,-1
s22,s22_right_hand_096,right_hand,96,5,inferred_from_protocol,True,,test,run_holdout,-1
s22,s22_right_hand_097,right_hand,97,5,inferred_from_protocol,True,,test,run_holdout,-1
s22,s22_right_hand_098,right_hand,98,5,inferred_from_protocol,True,,test,run_holdout,-1
s22,s22_right_hand_099,right_hand,99,5,inferred_from_protocol,True,,test,run_holdout,-1
s23,s23_left_hand_000,left_hand,0,1,inferred_from_protocol,True,,train,run_holdout,-1
s23,s23_left_hand_001,left_hand,1,1,inferred_from_protocol,True,,train,run_holdout,-1
s23,s23_left_hand_002,left_hand,2,1,inferred_from_protocol,True,,train,run_holdout,-1
s23,s23_left_hand_003,left_hand,3,1,inferred_from_protocol,True,,train,run_holdout,-1
s23,s23_left_hand_004,left_hand,4,1,inferred_from_protocol,True,,train,run_holdout,-1
s23,s23_left_hand_005,left_hand,5,1,inferred_from_protocol,True,,train,run_holdout,-1
s23,s23_left_hand_006,left_hand,6,1,inferred_from_protocol,True,,train,run_holdout,-1
s23,s23_left_hand_007,left_hand,7,1,inferred_from_protocol,True,,train,run_holdout,-1
s23,s23_left_hand_008,left_hand,8,1,inferred_from_protocol,True,,train,run_holdout,-1
s23,s23_left_hand_009,left_hand,9,1,inferred_from_protocol,True,,train,run_holdout,-1
s23,s23_left_hand_010,left_hand,10,1,inferred_from_protocol,True,,train,run_holdout,-1
s23,s23_left_hand_011,left_hand,11,1,inferred_from_protocol,True,,train,run_holdout,-1
s23,s23_left_hand_012,left_hand,12,1,inferred_from_protocol,True,,train,run_holdout,-1
s23,s23_left_hand_013,left_hand,13,1,inferred_from_protocol,True,,train,run_holdout,-1
s23,s23_left_hand_014,left_hand,14,1,inferred_from_protocol,True,,train,run_holdout,-1
s23,s23_left_hand_015,left_hand,15,1,inferred_from_protocol,True,,train,run_holdout,-1
s23,s23_left_hand_016,left_hand,16,1,inferred_from_protocol,True,,train,run_holdout,-1
s23,s23_left_hand_017,left_hand,17,1,inferred_from_protocol,True,,train,run_holdout,-1
s23,s23_left_hand_018,left_hand,18,1,inferred_from_protocol,True,,train,run_holdout,-1
s23,s23_left_hand_019,left_hand,19,1,inferred_from_protocol,True,,train,run_holdout,-1
s23,s23_left_hand_020,left_hand,20,2,inferred_from_protocol,True,,train,run_holdout,-1
s23,s23_left_hand_021,left_hand,21,2,inferred_from_protocol,True,,train,run_holdout,-1
s23,s23_left_hand_022,left_hand,22,2,inferred_from_protocol,True,,train,run_holdout,-1
s23,s23_left_hand_023,left_hand,23,2,inferred_from_protocol,True,,train,run_holdout,-1
s23,s23_left_hand_024,left_hand,24,2,inferred_from_protocol,True,,train,run_holdout,-1
s23,s23_left_hand_025,left_hand,25,2,inferred_from_protocol,True,,train,run_holdout,-1
s23,s23_left_hand_026,left_hand,26,2,inferred_from_protocol,True,,train,run_holdout,-1
s23,s23_left_hand_027,left_hand,27,2,inferred_from_protocol,True,,train,run_holdout,-1
s23,s23_left_hand_028,left_hand,28,2,inferred_from_protocol,True,,train,run_holdout,-1
s23,s23_left_hand_029,left_hand,29,2,inferred_from_protocol,True,,train,run_holdout,-1
s23,s23_left_hand_030,left_hand,30,2,inferred_from_protocol,True,,train,run_holdout,-1
s23,s23_left_hand_031,left_hand,31,2,inferred_from_protocol,False,emg_correlation,train,run_holdout,-1
s23,s23_left_hand_032,left_hand,32,2,inferred_from_protocol,True,,train,run_holdout,-1
s23,s23_left_hand_033,left_hand,33,2,inferred_from_protocol,True,,train,run_holdout,-1
s23,s23_left_hand_034,left_hand,34,2,inferred_from_protocol,True,,train,run_holdout,-1
s23,s23_left_hand_035,left_hand,35,2,inferred_from_protocol,True,,train,run_holdout,-1
s23,s23_left_hand_036,left_hand,36,2,inferred_from_protocol,True,,train,run_holdout,-1
s23,s23_left_hand_037,left_hand,37,2,inferred_from_protocol,True,,train,run_holdout,-1
s23,s23_left_hand_038,left_hand,38,2,inferred_from_protocol,True,,train,run_holdout,-1
s23,s23_left_hand_039,left_hand,39,2,inferred_from_protocol,True,,train,run_holdout,-1
s23,s23_left_hand_040,left_hand,40,3,inferred_from_protocol,True,,train,run_holdout,-1
s23,s23_left_hand_041,left_hand,41,3,inferred_from_protocol,True,,train,run_holdout,-1
s23,s23_left_hand_042,left_hand,42,3,inferred_from_protocol,True,,train,run_holdout,-1
s23,s23_left_hand_043,left_hand,43,3,inferred_from_protocol,True,,train,run_holdout,-1
s23,s23_left_hand_044,left_hand,44,3,inferred_from_protocol,True,,train,run_holdout,-1
s23,s23_left_hand_045,left_hand,45,3,inferred_from_protocol,True,,train,run_holdout,-1
s23,s23_left_hand_046,left_hand,46,3,inferred_from_protocol,True,,train,run_holdout,-1
s23,s23_left_hand_047,left_hand,47,3,inferred_from_protocol,True,,train,run_holdout,-1
s23,s23_left_hand_048,left_hand,48,3,inferred_from_protocol,True,,train,run_holdout,-1
s23,s23_left_hand_049,left_hand,49,3,inferred_from_protocol,True,,train,run_holdout,-1
s23,s23_left_hand_050,left_hand,50,3,inferred_from_protocol,True,,train,run_holdout,-1
s23,s23_left_hand_051,left_hand,51,3,inferred_from_protocol,True,,train,run_holdout,-1
s23,s23_left_hand_052,left_hand,52,3,inferred_from_protocol,True,,train,run_holdout,-1
s23,s23_left_hand_053,left_hand,53,3,inferred_from_protocol,True,,train,run_holdout,-1
s23,s23_left_hand_054,left_hand,54,3,inferred_from_protocol,True,,train,run_holdout,-1
s23,s23_left_hand_055,left_hand,55,3,inferred_from_protocol,True,,train,run_holdout,-1
s23,s23_left_hand_056,left_hand,56,3,inferred_from_protocol,True,,train,run_holdout,-1
s23,s23_left_hand_057,left_hand,57,3,inferred_from_protocol,True,,train,run_holdout,-1
s23,s23_left_hand_058,left_hand,58,3,inferred_from_protocol,True,,train,run_holdout,-1
s23,s23_left_hand_059,left_hand,59,3,inferred_from_protocol,True,,train,run_holdout,-1
s23,s23_left_hand_060,left_hand,60,4,inferred_from_protocol,True,,val,run_holdout,-1
s23,s23_left_hand_061,left_hand,61,4,inferred_from_protocol,True,,val,run_holdout,-1
s23,s23_left_hand_062,left_hand,62,4,inferred_from_protocol,True,,val,run_holdout,-1
s23,s23_left_hand_063,left_hand,63,4,inferred_from_protocol,True,,val,run_holdout,-1
s23,s23_left_hand_064,left_hand,64,4,inferred_from_protocol,True,,val,run_holdout,-1
s23,s23_left_hand_065,left_hand,65,4,inferred_from_protocol,True,,val,run_holdout,-1
s23,s23_left_hand_066,left_hand,66,4,inferred_from_protocol,True,,val,run_holdout,-1
s23,s23_left_hand_067,left_hand,67,4,inferred_from_protocol,True,,val,run_holdout,-1
s23,s23_left_hand_068,left_hand,68,4,inferred_from_protocol,True,,val,run_holdout,-1
s23,s23_left_hand_069,left_hand,69,4,inferred_from_protocol,True,,val,run_holdout,-1
s23,s23_left_hand_070,left_hand,70,4,inferred_from_protocol,True,,val,run_holdout,-1
s23,s23_left_hand_071,left_hand,71,4,inferred_from_protocol,True,,val,run_holdout,-1
s23,s23_left_hand_072,left_hand,72,4,inferred_from_protocol,False,emg_correlation,val,run_holdout,-1
s23,s23_left_hand_073,left_hand,73,4,inferred_from_protocol,True,,val,run_holdout,-1
s23,s23_left_hand_074,left_hand,74,4,inferred_from_protocol,True,,val,run_holdout,-1
s23,s23_left_hand_075,left_hand,75,4,inferred_from_protocol,True,,val,run_holdout,-1
s23,s23_left_hand_076,left_hand,76,4,inferred_from_protocol,True,,val,run_holdout,-1
s23,s23_left_hand_077,left_hand,77,4,inferred_from_protocol,True,,val,run_holdout,-1
s23,s23_left_hand_078,left_hand,78,4,inferred_from_protocol,True,,val,run_holdout,-1
s23,s23_left_hand_079,left_hand,79,4,inferred_from_protocol,True,,val,run_holdout,-1
s23,s23_left_hand_080,left_hand,80,5,inferred_from_protocol,True,,test,run_holdout,-1
s23,s23_left_hand_081,left_hand,81,5,inferred_from_protocol,True,,test,run_holdout,-1
s23,s23_left_hand_082,left_hand,82,5,inferred_from_protocol,True,,test,run_holdout,-1
s23,s23_left_hand_083,left_hand,83,5,inferred_from_protocol,True,,test,run_holdout,-1
s23,s23_left_hand_084,left_hand,84,5,inferred_from_protocol,True,,test,run_holdout,-1
s23,s23_left_hand_085,left_hand,85,5,inferred_from_protocol,True,,test,run_holdout,-1
s23,s23_left_hand_086,left_hand,86,5,inferred_from_protocol,True,,test,run_holdout,-1
s23,s23_left_hand_087,left_hand,87,5,inferred_from_protocol,True,,test,run_holdout,-1
s23,s23_left_hand_088,left_hand,88,5,inferred_from_protocol,True,,test,run_holdout,-1
s23,s23_left_hand_089,left_hand,89,5,inferred_from_protocol,True,,test,run_holdout,-1
s23,s23_left_hand_090,left_hand,90,5,inferred_from_protocol,True,,test,run_holdout,-1
s23,s23_left_hand_091,left_hand,91,5,inferred_from_protocol,True,,test,run_holdout,-1
s23,s23_left_hand_092,left_hand,92,5,inferred_from_protocol,True,,test,run_holdout,-1
s23,s23_left_hand_093,left_hand,93,5,inferred_from_protocol,True,,test,run_holdout,-1
s23,s23_left_hand_094,left_hand,94,5,inferred_from_protocol,True,,test,run_holdout,-1
s23,s23_left_hand_095,left_hand,95,5,inferred_from_protocol,True,,test,run_holdout,-1
s23,s23_left_hand_096,left_hand,96,5,inferred_from_protocol,True,,test,run_holdout,-1
s23,s23_left_hand_097,left_hand,97,5,inferred_from_protocol,True,,test,run_holdout,-1
s23,s23_left_hand_098,left_hand,98,5,inferred_from_protocol,True,,test,run_holdout,-1
s23,s23_left_hand_099,left_hand,99,5,inferred_from_protocol,True,,test,run_holdout,-1
s23,s23_right_hand_000,right_hand,0,1,inferred_from_protocol,True,,train,run_holdout,-1
s23,s23_right_hand_001,right_hand,1,1,inferred_from_protocol,True,,train,run_holdout,-1
s23,s23_right_hand_002,right_hand,2,1,inferred_from_protocol,True,,train,run_holdout,-1
s23,s23_right_hand_003,right_hand,3,1,inferred_from_protocol,True,,train,run_holdout,-1
s23,s23_right_hand_004,right_hand,4,1,inferred_from_protocol,True,,train,run_holdout,-1
s23,s23_right_hand_005,right_hand,5,1,inferred_from_protocol,True,,train,run_holdout,-1
s23,s23_right_hand_006,right_hand,6,1,inferred_from_protocol,True,,train,run_holdout,-1
s23,s23_right_hand_007,right_hand,7,1,inferred_from_protocol,True,,train,run_holdout,-1
s23,s23_right_hand_008,right_hand,8,1,inferred_from_protocol,True,,train,run_holdout,-1
s23,s23_right_hand_009,right_hand,9,1,inferred_from_protocol,True,,train,run_holdout,-1
s23,s23_right_hand_010,right_hand,10,1,inferred_from_protocol,True,,train,run_holdout,-1
s23,s23_right_hand_011,right_hand,11,1,inferred_from_protocol,True,,train,run_holdout,-1
s23,s23_right_hand_012,right_hand,12,1,inferred_from_protocol,True,,train,run_holdout,-1
s23,s23_right_hand_013,right_hand,13,1,inferred_from_protocol,True,,train,run_holdout,-1
s23,s23_right_hand_014,right_hand,14,1,inferred_from_protocol,True,,train,run_holdout,-1
s23,s23_right_hand_015,right_hand,15,1,inferred_from_protocol,True,,train,run_holdout,-1
s23,s23_right_hand_016,right_hand,16,1,inferred_from_protocol,True,,train,run_holdout,-1
s23,s23_right_hand_017,right_hand,17,1,inferred_from_protocol,True,,train,run_holdout,-1
s23,s23_right_hand_018,right_hand,18,1,inferred_from_protocol,True,,train,run_holdout,-1
s23,s23_right_hand_019,right_hand,19,1,inferred_from_protocol,True,,train,run_holdout,-1
s23,s23_right_hand_020,right_hand,20,2,inferred_from_protocol,False,emg_correlation,train,run_holdout,-1
s23,s23_right_hand_021,right_hand,21,2,inferred_from_protocol,True,,train,run_holdout,-1
s23,s23_right_hand_022,right_hand,22,2,inferred_from_protocol,True,,train,run_holdout,-1
s23,s23_right_hand_023,right_hand,23,2,inferred_from_protocol,True,,train,run_holdout,-1
s23,s23_right_hand_024,right_hand,24,2,inferred_from_protocol,True,,train,run_holdout,-1
s23,s23_right_hand_025,right_hand,25,2,inferred_from_protocol,True,,train,run_holdout,-1
s23,s23_right_hand_026,right_hand,26,2,inferred_from_protocol,True,,train,run_holdout,-1
s23,s23_right_hand_027,right_hand,27,2,inferred_from_protocol,True,,train,run_holdout,-1
s23,s23_right_hand_028,right_hand,28,2,inferred_from_protocol,True,,train,run_holdout,-1
s23,s23_right_hand_029,right_hand,29,2,inferred_from_protocol,True,,train,run_holdout,-1
s23,s23_right_hand_030,right_hand,30,2,inferred_from_protocol,True,,train,run_holdout,-1
s23,s23_right_hand_031,right_hand,31,2,inferred_from_protocol,True,,train,run_holdout,-1
s23,s23_right_hand_032,right_hand,32,2,inferred_from_protocol,True,,train,run_holdout,-1
s23,s23_right_hand_033,right_hand,33,2,inferred_from_protocol,True,,train,run_holdout,-1
s23,s23_right_hand_034,right_hand,34,2,inferred_from_protocol,True,,train,run_holdout,-1
s23,s23_right_hand_035,right_hand,35,2,inferred_from_protocol,True,,train,run_holdout,-1
s23,s23_right_hand_036,right_hand,36,2,inferred_from_protocol,True,,train,run_holdout,-1
s23,s23_right_hand_037,right_hand,37,2,inferred_from_protocol,True,,train,run_holdout,-1
s23,s23_right_hand_038,right_hand,38,2,inferred_from_protocol,True,,train,run_holdout,-1
s23,s23_right_hand_039,right_hand,39,2,inferred_from_protocol,True,,train,run_holdout,-1
s23,s23_right_hand_040,right_hand,40,3,inferred_from_protocol,True,,train,run_holdout,-1
s23,s23_right_hand_041,right_hand,41,3,inferred_from_protocol,True,,train,run_holdout,-1
s23,s23_right_hand_042,right_hand,42,3,inferred_from_protocol,True,,train,run_holdout,-1
s23,s23_right_hand_043,right_hand,43,3,inferred_from_protocol,True,,train,run_holdout,-1
s23,s23_right_hand_044,right_hand,44,3,inferred_from_protocol,True,,train,run_holdout,-1
s23,s23_right_hand_045,right_hand,45,3,inferred_from_protocol,True,,train,run_holdout,-1
s23,s23_right_hand_046,right_hand,46,3,inferred_from_protocol,True,,train,run_holdout,-1
s23,s23_right_hand_047,right_hand,47,3,inferred_from_protocol,True,,train,run_holdout,-1
s23,s23_right_hand_048,right_hand,48,3,inferred_from_protocol,True,,train,run_holdout,-1
s23,s23_right_hand_049,right_hand,49,3,inferred_from_protocol,True,,train,run_holdout,-1
s23,s23_right_hand_050,right_hand,50,3,inferred_from_protocol,True,,train,run_holdout,-1
s23,s23_right_hand_051,right_hand,51,3,inferred_from_protocol,True,,train,run_holdout,-1
s23,s23_right_hand_052,right_hand,52,3,inferred_from_protocol,True,,train,run_holdout,-1
s23,s23_right_hand_053,right_hand,53,3,inferred_from_protocol,True,,train,run_holdout,-1
s23,s23_right_hand_054,right_hand,54,3,inferred_from_protocol,True,,train,run_holdout,-1
s23,s23_right_hand_055,right_hand,55,3,inferred_from_protocol,True,,train,run_holdout,-1
s23,s23_right_hand_056,right_hand,56,3,inferred_from_protocol,True,,train,run_holdout,-1
s23,s23_right_hand_057,right_hand,57,3,inferred_from_protocol,True,,train,run_holdout,-1
s23,s23_right_hand_058,right_hand,58,3,inferred_from_protocol,True,,train,run_holdout,-1
s23,s23_right_hand_059,right_hand,59,3,inferred_from_protocol,True,,train,run_holdout,-1
s23,s23_right_hand_060,right_hand,60,4,inferred_from_protocol,True,,val,run_holdout,-1
s23,s23_right_hand_061,right_hand,61,4,inferred_from_protocol,True,,val,run_holdout,-1
s23,s23_right_hand_062,right_hand,62,4,inferred_from_protocol,True,,val,run_holdout,-1
s23,s23_right_hand_063,right_hand,63,4,inferred_from_protocol,True,,val,run_holdout,-1
s23,s23_right_hand_064,right_hand,64,4,inferred_from_protocol,True,,val,run_holdout,-1
s23,s23_right_hand_065,right_hand,65,4,inferred_from_protocol,True,,val,run_holdout,-1
s23,s23_right_hand_066,right_hand,66,4,inferred_from_protocol,True,,val,run_holdout,-1
s23,s23_right_hand_067,right_hand,67,4,inferred_from_protocol,True,,val,run_holdout,-1
s23,s23_right_hand_068,right_hand,68,4,inferred_from_protocol,True,,val,run_holdout,-1
s23,s23_right_hand_069,right_hand,69,4,inferred_from_protocol,True,,val,run_holdout,-1
s23,s23_right_hand_070,right_hand,70,4,inferred_from_protocol,True,,val,run_holdout,-1
s23,s23_right_hand_071,right_hand,71,4,inferred_from_protocol,True,,val,run_holdout,-1
s23,s23_right_hand_072,right_hand,72,4,inferred_from_protocol,True,,val,run_holdout,-1
s23,s23_right_hand_073,right_hand,73,4,inferred_from_protocol,True,,val,run_holdout,-1
s23,s23_right_hand_074,right_hand,74,4,inferred_from_protocol,True,,val,run_holdout,-1
s23,s23_right_hand_075,right_hand,75,4,inferred_from_protocol,True,,val,run_holdout,-1
s23,s23_right_hand_076,right_hand,76,4,inferred_from_protocol,True,,val,run_holdout,-1
s23,s23_right_hand_077,right_hand,77,4,inferred_from_protocol,True,,val,run_holdout,-1
s23,s23_right_hand_078,right_hand,78,4,inferred_from_protocol,True,,val,run_holdout,-1
s23,s23_right_hand_079,right_hand,79,4,inferred_from_protocol,True,,val,run_holdout,-1
s23,s23_right_hand_080,right_hand,80,5,inferred_from_protocol,True,,test,run_holdout,-1
s23,s23_right_hand_081,right_hand,81,5,inferred_from_protocol,True,,test,run_holdout,-1
s23,s23_right_hand_082,right_hand,82,5,inferred_from_protocol,True,,test,run_holdout,-1
s23,s23_right_hand_083,right_hand,83,5,inferred_from_protocol,True,,test,run_holdout,-1
s23,s23_right_hand_084,right_hand,84,5,inferred_from_protocol,True,,test,run_holdout,-1
s23,s23_right_hand_085,right_hand,85,5,inferred_from_protocol,True,,test,run_holdout,-1
s23,s23_right_hand_086,right_hand,86,5,inferred_from_protocol,True,,test,run_holdout,-1
s23,s23_right_hand_087,right_hand,87,5,inferred_from_protocol,True,,test,run_holdout,-1
s23,s23_right_hand_088,right_hand,88,5,inferred_from_protocol,True,,test,run_holdout,-1
s23,s23_right_hand_089,right_hand,89,5,inferred_from_protocol,True,,test,run_holdout,-1
s23,s23_right_hand_090,right_hand,90,5,inferred_from_protocol,True,,test,run_holdout,-1
s23,s23_right_hand_091,right_hand,91,5,inferred_from_protocol,True,,test,run_holdout,-1
s23,s23_right_hand_092,right_hand,92,5,inferred_from_protocol,True,,test,run_holdout,-1
s23,s23_right_hand_093,right_hand,93,5,inferred_from_protocol,True,,test,run_holdout,-1
s23,s23_right_hand_094,right_hand,94,5,inferred_from_protocol,True,,test,run_holdout,-1
s23,s23_right_hand_095,right_hand,95,5,inferred_from_protocol,True,,test,run_holdout,-1
s23,s23_right_hand_096,right_hand,96,5,inferred_from_protocol,True,,test,run_holdout,-1
s23,s23_right_hand_097,right_hand,97,5,inferred_from_protocol,True,,test,run_holdout,-1
s23,s23_right_hand_098,right_hand,98,5,inferred_from_protocol,True,,test,run_holdout,-1
s23,s23_right_hand_099,right_hand,99,5,inferred_from_protocol,True,,test,run_holdout,-1
s24,s24_left_hand_000,left_hand,0,1,inferred_from_protocol,False,emg_correlation,train,run_holdout,-1
s24,s24_left_hand_001,left_hand,1,1,inferred_from_protocol,True,,train,run_holdout,-1
s24,s24_left_hand_002,left_hand,2,1,inferred_from_protocol,True,,train,run_holdout,-1
s24,s24_left_hand_003,left_hand,3,1,inferred_from_protocol,True,,train,run_holdout,-1
s24,s24_left_hand_004,left_hand,4,1,inferred_from_protocol,True,,train,run_holdout,-1
s24,s24_left_hand_005,left_hand,5,1,inferred_from_protocol,True,,train,run_holdout,-1
s24,s24_left_hand_006,left_hand,6,1,inferred_from_protocol,True,,train,run_holdout,-1
s24,s24_left_hand_007,left_hand,7,1,inferred_from_protocol,True,,train,run_holdout,-1
s24,s24_left_hand_008,left_hand,8,1,inferred_from_protocol,True,,train,run_holdout,-1
s24,s24_left_hand_009,left_hand,9,1,inferred_from_protocol,True,,train,run_holdout,-1
s24,s24_left_hand_010,left_hand,10,1,inferred_from_protocol,True,,train,run_holdout,-1
s24,s24_left_hand_011,left_hand,11,1,inferred_from_protocol,True,,train,run_holdout,-1
s24,s24_left_hand_012,left_hand,12,1,inferred_from_protocol,True,,train,run_holdout,-1
s24,s24_left_hand_013,left_hand,13,1,inferred_from_protocol,True,,train,run_holdout,-1
s24,s24_left_hand_014,left_hand,14,1,inferred_from_protocol,True,,train,run_holdout,-1
s24,s24_left_hand_015,left_hand,15,1,inferred_from_protocol,True,,train,run_holdout,-1
s24,s24_left_hand_016,left_hand,16,1,inferred_from_protocol,True,,train,run_holdout,-1
s24,s24_left_hand_017,left_hand,17,1,inferred_from_protocol,True,,train,run_holdout,-1
s24,s24_left_hand_018,left_hand,18,1,inferred_from_protocol,True,,train,run_holdout,-1
s24,s24_left_hand_019,left_hand,19,1,inferred_from_protocol,True,,train,run_holdout,-1
s24,s24_left_hand_020,left_hand,20,2,inferred_from_protocol,True,,train,run_holdout,-1
s24,s24_left_hand_021,left_hand,21,2,inferred_from_protocol,True,,train,run_holdout,-1
s24,s24_left_hand_022,left_hand,22,2,inferred_from_protocol,True,,train,run_holdout,-1
s24,s24_left_hand_023,left_hand,23,2,inferred_from_protocol,True,,train,run_holdout,-1
s24,s24_left_hand_024,left_hand,24,2,inferred_from_protocol,True,,train,run_holdout,-1
s24,s24_left_hand_025,left_hand,25,2,inferred_from_protocol,True,,train,run_holdout,-1
s24,s24_left_hand_026,left_hand,26,2,inferred_from_protocol,True,,train,run_holdout,-1
s24,s24_left_hand_027,left_hand,27,2,inferred_from_protocol,True,,train,run_holdout,-1
s24,s24_left_hand_028,left_hand,28,2,inferred_from_protocol,True,,train,run_holdout,-1
s24,s24_left_hand_029,left_hand,29,2,inferred_from_protocol,True,,train,run_holdout,-1
s24,s24_left_hand_030,left_hand,30,2,inferred_from_protocol,True,,train,run_holdout,-1
s24,s24_left_hand_031,left_hand,31,2,inferred_from_protocol,True,,train,run_holdout,-1
s24,s24_left_hand_032,left_hand,32,2,inferred_from_protocol,True,,train,run_holdout,-1
s24,s24_left_hand_033,left_hand,33,2,inferred_from_protocol,True,,train,run_holdout,-1
s24,s24_left_hand_034,left_hand,34,2,inferred_from_protocol,True,,train,run_holdout,-1
s24,s24_left_hand_035,left_hand,35,2,inferred_from_protocol,True,,train,run_holdout,-1
s24,s24_left_hand_036,left_hand,36,2,inferred_from_protocol,True,,train,run_holdout,-1
s24,s24_left_hand_037,left_hand,37,2,inferred_from_protocol,True,,train,run_holdout,-1
s24,s24_left_hand_038,left_hand,38,2,inferred_from_protocol,True,,train,run_holdout,-1
s24,s24_left_hand_039,left_hand,39,2,inferred_from_protocol,True,,train,run_holdout,-1
s24,s24_left_hand_040,left_hand,40,3,inferred_from_protocol,True,,train,run_holdout,-1
s24,s24_left_hand_041,left_hand,41,3,inferred_from_protocol,True,,train,run_holdout,-1
s24,s24_left_hand_042,left_hand,42,3,inferred_from_protocol,True,,train,run_holdout,-1
s24,s24_left_hand_043,left_hand,43,3,inferred_from_protocol,True,,train,run_holdout,-1
s24,s24_left_hand_044,left_hand,44,3,inferred_from_protocol,True,,train,run_holdout,-1
s24,s24_left_hand_045,left_hand,45,3,inferred_from_protocol,True,,train,run_holdout,-1
s24,s24_left_hand_046,left_hand,46,3,inferred_from_protocol,True,,train,run_holdout,-1
s24,s24_left_hand_047,left_hand,47,3,inferred_from_protocol,True,,train,run_holdout,-1
s24,s24_left_hand_048,left_hand,48,3,inferred_from_protocol,True,,train,run_holdout,-1
s24,s24_left_hand_049,left_hand,49,3,inferred_from_protocol,True,,train,run_holdout,-1
s24,s24_left_hand_050,left_hand,50,3,inferred_from_protocol,True,,train,run_holdout,-1
s24,s24_left_hand_051,left_hand,51,3,inferred_from_protocol,True,,train,run_holdout,-1
s24,s24_left_hand_052,left_hand,52,3,inferred_from_protocol,True,,train,run_holdout,-1
s24,s24_left_hand_053,left_hand,53,3,inferred_from_protocol,True,,train,run_holdout,-1
s24,s24_left_hand_054,left_hand,54,3,inferred_from_protocol,True,,train,run_holdout,-1
s24,s24_left_hand_055,left_hand,55,3,inferred_from_protocol,True,,train,run_holdout,-1
s24,s24_left_hand_056,left_hand,56,3,inferred_from_protocol,True,,train,run_holdout,-1
s24,s24_left_hand_057,left_hand,57,3,inferred_from_protocol,True,,train,run_holdout,-1
s24,s24_left_hand_058,left_hand,58,3,inferred_from_protocol,True,,train,run_holdout,-1
s24,s24_left_hand_059,left_hand,59,3,inferred_from_protocol,True,,train,run_holdout,-1
s24,s24_left_hand_060,left_hand,60,4,inferred_from_protocol,True,,val,run_holdout,-1
s24,s24_left_hand_061,left_hand,61,4,inferred_from_protocol,True,,val,run_holdout,-1
s24,s24_left_hand_062,left_hand,62,4,inferred_from_protocol,True,,val,run_holdout,-1
s24,s24_left_hand_063,left_hand,63,4,inferred_from_protocol,True,,val,run_holdout,-1
s24,s24_left_hand_064,left_hand,64,4,inferred_from_protocol,True,,val,run_holdout,-1
s24,s24_left_hand_065,left_hand,65,4,inferred_from_protocol,True,,val,run_holdout,-1
s24,s24_left_hand_066,left_hand,66,4,inferred_from_protocol,True,,val,run_holdout,-1
s24,s24_left_hand_067,left_hand,67,4,inferred_from_protocol,True,,val,run_holdout,-1
s24,s24_left_hand_068,left_hand,68,4,inferred_from_protocol,True,,val,run_holdout,-1
s24,s24_left_hand_069,left_hand,69,4,inferred_from_protocol,True,,val,run_holdout,-1
s24,s24_left_hand_070,left_hand,70,4,inferred_from_protocol,True,,val,run_holdout,-1
s24,s24_left_hand_071,left_hand,71,4,inferred_from_protocol,True,,val,run_holdout,-1
s24,s24_left_hand_072,left_hand,72,4,inferred_from_protocol,True,,val,run_holdout,-1
s24,s24_left_hand_073,left_hand,73,4,inferred_from_protocol,True,,val,run_holdout,-1
s24,s24_left_hand_074,left_hand,74,4,inferred_from_protocol,True,,val,run_holdout,-1
s24,s24_left_hand_075,left_hand,75,4,inferred_from_protocol,True,,val,run_holdout,-1
s24,s24_left_hand_076,left_hand,76,4,inferred_from_protocol,True,,val,run_holdout,-1
s24,s24_left_hand_077,left_hand,77,4,inferred_from_protocol,True,,val,run_holdout,-1
s24,s24_left_hand_078,left_hand,78,4,inferred_from_protocol,True,,val,run_holdout,-1
s24,s24_left_hand_079,left_hand,79,4,inferred_from_protocol,True,,val,run_holdout,-1
s24,s24_left_hand_080,left_hand,80,5,inferred_from_protocol,True,,test,run_holdout,-1
s24,s24_left_hand_081,left_hand,81,5,inferred_from_protocol,True,,test,run_holdout,-1
s24,s24_left_hand_082,left_hand,82,5,inferred_from_protocol,True,,test,run_holdout,-1
s24,s24_left_hand_083,left_hand,83,5,inferred_from_protocol,True,,test,run_holdout,-1
s24,s24_left_hand_084,left_hand,84,5,inferred_from_protocol,True,,test,run_holdout,-1
s24,s24_left_hand_085,left_hand,85,5,inferred_from_protocol,True,,test,run_holdout,-1
s24,s24_left_hand_086,left_hand,86,5,inferred_from_protocol,True,,test,run_holdout,-1
s24,s24_left_hand_087,left_hand,87,5,inferred_from_protocol,True,,test,run_holdout,-1
s24,s24_left_hand_088,left_hand,88,5,inferred_from_protocol,True,,test,run_holdout,-1
s24,s24_left_hand_089,left_hand,89,5,inferred_from_protocol,True,,test,run_holdout,-1
s24,s24_left_hand_090,left_hand,90,5,inferred_from_protocol,True,,test,run_holdout,-1
s24,s24_left_hand_091,left_hand,91,5,inferred_from_protocol,True,,test,run_holdout,-1
s24,s24_left_hand_092,left_hand,92,5,inferred_from_protocol,True,,test,run_holdout,-1
s24,s24_left_hand_093,left_hand,93,5,inferred_from_protocol,True,,test,run_holdout,-1
s24,s24_left_hand_094,left_hand,94,5,inferred_from_protocol,True,,test,run_holdout,-1
s24,s24_left_hand_095,left_hand,95,5,inferred_from_protocol,True,,test,run_holdout,-1
s24,s24_left_hand_096,left_hand,96,5,inferred_from_protocol,True,,test,run_holdout,-1
s24,s24_left_hand_097,left_hand,97,5,inferred_from_protocol,True,,test,run_holdout,-1
s24,s24_left_hand_098,left_hand,98,5,inferred_from_protocol,True,,test,run_holdout,-1
s24,s24_left_hand_099,left_hand,99,5,inferred_from_protocol,True,,test,run_holdout,-1
s24,s24_right_hand_000,right_hand,0,1,inferred_from_protocol,True,,train,run_holdout,-1
s24,s24_right_hand_001,right_hand,1,1,inferred_from_protocol,True,,train,run_holdout,-1
s24,s24_right_hand_002,right_hand,2,1,inferred_from_protocol,True,,train,run_holdout,-1
s24,s24_right_hand_003,right_hand,3,1,inferred_from_protocol,True,,train,run_holdout,-1
s24,s24_right_hand_004,right_hand,4,1,inferred_from_protocol,True,,train,run_holdout,-1
s24,s24_right_hand_005,right_hand,5,1,inferred_from_protocol,True,,train,run_holdout,-1
s24,s24_right_hand_006,right_hand,6,1,inferred_from_protocol,True,,train,run_holdout,-1
s24,s24_right_hand_007,right_hand,7,1,inferred_from_protocol,True,,train,run_holdout,-1
s24,s24_right_hand_008,right_hand,8,1,inferred_from_protocol,True,,train,run_holdout,-1
s24,s24_right_hand_009,right_hand,9,1,inferred_from_protocol,True,,train,run_holdout,-1
s24,s24_right_hand_010,right_hand,10,1,inferred_from_protocol,True,,train,run_holdout,-1
s24,s24_right_hand_011,right_hand,11,1,inferred_from_protocol,True,,train,run_holdout,-1
s24,s24_right_hand_012,right_hand,12,1,inferred_from_protocol,True,,train,run_holdout,-1
s24,s24_right_hand_013,right_hand,13,1,inferred_from_protocol,True,,train,run_holdout,-1
s24,s24_right_hand_014,right_hand,14,1,inferred_from_protocol,True,,train,run_holdout,-1
s24,s24_right_hand_015,right_hand,15,1,inferred_from_protocol,True,,train,run_holdout,-1
s24,s24_right_hand_016,right_hand,16,1,inferred_from_protocol,True,,train,run_holdout,-1
s24,s24_right_hand_017,right_hand,17,1,inferred_from_protocol,True,,train,run_holdout,-1
s24,s24_right_hand_018,right_hand,18,1,inferred_from_protocol,True,,train,run_holdout,-1
s24,s24_right_hand_019,right_hand,19,1,inferred_from_protocol,True,,train,run_holdout,-1
s24,s24_right_hand_020,right_hand,20,2,inferred_from_protocol,True,,train,run_holdout,-1
s24,s24_right_hand_021,right_hand,21,2,inferred_from_protocol,True,,train,run_holdout,-1
s24,s24_right_hand_022,right_hand,22,2,inferred_from_protocol,True,,train,run_holdout,-1
s24,s24_right_hand_023,right_hand,23,2,inferred_from_protocol,True,,train,run_holdout,-1
s24,s24_right_hand_024,right_hand,24,2,inferred_from_protocol,True,,train,run_holdout,-1
s24,s24_right_hand_025,right_hand,25,2,inferred_from_protocol,True,,train,run_holdout,-1
s24,s24_right_hand_026,right_hand,26,2,inferred_from_protocol,True,,train,run_holdout,-1
s24,s24_right_hand_027,right_hand,27,2,inferred_from_protocol,True,,train,run_holdout,-1
s24,s24_right_hand_028,right_hand,28,2,inferred_from_protocol,True,,train,run_holdout,-1
s24,s24_right_hand_029,right_hand,29,2,inferred_from_protocol,True,,train,run_holdout,-1
s24,s24_right_hand_030,right_hand,30,2,inferred_from_protocol,True,,train,run_holdout,-1
s24,s24_right_hand_031,right_hand,31,2,inferred_from_protocol,True,,train,run_holdout,-1
s24,s24_right_hand_032,right_hand,32,2,inferred_from_protocol,True,,train,run_holdout,-1
s24,s24_right_hand_033,right_hand,33,2,inferred_from_protocol,True,,train,run_holdout,-1
s24,s24_right_hand_034,right_hand,34,2,inferred_from_protocol,True,,train,run_holdout,-1
s24,s24_right_hand_035,right_hand,35,2,inferred_from_protocol,True,,train,run_holdout,-1
s24,s24_right_hand_036,right_hand,36,2,inferred_from_protocol,True,,train,run_holdout,-1
s24,s24_right_hand_037,right_hand,37,2,inferred_from_protocol,True,,train,run_holdout,-1
s24,s24_right_hand_038,right_hand,38,2,inferred_from_protocol,True,,train,run_holdout,-1
s24,s24_right_hand_039,right_hand,39,2,inferred_from_protocol,True,,train,run_holdout,-1
s24,s24_right_hand_040,right_hand,40,3,inferred_from_protocol,True,,train,run_holdout,-1
s24,s24_right_hand_041,right_hand,41,3,inferred_from_protocol,True,,train,run_holdout,-1
s24,s24_right_hand_042,right_hand,42,3,inferred_from_protocol,True,,train,run_holdout,-1
s24,s24_right_hand_043,right_hand,43,3,inferred_from_protocol,True,,train,run_holdout,-1
s24,s24_right_hand_044,right_hand,44,3,inferred_from_protocol,True,,train,run_holdout,-1
s24,s24_right_hand_045,right_hand,45,3,inferred_from_protocol,True,,train,run_holdout,-1
s24,s24_right_hand_046,right_hand,46,3,inferred_from_protocol,True,,train,run_holdout,-1
s24,s24_right_hand_047,right_hand,47,3,inferred_from_protocol,True,,train,run_holdout,-1
s24,s24_right_hand_048,right_hand,48,3,inferred_from_protocol,True,,train,run_holdout,-1
s24,s24_right_hand_049,right_hand,49,3,inferred_from_protocol,True,,train,run_holdout,-1
s24,s24_right_hand_050,right_hand,50,3,inferred_from_protocol,True,,train,run_holdout,-1
s24,s24_right_hand_051,right_hand,51,3,inferred_from_protocol,True,,train,run_holdout,-1
s24,s24_right_hand_052,right_hand,52,3,inferred_from_protocol,True,,train,run_holdout,-1
s24,s24_right_hand_053,right_hand,53,3,inferred_from_protocol,True,,train,run_holdout,-1
s24,s24_right_hand_054,right_hand,54,3,inferred_from_protocol,True,,train,run_holdout,-1
s24,s24_right_hand_055,right_hand,55,3,inferred_from_protocol,True,,train,run_holdout,-1
s24,s24_right_hand_056,right_hand,56,3,inferred_from_protocol,True,,train,run_holdout,-1
s24,s24_right_hand_057,right_hand,57,3,inferred_from_protocol,True,,train,run_holdout,-1
s24,s24_right_hand_058,right_hand,58,3,inferred_from_protocol,True,,train,run_holdout,-1
s24,s24_right_hand_059,right_hand,59,3,inferred_from_protocol,True,,train,run_holdout,-1
s24,s24_right_hand_060,right_hand,60,4,inferred_from_protocol,True,,val,run_holdout,-1
s24,s24_right_hand_061,right_hand,61,4,inferred_from_protocol,True,,val,run_holdout,-1
s24,s24_right_hand_062,right_hand,62,4,inferred_from_protocol,True,,val,run_holdout,-1
s24,s24_right_hand_063,right_hand,63,4,inferred_from_protocol,True,,val,run_holdout,-1
s24,s24_right_hand_064,right_hand,64,4,inferred_from_protocol,True,,val,run_holdout,-1
s24,s24_right_hand_065,right_hand,65,4,inferred_from_protocol,True,,val,run_holdout,-1
s24,s24_right_hand_066,right_hand,66,4,inferred_from_protocol,True,,val,run_holdout,-1
s24,s24_right_hand_067,right_hand,67,4,inferred_from_protocol,True,,val,run_holdout,-1
s24,s24_right_hand_068,right_hand,68,4,inferred_from_protocol,True,,val,run_holdout,-1
s24,s24_right_hand_069,right_hand,69,4,inferred_from_protocol,True,,val,run_holdout,-1
s24,s24_right_hand_070,right_hand,70,4,inferred_from_protocol,True,,val,run_holdout,-1
s24,s24_right_hand_071,right_hand,71,4,inferred_from_protocol,True,,val,run_holdout,-1
s24,s24_right_hand_072,right_hand,72,4,inferred_from_protocol,True,,val,run_holdout,-1
s24,s24_right_hand_073,right_hand,73,4,inferred_from_protocol,True,,val,run_holdout,-1
s24,s24_right_hand_074,right_hand,74,4,inferred_from_protocol,True,,val,run_holdout,-1
s24,s24_right_hand_075,right_hand,75,4,inferred_from_protocol,True,,val,run_holdout,-1
s24,s24_right_hand_076,right_hand,76,4,inferred_from_protocol,True,,val,run_holdout,-1
s24,s24_right_hand_077,right_hand,77,4,inferred_from_protocol,True,,val,run_holdout,-1
s24,s24_right_hand_078,right_hand,78,4,inferred_from_protocol,True,,val,run_holdout,-1
s24,s24_right_hand_079,right_hand,79,4,inferred_from_protocol,True,,val,run_holdout,-1
s24,s24_right_hand_080,right_hand,80,5,inferred_from_protocol,True,,test,run_holdout,-1
s24,s24_right_hand_081,right_hand,81,5,inferred_from_protocol,True,,test,run_holdout,-1
s24,s24_right_hand_082,right_hand,82,5,inferred_from_protocol,True,,test,run_holdout,-1
s24,s24_right_hand_083,right_hand,83,5,inferred_from_protocol,True,,test,run_holdout,-1
s24,s24_right_hand_084,right_hand,84,5,inferred_from_protocol,True,,test,run_holdout,-1
s24,s24_right_hand_085,right_hand,85,5,inferred_from_protocol,True,,test,run_holdout,-1
s24,s24_right_hand_086,right_hand,86,5,inferred_from_protocol,True,,test,run_holdout,-1
s24,s24_right_hand_087,right_hand,87,5,inferred_from_protocol,True,,test,run_holdout,-1
s24,s24_right_hand_088,right_hand,88,5,inferred_from_protocol,True,,test,run_holdout,-1
s24,s24_right_hand_089,right_hand,89,5,inferred_from_protocol,True,,test,run_holdout,-1
s24,s24_right_hand_090,right_hand,90,5,inferred_from_protocol,True,,test,run_holdout,-1
s24,s24_right_hand_091,right_hand,91,5,inferred_from_protocol,True,,test,run_holdout,-1
s24,s24_right_hand_092,right_hand,92,5,inferred_from_protocol,True,,test,run_holdout,-1
s24,s24_right_hand_093,right_hand,93,5,inferred_from_protocol,True,,test,run_holdout,-1
s24,s24_right_hand_094,right_hand,94,5,inferred_from_protocol,True,,test,run_holdout,-1
s24,s24_right_hand_095,right_hand,95,5,inferred_from_protocol,True,,test,run_holdout,-1
s24,s24_right_hand_096,right_hand,96,5,inferred_from_protocol,True,,test,run_holdout,-1
s24,s24_right_hand_097,right_hand,97,5,inferred_from_protocol,True,,test,run_holdout,-1
s24,s24_right_hand_098,right_hand,98,5,inferred_from_protocol,True,,test,run_holdout,-1
s24,s24_right_hand_099,right_hand,99,5,inferred_from_protocol,True,,test,run_holdout,-1
s25,s25_left_hand_000,left_hand,0,1,inferred_from_protocol,True,,train,run_holdout,-1
s25,s25_left_hand_001,left_hand,1,1,inferred_from_protocol,True,,train,run_holdout,-1
s25,s25_left_hand_002,left_hand,2,1,inferred_from_protocol,True,,train,run_holdout,-1
s25,s25_left_hand_003,left_hand,3,1,inferred_from_protocol,True,,train,run_holdout,-1
s25,s25_left_hand_004,left_hand,4,1,inferred_from_protocol,True,,train,run_holdout,-1
s25,s25_left_hand_005,left_hand,5,1,inferred_from_protocol,True,,train,run_holdout,-1
s25,s25_left_hand_006,left_hand,6,1,inferred_from_protocol,True,,train,run_holdout,-1
s25,s25_left_hand_007,left_hand,7,1,inferred_from_protocol,True,,train,run_holdout,-1
s25,s25_left_hand_008,left_hand,8,1,inferred_from_protocol,True,,train,run_holdout,-1
s25,s25_left_hand_009,left_hand,9,1,inferred_from_protocol,True,,train,run_holdout,-1
s25,s25_left_hand_010,left_hand,10,1,inferred_from_protocol,True,,train,run_holdout,-1
s25,s25_left_hand_011,left_hand,11,1,inferred_from_protocol,True,,train,run_holdout,-1
s25,s25_left_hand_012,left_hand,12,1,inferred_from_protocol,True,,train,run_holdout,-1
s25,s25_left_hand_013,left_hand,13,1,inferred_from_protocol,True,,train,run_holdout,-1
s25,s25_left_hand_014,left_hand,14,1,inferred_from_protocol,True,,train,run_holdout,-1
s25,s25_left_hand_015,left_hand,15,1,inferred_from_protocol,True,,train,run_holdout,-1
s25,s25_left_hand_016,left_hand,16,1,inferred_from_protocol,True,,train,run_holdout,-1
s25,s25_left_hand_017,left_hand,17,1,inferred_from_protocol,True,,train,run_holdout,-1
s25,s25_left_hand_018,left_hand,18,1,inferred_from_protocol,True,,train,run_holdout,-1
s25,s25_left_hand_019,left_hand,19,1,inferred_from_protocol,True,,train,run_holdout,-1
s25,s25_left_hand_020,left_hand,20,2,inferred_from_protocol,True,,train,run_holdout,-1
s25,s25_left_hand_021,left_hand,21,2,inferred_from_protocol,True,,train,run_holdout,-1
s25,s25_left_hand_022,left_hand,22,2,inferred_from_protocol,True,,train,run_holdout,-1
s25,s25_left_hand_023,left_hand,23,2,inferred_from_protocol,True,,train,run_holdout,-1
s25,s25_left_hand_024,left_hand,24,2,inferred_from_protocol,True,,train,run_holdout,-1
s25,s25_left_hand_025,left_hand,25,2,inferred_from_protocol,True,,train,run_holdout,-1
s25,s25_left_hand_026,left_hand,26,2,inferred_from_protocol,True,,train,run_holdout,-1
s25,s25_left_hand_027,left_hand,27,2,inferred_from_protocol,True,,train,run_holdout,-1
s25,s25_left_hand_028,left_hand,28,2,inferred_from_protocol,True,,train,run_holdout,-1
s25,s25_left_hand_029,left_hand,29,2,inferred_from_protocol,True,,train,run_holdout,-1
s25,s25_left_hand_030,left_hand,30,2,inferred_from_protocol,True,,train,run_holdout,-1
s25,s25_left_hand_031,left_hand,31,2,inferred_from_protocol,True,,train,run_holdout,-1
s25,s25_left_hand_032,left_hand,32,2,inferred_from_protocol,True,,train,run_holdout,-1
s25,s25_left_hand_033,left_hand,33,2,inferred_from_protocol,True,,train,run_holdout,-1
s25,s25_left_hand_034,left_hand,34,2,inferred_from_protocol,True,,train,run_holdout,-1
s25,s25_left_hand_035,left_hand,35,2,inferred_from_protocol,True,,train,run_holdout,-1
s25,s25_left_hand_036,left_hand,36,2,inferred_from_protocol,True,,train,run_holdout,-1
s25,s25_left_hand_037,left_hand,37,2,inferred_from_protocol,True,,train,run_holdout,-1
s25,s25_left_hand_038,left_hand,38,2,inferred_from_protocol,True,,train,run_holdout,-1
s25,s25_left_hand_039,left_hand,39,2,inferred_from_protocol,True,,train,run_holdout,-1
s25,s25_left_hand_040,left_hand,40,3,inferred_from_protocol,True,,train,run_holdout,-1
s25,s25_left_hand_041,left_hand,41,3,inferred_from_protocol,True,,train,run_holdout,-1
s25,s25_left_hand_042,left_hand,42,3,inferred_from_protocol,True,,train,run_holdout,-1
s25,s25_left_hand_043,left_hand,43,3,inferred_from_protocol,True,,train,run_holdout,-1
s25,s25_left_hand_044,left_hand,44,3,inferred_from_protocol,True,,train,run_holdout,-1
s25,s25_left_hand_045,left_hand,45,3,inferred_from_protocol,True,,train,run_holdout,-1
s25,s25_left_hand_046,left_hand,46,3,inferred_from_protocol,True,,train,run_holdout,-1
s25,s25_left_hand_047,left_hand,47,3,inferred_from_protocol,True,,train,run_holdout,-1
s25,s25_left_hand_048,left_hand,48,3,inferred_from_protocol,True,,train,run_holdout,-1
s25,s25_left_hand_049,left_hand,49,3,inferred_from_protocol,True,,train,run_holdout,-1
s25,s25_left_hand_050,left_hand,50,3,inferred_from_protocol,True,,train,run_holdout,-1
s25,s25_left_hand_051,left_hand,51,3,inferred_from_protocol,True,,train,run_holdout,-1
s25,s25_left_hand_052,left_hand,52,3,inferred_from_protocol,True,,train,run_holdout,-1
s25,s25_left_hand_053,left_hand,53,3,inferred_from_protocol,True,,train,run_holdout,-1
s25,s25_left_hand_054,left_hand,54,3,inferred_from_protocol,True,,train,run_holdout,-1
s25,s25_left_hand_055,left_hand,55,3,inferred_from_protocol,True,,train,run_holdout,-1
s25,s25_left_hand_056,left_hand,56,3,inferred_from_protocol,True,,train,run_holdout,-1
s25,s25_left_hand_057,left_hand,57,3,inferred_from_protocol,True,,train,run_holdout,-1
s25,s25_left_hand_058,left_hand,58,3,inferred_from_protocol,True,,train,run_holdout,-1
s25,s25_left_hand_059,left_hand,59,3,inferred_from_protocol,True,,train,run_holdout,-1
s25,s25_left_hand_060,left_hand,60,4,inferred_from_protocol,True,,val,run_holdout,-1
s25,s25_left_hand_061,left_hand,61,4,inferred_from_protocol,True,,val,run_holdout,-1
s25,s25_left_hand_062,left_hand,62,4,inferred_from_protocol,True,,val,run_holdout,-1
s25,s25_left_hand_063,left_hand,63,4,inferred_from_protocol,True,,val,run_holdout,-1
s25,s25_left_hand_064,left_hand,64,4,inferred_from_protocol,True,,val,run_holdout,-1
s25,s25_left_hand_065,left_hand,65,4,inferred_from_protocol,True,,val,run_holdout,-1
s25,s25_left_hand_066,left_hand,66,4,inferred_from_protocol,True,,val,run_holdout,-1
s25,s25_left_hand_067,left_hand,67,4,inferred_from_protocol,True,,val,run_holdout,-1
s25,s25_left_hand_068,left_hand,68,4,inferred_from_protocol,True,,val,run_holdout,-1
s25,s25_left_hand_069,left_hand,69,4,inferred_from_protocol,True,,val,run_holdout,-1
s25,s25_left_hand_070,left_hand,70,4,inferred_from_protocol,False,emg_correlation,val,run_holdout,-1
s25,s25_left_hand_071,left_hand,71,4,inferred_from_protocol,True,,val,run_holdout,-1
s25,s25_left_hand_072,left_hand,72,4,inferred_from_protocol,True,,val,run_holdout,-1
s25,s25_left_hand_073,left_hand,73,4,inferred_from_protocol,True,,val,run_holdout,-1
s25,s25_left_hand_074,left_hand,74,4,inferred_from_protocol,True,,val,run_holdout,-1
s25,s25_left_hand_075,left_hand,75,4,inferred_from_protocol,True,,val,run_holdout,-1
s25,s25_left_hand_076,left_hand,76,4,inferred_from_protocol,True,,val,run_holdout,-1
s25,s25_left_hand_077,left_hand,77,4,inferred_from_protocol,True,,val,run_holdout,-1
s25,s25_left_hand_078,left_hand,78,4,inferred_from_protocol,False,emg_correlation,val,run_holdout,-1
s25,s25_left_hand_079,left_hand,79,4,inferred_from_protocol,True,,val,run_holdout,-1
s25,s25_left_hand_080,left_hand,80,5,inferred_from_protocol,True,,test,run_holdout,-1
s25,s25_left_hand_081,left_hand,81,5,inferred_from_protocol,True,,test,run_holdout,-1
s25,s25_left_hand_082,left_hand,82,5,inferred_from_protocol,True,,test,run_holdout,-1
s25,s25_left_hand_083,left_hand,83,5,inferred_from_protocol,True,,test,run_holdout,-1
s25,s25_left_hand_084,left_hand,84,5,inferred_from_protocol,True,,test,run_holdout,-1
s25,s25_left_hand_085,left_hand,85,5,inferred_from_protocol,True,,test,run_holdout,-1
s25,s25_left_hand_086,left_hand,86,5,inferred_from_protocol,True,,test,run_holdout,-1
s25,s25_left_hand_087,left_hand,87,5,inferred_from_protocol,True,,test,run_holdout,-1
s25,s25_left_hand_088,left_hand,88,5,inferred_from_protocol,True,,test,run_holdout,-1
s25,s25_left_hand_089,left_hand,89,5,inferred_from_protocol,True,,test,run_holdout,-1
s25,s25_left_hand_090,left_hand,90,5,inferred_from_protocol,True,,test,run_holdout,-1
s25,s25_left_hand_091,left_hand,91,5,inferred_from_protocol,True,,test,run_holdout,-1
s25,s25_left_hand_092,left_hand,92,5,inferred_from_protocol,False,emg_correlation,test,run_holdout,-1
s25,s25_left_hand_093,left_hand,93,5,inferred_from_protocol,True,,test,run_holdout,-1
s25,s25_left_hand_094,left_hand,94,5,inferred_from_protocol,True,,test,run_holdout,-1
s25,s25_left_hand_095,left_hand,95,5,inferred_from_protocol,True,,test,run_holdout,-1
s25,s25_left_hand_096,left_hand,96,5,inferred_from_protocol,True,,test,run_holdout,-1
s25,s25_left_hand_097,left_hand,97,5,inferred_from_protocol,True,,test,run_holdout,-1
s25,s25_left_hand_098,left_hand,98,5,inferred_from_protocol,True,,test,run_holdout,-1
s25,s25_left_hand_099,left_hand,99,5,inferred_from_protocol,True,,test,run_holdout,-1
s25,s25_right_hand_000,right_hand,0,1,inferred_from_protocol,True,,train,run_holdout,-1
s25,s25_right_hand_001,right_hand,1,1,inferred_from_protocol,True,,train,run_holdout,-1
s25,s25_right_hand_002,right_hand,2,1,inferred_from_protocol,True,,train,run_holdout,-1
s25,s25_right_hand_003,right_hand,3,1,inferred_from_protocol,True,,train,run_holdout,-1
s25,s25_right_hand_004,right_hand,4,1,inferred_from_protocol,True,,train,run_holdout,-1
s25,s25_right_hand_005,right_hand,5,1,inferred_from_protocol,True,,train,run_holdout,-1
s25,s25_right_hand_006,right_hand,6,1,inferred_from_protocol,True,,train,run_holdout,-1
s25,s25_right_hand_007,right_hand,7,1,inferred_from_protocol,True,,train,run_holdout,-1
s25,s25_right_hand_008,right_hand,8,1,inferred_from_protocol,True,,train,run_holdout,-1
s25,s25_right_hand_009,right_hand,9,1,inferred_from_protocol,True,,train,run_holdout,-1
s25,s25_right_hand_010,right_hand,10,1,inferred_from_protocol,True,,train,run_holdout,-1
s25,s25_right_hand_011,right_hand,11,1,inferred_from_protocol,True,,train,run_holdout,-1
s25,s25_right_hand_012,right_hand,12,1,inferred_from_protocol,True,,train,run_holdout,-1
s25,s25_right_hand_013,right_hand,13,1,inferred_from_protocol,True,,train,run_holdout,-1
s25,s25_right_hand_014,right_hand,14,1,inferred_from_protocol,True,,train,run_holdout,-1
s25,s25_right_hand_015,right_hand,15,1,inferred_from_protocol,True,,train,run_holdout,-1
s25,s25_right_hand_016,right_hand,16,1,inferred_from_protocol,True,,train,run_holdout,-1
s25,s25_right_hand_017,right_hand,17,1,inferred_from_protocol,True,,train,run_holdout,-1
s25,s25_right_hand_018,right_hand,18,1,inferred_from_protocol,True,,train,run_holdout,-1
s25,s25_right_hand_019,right_hand,19,1,inferred_from_protocol,True,,train,run_holdout,-1
s25,s25_right_hand_020,right_hand,20,2,inferred_from_protocol,True,,train,run_holdout,-1
s25,s25_right_hand_021,right_hand,21,2,inferred_from_protocol,True,,train,run_holdout,-1
s25,s25_right_hand_022,right_hand,22,2,inferred_from_protocol,True,,train,run_holdout,-1
s25,s25_right_hand_023,right_hand,23,2,inferred_from_protocol,True,,train,run_holdout,-1
s25,s25_right_hand_024,right_hand,24,2,inferred_from_protocol,True,,train,run_holdout,-1
s25,s25_right_hand_025,right_hand,25,2,inferred_from_protocol,True,,train,run_holdout,-1
s25,s25_right_hand_026,right_hand,26,2,inferred_from_protocol,True,,train,run_holdout,-1
s25,s25_right_hand_027,right_hand,27,2,inferred_from_protocol,True,,train,run_holdout,-1
s25,s25_right_hand_028,right_hand,28,2,inferred_from_protocol,True,,train,run_holdout,-1
s25,s25_right_hand_029,right_hand,29,2,inferred_from_protocol,True,,train,run_holdout,-1
s25,s25_right_hand_030,right_hand,30,2,inferred_from_protocol,True,,train,run_holdout,-1
s25,s25_right_hand_031,right_hand,31,2,inferred_from_protocol,True,,train,run_holdout,-1
s25,s25_right_hand_032,right_hand,32,2,inferred_from_protocol,True,,train,run_holdout,-1
s25,s25_right_hand_033,right_hand,33,2,inferred_from_protocol,True,,train,run_holdout,-1
s25,s25_right_hand_034,right_hand,34,2,inferred_from_protocol,True,,train,run_holdout,-1
s25,s25_right_hand_035,right_hand,35,2,inferred_from_protocol,True,,train,run_holdout,-1
s25,s25_right_hand_036,right_hand,36,2,inferred_from_protocol,True,,train,run_holdout,-1
s25,s25_right_hand_037,right_hand,37,2,inferred_from_protocol,True,,train,run_holdout,-1
s25,s25_right_hand_038,right_hand,38,2,inferred_from_protocol,True,,train,run_holdout,-1
s25,s25_right_hand_039,right_hand,39,2,inferred_from_protocol,False,emg_correlation,train,run_holdout,-1
s25,s25_right_hand_040,right_hand,40,3,inferred_from_protocol,True,,train,run_holdout,-1
s25,s25_right_hand_041,right_hand,41,3,inferred_from_protocol,True,,train,run_holdout,-1
s25,s25_right_hand_042,right_hand,42,3,inferred_from_protocol,True,,train,run_holdout,-1
s25,s25_right_hand_043,right_hand,43,3,inferred_from_protocol,True,,train,run_holdout,-1
s25,s25_right_hand_044,right_hand,44,3,inferred_from_protocol,True,,train,run_holdout,-1
s25,s25_right_hand_045,right_hand,45,3,inferred_from_protocol,True,,train,run_holdout,-1
s25,s25_right_hand_046,right_hand,46,3,inferred_from_protocol,True,,train,run_holdout,-1
s25,s25_right_hand_047,right_hand,47,3,inferred_from_protocol,True,,train,run_holdout,-1
s25,s25_right_hand_048,right_hand,48,3,inferred_from_protocol,True,,train,run_holdout,-1
s25,s25_right_hand_049,right_hand,49,3,inferred_from_protocol,True,,train,run_holdout,-1
s25,s25_right_hand_050,right_hand,50,3,inferred_from_protocol,True,,train,run_holdout,-1
s25,s25_right_hand_051,right_hand,51,3,inferred_from_protocol,True,,train,run_holdout,-1
s25,s25_right_hand_052,right_hand,52,3,inferred_from_protocol,True,,train,run_holdout,-1
s25,s25_right_hand_053,right_hand,53,3,inferred_from_protocol,True,,train,run_holdout,-1
s25,s25_right_hand_054,right_hand,54,3,inferred_from_protocol,True,,train,run_holdout,-1
s25,s25_right_hand_055,right_hand,55,3,inferred_from_protocol,False,amplitude,train,run_holdout,-1
s25,s25_right_hand_056,right_hand,56,3,inferred_from_protocol,True,,train,run_holdout,-1
s25,s25_right_hand_057,right_hand,57,3,inferred_from_protocol,True,,train,run_holdout,-1
s25,s25_right_hand_058,right_hand,58,3,inferred_from_protocol,True,,train,run_holdout,-1
s25,s25_right_hand_059,right_hand,59,3,inferred_from_protocol,True,,train,run_holdout,-1
s25,s25_right_hand_060,right_hand,60,4,inferred_from_protocol,True,,val,run_holdout,-1
s25,s25_right_hand_061,right_hand,61,4,inferred_from_protocol,True,,val,run_holdout,-1
s25,s25_right_hand_062,right_hand,62,4,inferred_from_protocol,True,,val,run_holdout,-1
s25,s25_right_hand_063,right_hand,63,4,inferred_from_protocol,True,,val,run_holdout,-1
s25,s25_right_hand_064,right_hand,64,4,inferred_from_protocol,True,,val,run_holdout,-1
s25,s25_right_hand_065,right_hand,65,4,inferred_from_protocol,True,,val,run_holdout,-1
s25,s25_right_hand_066,right_hand,66,4,inferred_from_protocol,True,,val,run_holdout,-1
s25,s25_right_hand_067,right_hand,67,4,inferred_from_protocol,True,,val,run_holdout,-1
s25,s25_right_hand_068,right_hand,68,4,inferred_from_protocol,True,,val,run_holdout,-1
s25,s25_right_hand_069,right_hand,69,4,inferred_from_protocol,True,,val,run_holdout,-1
s25,s25_right_hand_070,right_hand,70,4,inferred_from_protocol,True,,val,run_holdout,-1
s25,s25_right_hand_071,right_hand,71,4,inferred_from_protocol,True,,val,run_holdout,-1
s25,s25_right_hand_072,right_hand,72,4,inferred_from_protocol,True,,val,run_holdout,-1
s25,s25_right_hand_073,right_hand,73,4,inferred_from_protocol,True,,val,run_holdout,-1
s25,s25_right_hand_074,right_hand,74,4,inferred_from_protocol,True,,val,run_holdout,-1
s25,s25_right_hand_075,right_hand,75,4,inferred_from_protocol,True,,val,run_holdout,-1
s25,s25_right_hand_076,right_hand,76,4,inferred_from_protocol,True,,val,run_holdout,-1
s25,s25_right_hand_077,right_hand,77,4,inferred_from_protocol,True,,val,run_holdout,-1
s25,s25_right_hand_078,right_hand,78,4,inferred_from_protocol,True,,val,run_holdout,-1
s25,s25_right_hand_079,right_hand,79,4,inferred_from_protocol,True,,val,run_holdout,-1
s25,s25_right_hand_080,right_hand,80,5,inferred_from_protocol,True,,test,run_holdout,-1
s25,s25_right_hand_081,right_hand,81,5,inferred_from_protocol,True,,test,run_holdout,-1
s25,s25_right_hand_082,right_hand,82,5,inferred_from_protocol,True,,test,run_holdout,-1
s25,s25_right_hand_083,right_hand,83,5,inferred_from_protocol,True,,test,run_holdout,-1
s25,s25_right_hand_084,right_hand,84,5,inferred_from_protocol,True,,test,run_holdout,-1
s25,s25_right_hand_085,right_hand,85,5,inferred_from_protocol,True,,test,run_holdout,-1
s25,s25_right_hand_086,right_hand,86,5,inferred_from_protocol,True,,test,run_holdout,-1
s25,s25_right_hand_087,right_hand,87,5,inferred_from_protocol,True,,test,run_holdout,-1
s25,s25_right_hand_088,right_hand,88,5,inferred_from_protocol,True,,test,run_holdout,-1
s25,s25_right_hand_089,right_hand,89,5,inferred_from_protocol,True,,test,run_holdout,-1
s25,s25_right_hand_090,right_hand,90,5,inferred_from_protocol,True,,test,run_holdout,-1
s25,s25_right_hand_091,right_hand,91,5,inferred_from_protocol,True,,test,run_holdout,-1
s25,s25_right_hand_092,right_hand,92,5,inferred_from_protocol,True,,test,run_holdout,-1
s25,s25_right_hand_093,right_hand,93,5,inferred_from_protocol,True,,test,run_holdout,-1
s25,s25_right_hand_094,right_hand,94,5,inferred_from_protocol,True,,test,run_holdout,-1
s25,s25_right_hand_095,right_hand,95,5,inferred_from_protocol,True,,test,run_holdout,-1
s25,s25_right_hand_096,right_hand,96,5,inferred_from_protocol,True,,test,run_holdout,-1
s25,s25_right_hand_097,right_hand,97,5,inferred_from_protocol,True,,test,run_holdout,-1
s25,s25_right_hand_098,right_hand,98,5,inferred_from_protocol,True,,test,run_holdout,-1
s25,s25_right_hand_099,right_hand,99,5,inferred_from_protocol,True,,test,run_holdout,-1
s26,s26_left_hand_000,left_hand,0,1,inferred_from_protocol,True,,train,run_holdout,-1
s26,s26_left_hand_001,left_hand,1,1,inferred_from_protocol,True,,train,run_holdout,-1
s26,s26_left_hand_002,left_hand,2,1,inferred_from_protocol,True,,train,run_holdout,-1
s26,s26_left_hand_003,left_hand,3,1,inferred_from_protocol,True,,train,run_holdout,-1
s26,s26_left_hand_004,left_hand,4,1,inferred_from_protocol,True,,train,run_holdout,-1
s26,s26_left_hand_005,left_hand,5,1,inferred_from_protocol,True,,train,run_holdout,-1
s26,s26_left_hand_006,left_hand,6,1,inferred_from_protocol,True,,train,run_holdout,-1
s26,s26_left_hand_007,left_hand,7,1,inferred_from_protocol,True,,train,run_holdout,-1
s26,s26_left_hand_008,left_hand,8,1,inferred_from_protocol,True,,train,run_holdout,-1
s26,s26_left_hand_009,left_hand,9,1,inferred_from_protocol,True,,train,run_holdout,-1
s26,s26_left_hand_010,left_hand,10,1,inferred_from_protocol,True,,train,run_holdout,-1
s26,s26_left_hand_011,left_hand,11,1,inferred_from_protocol,True,,train,run_holdout,-1
s26,s26_left_hand_012,left_hand,12,1,inferred_from_protocol,True,,train,run_holdout,-1
s26,s26_left_hand_013,left_hand,13,1,inferred_from_protocol,True,,train,run_holdout,-1
s26,s26_left_hand_014,left_hand,14,1,inferred_from_protocol,True,,train,run_holdout,-1
s26,s26_left_hand_015,left_hand,15,1,inferred_from_protocol,True,,train,run_holdout,-1
s26,s26_left_hand_016,left_hand,16,1,inferred_from_protocol,True,,train,run_holdout,-1
s26,s26_left_hand_017,left_hand,17,1,inferred_from_protocol,True,,train,run_holdout,-1
s26,s26_left_hand_018,left_hand,18,1,inferred_from_protocol,True,,train,run_holdout,-1
s26,s26_left_hand_019,left_hand,19,1,inferred_from_protocol,True,,train,run_holdout,-1
s26,s26_left_hand_020,left_hand,20,2,inferred_from_protocol,True,,train,run_holdout,-1
s26,s26_left_hand_021,left_hand,21,2,inferred_from_protocol,True,,train,run_holdout,-1
s26,s26_left_hand_022,left_hand,22,2,inferred_from_protocol,True,,train,run_holdout,-1
s26,s26_left_hand_023,left_hand,23,2,inferred_from_protocol,True,,train,run_holdout,-1
s26,s26_left_hand_024,left_hand,24,2,inferred_from_protocol,True,,train,run_holdout,-1
s26,s26_left_hand_025,left_hand,25,2,inferred_from_protocol,True,,train,run_holdout,-1
s26,s26_left_hand_026,left_hand,26,2,inferred_from_protocol,True,,train,run_holdout,-1
s26,s26_left_hand_027,left_hand,27,2,inferred_from_protocol,True,,train,run_holdout,-1
s26,s26_left_hand_028,left_hand,28,2,inferred_from_protocol,True,,train,run_holdout,-1
s26,s26_left_hand_029,left_hand,29,2,inferred_from_protocol,True,,train,run_holdout,-1
s26,s26_left_hand_030,left_hand,30,2,inferred_from_protocol,True,,train,run_holdout,-1
s26,s26_left_hand_031,left_hand,31,2,inferred_from_protocol,True,,train,run_holdout,-1
s26,s26_left_hand_032,left_hand,32,2,inferred_from_protocol,True,,train,run_holdout,-1
s26,s26_left_hand_033,left_hand,33,2,inferred_from_protocol,True,,train,run_holdout,-1
s26,s26_left_hand_034,left_hand,34,2,inferred_from_protocol,True,,train,run_holdout,-1
s26,s26_left_hand_035,left_hand,35,2,inferred_from_protocol,True,,train,run_holdout,-1
s26,s26_left_hand_036,left_hand,36,2,inferred_from_protocol,True,,train,run_holdout,-1
s26,s26_left_hand_037,left_hand,37,2,inferred_from_protocol,True,,train,run_holdout,-1
s26,s26_left_hand_038,left_hand,38,2,inferred_from_protocol,True,,train,run_holdout,-1
s26,s26_left_hand_039,left_hand,39,2,inferred_from_protocol,True,,train,run_holdout,-1
s26,s26_left_hand_040,left_hand,40,3,inferred_from_protocol,True,,train,run_holdout,-1
s26,s26_left_hand_041,left_hand,41,3,inferred_from_protocol,True,,train,run_holdout,-1
s26,s26_left_hand_042,left_hand,42,3,inferred_from_protocol,True,,train,run_holdout,-1
s26,s26_left_hand_043,left_hand,43,3,inferred_from_protocol,True,,train,run_holdout,-1
s26,s26_left_hand_044,left_hand,44,3,inferred_from_protocol,True,,train,run_holdout,-1
s26,s26_left_hand_045,left_hand,45,3,inferred_from_protocol,True,,train,run_holdout,-1
s26,s26_left_hand_046,left_hand,46,3,inferred_from_protocol,True,,train,run_holdout,-1
s26,s26_left_hand_047,left_hand,47,3,inferred_from_protocol,True,,train,run_holdout,-1
s26,s26_left_hand_048,left_hand,48,3,inferred_from_protocol,True,,train,run_holdout,-1
s26,s26_left_hand_049,left_hand,49,3,inferred_from_protocol,True,,train,run_holdout,-1
s26,s26_left_hand_050,left_hand,50,3,inferred_from_protocol,True,,train,run_holdout,-1
s26,s26_left_hand_051,left_hand,51,3,inferred_from_protocol,True,,train,run_holdout,-1
s26,s26_left_hand_052,left_hand,52,3,inferred_from_protocol,True,,train,run_holdout,-1
s26,s26_left_hand_053,left_hand,53,3,inferred_from_protocol,True,,train,run_holdout,-1
s26,s26_left_hand_054,left_hand,54,3,inferred_from_protocol,True,,train,run_holdout,-1
s26,s26_left_hand_055,left_hand,55,3,inferred_from_protocol,True,,train,run_holdout,-1
s26,s26_left_hand_056,left_hand,56,3,inferred_from_protocol,True,,train,run_holdout,-1
s26,s26_left_hand_057,left_hand,57,3,inferred_from_protocol,True,,train,run_holdout,-1
s26,s26_left_hand_058,left_hand,58,3,inferred_from_protocol,True,,train,run_holdout,-1
s26,s26_left_hand_059,left_hand,59,3,inferred_from_protocol,True,,train,run_holdout,-1
s26,s26_left_hand_060,left_hand,60,4,inferred_from_protocol,True,,val,run_holdout,-1
s26,s26_left_hand_061,left_hand,61,4,inferred_from_protocol,True,,val,run_holdout,-1
s26,s26_left_hand_062,left_hand,62,4,inferred_from_protocol,True,,val,run_holdout,-1
s26,s26_left_hand_063,left_hand,63,4,inferred_from_protocol,True,,val,run_holdout,-1
s26,s26_left_hand_064,left_hand,64,4,inferred_from_protocol,True,,val,run_holdout,-1
s26,s26_left_hand_065,left_hand,65,4,inferred_from_protocol,True,,val,run_holdout,-1
s26,s26_left_hand_066,left_hand,66,4,inferred_from_protocol,True,,val,run_holdout,-1
s26,s26_left_hand_067,left_hand,67,4,inferred_from_protocol,True,,val,run_holdout,-1
s26,s26_left_hand_068,left_hand,68,4,inferred_from_protocol,True,,val,run_holdout,-1
s26,s26_left_hand_069,left_hand,69,4,inferred_from_protocol,True,,val,run_holdout,-1
s26,s26_left_hand_070,left_hand,70,4,inferred_from_protocol,True,,val,run_holdout,-1
s26,s26_left_hand_071,left_hand,71,4,inferred_from_protocol,True,,val,run_holdout,-1
s26,s26_left_hand_072,left_hand,72,4,inferred_from_protocol,True,,val,run_holdout,-1
s26,s26_left_hand_073,left_hand,73,4,inferred_from_protocol,True,,val,run_holdout,-1
s26,s26_left_hand_074,left_hand,74,4,inferred_from_protocol,True,,val,run_holdout,-1
s26,s26_left_hand_075,left_hand,75,4,inferred_from_protocol,True,,val,run_holdout,-1
s26,s26_left_hand_076,left_hand,76,4,inferred_from_protocol,True,,val,run_holdout,-1
s26,s26_left_hand_077,left_hand,77,4,inferred_from_protocol,True,,val,run_holdout,-1
s26,s26_left_hand_078,left_hand,78,4,inferred_from_protocol,True,,val,run_holdout,-1
s26,s26_left_hand_079,left_hand,79,4,inferred_from_protocol,True,,val,run_holdout,-1
s26,s26_left_hand_080,left_hand,80,5,inferred_from_protocol,True,,test,run_holdout,-1
s26,s26_left_hand_081,left_hand,81,5,inferred_from_protocol,True,,test,run_holdout,-1
s26,s26_left_hand_082,left_hand,82,5,inferred_from_protocol,True,,test,run_holdout,-1
s26,s26_left_hand_083,left_hand,83,5,inferred_from_protocol,True,,test,run_holdout,-1
s26,s26_left_hand_084,left_hand,84,5,inferred_from_protocol,True,,test,run_holdout,-1
s26,s26_left_hand_085,left_hand,85,5,inferred_from_protocol,True,,test,run_holdout,-1
s26,s26_left_hand_086,left_hand,86,5,inferred_from_protocol,True,,test,run_holdout,-1
s26,s26_left_hand_087,left_hand,87,5,inferred_from_protocol,True,,test,run_holdout,-1
s26,s26_left_hand_088,left_hand,88,5,inferred_from_protocol,True,,test,run_holdout,-1
s26,s26_left_hand_089,left_hand,89,5,inferred_from_protocol,True,,test,run_holdout,-1
s26,s26_left_hand_090,left_hand,90,5,inferred_from_protocol,True,,test,run_holdout,-1
s26,s26_left_hand_091,left_hand,91,5,inferred_from_protocol,True,,test,run_holdout,-1
s26,s26_left_hand_092,left_hand,92,5,inferred_from_protocol,True,,test,run_holdout,-1
s26,s26_left_hand_093,left_hand,93,5,inferred_from_protocol,True,,test,run_holdout,-1
s26,s26_left_hand_094,left_hand,94,5,inferred_from_protocol,True,,test,run_holdout,-1
s26,s26_left_hand_095,left_hand,95,5,inferred_from_protocol,True,,test,run_holdout,-1
s26,s26_left_hand_096,left_hand,96,5,inferred_from_protocol,True,,test,run_holdout,-1
s26,s26_left_hand_097,left_hand,97,5,inferred_from_protocol,True,,test,run_holdout,-1
s26,s26_left_hand_098,left_hand,98,5,inferred_from_protocol,True,,test,run_holdout,-1
s26,s26_left_hand_099,left_hand,99,5,inferred_from_protocol,True,,test,run_holdout,-1
s26,s26_right_hand_000,right_hand,0,1,inferred_from_protocol,True,,train,run_holdout,-1
s26,s26_right_hand_001,right_hand,1,1,inferred_from_protocol,True,,train,run_holdout,-1
s26,s26_right_hand_002,right_hand,2,1,inferred_from_protocol,True,,train,run_holdout,-1
s26,s26_right_hand_003,right_hand,3,1,inferred_from_protocol,True,,train,run_holdout,-1
s26,s26_right_hand_004,right_hand,4,1,inferred_from_protocol,True,,train,run_holdout,-1
s26,s26_right_hand_005,right_hand,5,1,inferred_from_protocol,True,,train,run_holdout,-1
s26,s26_right_hand_006,right_hand,6,1,inferred_from_protocol,True,,train,run_holdout,-1
s26,s26_right_hand_007,right_hand,7,1,inferred_from_protocol,True,,train,run_holdout,-1
s26,s26_right_hand_008,right_hand,8,1,inferred_from_protocol,True,,train,run_holdout,-1
s26,s26_right_hand_009,right_hand,9,1,inferred_from_protocol,True,,train,run_holdout,-1
s26,s26_right_hand_010,right_hand,10,1,inferred_from_protocol,True,,train,run_holdout,-1
s26,s26_right_hand_011,right_hand,11,1,inferred_from_protocol,True,,train,run_holdout,-1
s26,s26_right_hand_012,right_hand,12,1,inferred_from_protocol,True,,train,run_holdout,-1
s26,s26_right_hand_013,right_hand,13,1,inferred_from_protocol,True,,train,run_holdout,-1
s26,s26_right_hand_014,right_hand,14,1,inferred_from_protocol,True,,train,run_holdout,-1
s26,s26_right_hand_015,right_hand,15,1,inferred_from_protocol,True,,train,run_holdout,-1
s26,s26_right_hand_016,right_hand,16,1,inferred_from_protocol,True,,train,run_holdout,-1
s26,s26_right_hand_017,right_hand,17,1,inferred_from_protocol,True,,train,run_holdout,-1
s26,s26_right_hand_018,right_hand,18,1,inferred_from_protocol,True,,train,run_holdout,-1
s26,s26_right_hand_019,right_hand,19,1,inferred_from_protocol,True,,train,run_holdout,-1
s26,s26_right_hand_020,right_hand,20,2,inferred_from_protocol,True,,train,run_holdout,-1
s26,s26_right_hand_021,right_hand,21,2,inferred_from_protocol,True,,train,run_holdout,-1
s26,s26_right_hand_022,right_hand,22,2,inferred_from_protocol,True,,train,run_holdout,-1
s26,s26_right_hand_023,right_hand,23,2,inferred_from_protocol,True,,train,run_holdout,-1
s26,s26_right_hand_024,right_hand,24,2,inferred_from_protocol,True,,train,run_holdout,-1
s26,s26_right_hand_025,right_hand,25,2,inferred_from_protocol,True,,train,run_holdout,-1
s26,s26_right_hand_026,right_hand,26,2,inferred_from_protocol,True,,train,run_holdout,-1
s26,s26_right_hand_027,right_hand,27,2,inferred_from_protocol,True,,train,run_holdout,-1
s26,s26_right_hand_028,right_hand,28,2,inferred_from_protocol,True,,train,run_holdout,-1
s26,s26_right_hand_029,right_hand,29,2,inferred_from_protocol,True,,train,run_holdout,-1
s26,s26_right_hand_030,right_hand,30,2,inferred_from_protocol,True,,train,run_holdout,-1
s26,s26_right_hand_031,right_hand,31,2,inferred_from_protocol,True,,train,run_holdout,-1
s26,s26_right_hand_032,right_hand,32,2,inferred_from_protocol,True,,train,run_holdout,-1
s26,s26_right_hand_033,right_hand,33,2,inferred_from_protocol,True,,train,run_holdout,-1
s26,s26_right_hand_034,right_hand,34,2,inferred_from_protocol,False,amplitude,train,run_holdout,-1
s26,s26_right_hand_035,right_hand,35,2,inferred_from_protocol,False,amplitude,train,run_holdout,-1
s26,s26_right_hand_036,right_hand,36,2,inferred_from_protocol,True,,train,run_holdout,-1
s26,s26_right_hand_037,right_hand,37,2,inferred_from_protocol,True,,train,run_holdout,-1
s26,s26_right_hand_038,right_hand,38,2,inferred_from_protocol,True,,train,run_holdout,-1
s26,s26_right_hand_039,right_hand,39,2,inferred_from_protocol,True,,train,run_holdout,-1
s26,s26_right_hand_040,right_hand,40,3,inferred_from_protocol,True,,train,run_holdout,-1
s26,s26_right_hand_041,right_hand,41,3,inferred_from_protocol,True,,train,run_holdout,-1
s26,s26_right_hand_042,right_hand,42,3,inferred_from_protocol,True,,train,run_holdout,-1
s26,s26_right_hand_043,right_hand,43,3,inferred_from_protocol,True,,train,run_holdout,-1
s26,s26_right_hand_044,right_hand,44,3,inferred_from_protocol,True,,train,run_holdout,-1
s26,s26_right_hand_045,right_hand,45,3,inferred_from_protocol,True,,train,run_holdout,-1
s26,s26_right_hand_046,right_hand,46,3,inferred_from_protocol,True,,train,run_holdout,-1
s26,s26_right_hand_047,right_hand,47,3,inferred_from_protocol,True,,train,run_holdout,-1
s26,s26_right_hand_048,right_hand,48,3,inferred_from_protocol,True,,train,run_holdout,-1
s26,s26_right_hand_049,right_hand,49,3,inferred_from_protocol,True,,train,run_holdout,-1
s26,s26_right_hand_050,right_hand,50,3,inferred_from_protocol,True,,train,run_holdout,-1
s26,s26_right_hand_051,right_hand,51,3,inferred_from_protocol,True,,train,run_holdout,-1
s26,s26_right_hand_052,right_hand,52,3,inferred_from_protocol,True,,train,run_holdout,-1
s26,s26_right_hand_053,right_hand,53,3,inferred_from_protocol,True,,train,run_holdout,-1
s26,s26_right_hand_054,right_hand,54,3,inferred_from_protocol,True,,train,run_holdout,-1
s26,s26_right_hand_055,right_hand,55,3,inferred_from_protocol,True,,train,run_holdout,-1
s26,s26_right_hand_056,right_hand,56,3,inferred_from_protocol,True,,train,run_holdout,-1
s26,s26_right_hand_057,right_hand,57,3,inferred_from_protocol,True,,train,run_holdout,-1
s26,s26_right_hand_058,right_hand,58,3,inferred_from_protocol,True,,train,run_holdout,-1
s26,s26_right_hand_059,right_hand,59,3,inferred_from_protocol,True,,train,run_holdout,-1
s26,s26_right_hand_060,right_hand,60,4,inferred_from_protocol,True,,val,run_holdout,-1
s26,s26_right_hand_061,right_hand,61,4,inferred_from_protocol,True,,val,run_holdout,-1
s26,s26_right_hand_062,right_hand,62,4,inferred_from_protocol,True,,val,run_holdout,-1
s26,s26_right_hand_063,right_hand,63,4,inferred_from_protocol,True,,val,run_holdout,-1
s26,s26_right_hand_064,right_hand,64,4,inferred_from_protocol,True,,val,run_holdout,-1
s26,s26_right_hand_065,right_hand,65,4,inferred_from_protocol,True,,val,run_holdout,-1
s26,s26_right_hand_066,right_hand,66,4,inferred_from_protocol,True,,val,run_holdout,-1
s26,s26_right_hand_067,right_hand,67,4,inferred_from_protocol,True,,val,run_holdout,-1
s26,s26_right_hand_068,right_hand,68,4,inferred_from_protocol,True,,val,run_holdout,-1
s26,s26_right_hand_069,right_hand,69,4,inferred_from_protocol,True,,val,run_holdout,-1
s26,s26_right_hand_070,right_hand,70,4,inferred_from_protocol,True,,val,run_holdout,-1
s26,s26_right_hand_071,right_hand,71,4,inferred_from_protocol,True,,val,run_holdout,-1
s26,s26_right_hand_072,right_hand,72,4,inferred_from_protocol,True,,val,run_holdout,-1
s26,s26_right_hand_073,right_hand,73,4,inferred_from_protocol,True,,val,run_holdout,-1
s26,s26_right_hand_074,right_hand,74,4,inferred_from_protocol,True,,val,run_holdout,-1
s26,s26_right_hand_075,right_hand,75,4,inferred_from_protocol,True,,val,run_holdout,-1
s26,s26_right_hand_076,right_hand,76,4,inferred_from_protocol,True,,val,run_holdout,-1
s26,s26_right_hand_077,right_hand,77,4,inferred_from_protocol,True,,val,run_holdout,-1
s26,s26_right_hand_078,right_hand,78,4,inferred_from_protocol,True,,val,run_holdout,-1
s26,s26_right_hand_079,right_hand,79,4,inferred_from_protocol,True,,val,run_holdout,-1
s26,s26_right_hand_080,right_hand,80,5,inferred_from_protocol,True,,test,run_holdout,-1
s26,s26_right_hand_081,right_hand,81,5,inferred_from_protocol,True,,test,run_holdout,-1
s26,s26_right_hand_082,right_hand,82,5,inferred_from_protocol,True,,test,run_holdout,-1
s26,s26_right_hand_083,right_hand,83,5,inferred_from_protocol,True,,test,run_holdout,-1
s26,s26_right_hand_084,right_hand,84,5,inferred_from_protocol,True,,test,run_holdout,-1
s26,s26_right_hand_085,right_hand,85,5,inferred_from_protocol,True,,test,run_holdout,-1
s26,s26_right_hand_086,right_hand,86,5,inferred_from_protocol,True,,test,run_holdout,-1
s26,s26_right_hand_087,right_hand,87,5,inferred_from_protocol,True,,test,run_holdout,-1
s26,s26_right_hand_088,right_hand,88,5,inferred_from_protocol,True,,test,run_holdout,-1
s26,s26_right_hand_089,right_hand,89,5,inferred_from_protocol,True,,test,run_holdout,-1
s26,s26_right_hand_090,right_hand,90,5,inferred_from_protocol,True,,test,run_holdout,-1
s26,s26_right_hand_091,right_hand,91,5,inferred_from_protocol,True,,test,run_holdout,-1
s26,s26_right_hand_092,right_hand,92,5,inferred_from_protocol,True,,test,run_holdout,-1
s26,s26_right_hand_093,right_hand,93,5,inferred_from_protocol,True,,test,run_holdout,-1
s26,s26_right_hand_094,right_hand,94,5,inferred_from_protocol,True,,test,run_holdout,-1
s26,s26_right_hand_095,right_hand,95,5,inferred_from_protocol,True,,test,run_holdout,-1
s26,s26_right_hand_096,right_hand,96,5,inferred_from_protocol,True,,test,run_holdout,-1
s26,s26_right_hand_097,right_hand,97,5,inferred_from_protocol,True,,test,run_holdout,-1
s26,s26_right_hand_098,right_hand,98,5,inferred_from_protocol,True,,test,run_holdout,-1
s26,s26_right_hand_099,right_hand,99,5,inferred_from_protocol,True,,test,run_holdout,-1
s27,s27_left_hand_000,left_hand,0,1,inferred_from_protocol,True,,train,run_holdout,-1
s27,s27_left_hand_001,left_hand,1,1,inferred_from_protocol,True,,train,run_holdout,-1
s27,s27_left_hand_002,left_hand,2,1,inferred_from_protocol,True,,train,run_holdout,-1
s27,s27_left_hand_003,left_hand,3,1,inferred_from_protocol,True,,train,run_holdout,-1
s27,s27_left_hand_004,left_hand,4,1,inferred_from_protocol,True,,train,run_holdout,-1
s27,s27_left_hand_005,left_hand,5,1,inferred_from_protocol,True,,train,run_holdout,-1
s27,s27_left_hand_006,left_hand,6,1,inferred_from_protocol,True,,train,run_holdout,-1
s27,s27_left_hand_007,left_hand,7,1,inferred_from_protocol,True,,train,run_holdout,-1
s27,s27_left_hand_008,left_hand,8,1,inferred_from_protocol,True,,train,run_holdout,-1
s27,s27_left_hand_009,left_hand,9,1,inferred_from_protocol,True,,train,run_holdout,-1
s27,s27_left_hand_010,left_hand,10,1,inferred_from_protocol,True,,train,run_holdout,-1
s27,s27_left_hand_011,left_hand,11,1,inferred_from_protocol,True,,train,run_holdout,-1
s27,s27_left_hand_012,left_hand,12,1,inferred_from_protocol,True,,train,run_holdout,-1
s27,s27_left_hand_013,left_hand,13,1,inferred_from_protocol,True,,train,run_holdout,-1
s27,s27_left_hand_014,left_hand,14,1,inferred_from_protocol,True,,train,run_holdout,-1
s27,s27_left_hand_015,left_hand,15,1,inferred_from_protocol,False,emg_correlation,train,run_holdout,-1
s27,s27_left_hand_016,left_hand,16,1,inferred_from_protocol,True,,train,run_holdout,-1
s27,s27_left_hand_017,left_hand,17,1,inferred_from_protocol,True,,train,run_holdout,-1
s27,s27_left_hand_018,left_hand,18,1,inferred_from_protocol,False,emg_correlation,train,run_holdout,-1
s27,s27_left_hand_019,left_hand,19,1,inferred_from_protocol,True,,train,run_holdout,-1
s27,s27_left_hand_020,left_hand,20,2,inferred_from_protocol,True,,train,run_holdout,-1
s27,s27_left_hand_021,left_hand,21,2,inferred_from_protocol,True,,train,run_holdout,-1
s27,s27_left_hand_022,left_hand,22,2,inferred_from_protocol,True,,train,run_holdout,-1
s27,s27_left_hand_023,left_hand,23,2,inferred_from_protocol,True,,train,run_holdout,-1
s27,s27_left_hand_024,left_hand,24,2,inferred_from_protocol,True,,train,run_holdout,-1
s27,s27_left_hand_025,left_hand,25,2,inferred_from_protocol,True,,train,run_holdout,-1
s27,s27_left_hand_026,left_hand,26,2,inferred_from_protocol,True,,train,run_holdout,-1
s27,s27_left_hand_027,left_hand,27,2,inferred_from_protocol,True,,train,run_holdout,-1
s27,s27_left_hand_028,left_hand,28,2,inferred_from_protocol,True,,train,run_holdout,-1
s27,s27_left_hand_029,left_hand,29,2,inferred_from_protocol,True,,train,run_holdout,-1
s27,s27_left_hand_030,left_hand,30,2,inferred_from_protocol,True,,train,run_holdout,-1
s27,s27_left_hand_031,left_hand,31,2,inferred_from_protocol,True,,train,run_holdout,-1
s27,s27_left_hand_032,left_hand,32,2,inferred_from_protocol,False,emg_correlation,train,run_holdout,-1
s27,s27_left_hand_033,left_hand,33,2,inferred_from_protocol,True,,train,run_holdout,-1
s27,s27_left_hand_034,left_hand,34,2,inferred_from_protocol,False,emg_correlation,train,run_holdout,-1
s27,s27_left_hand_035,left_hand,35,2,inferred_from_protocol,True,,train,run_holdout,-1
s27,s27_left_hand_036,left_hand,36,2,inferred_from_protocol,True,,train,run_holdout,-1
s27,s27_left_hand_037,left_hand,37,2,inferred_from_protocol,True,,train,run_holdout,-1
s27,s27_left_hand_038,left_hand,38,2,inferred_from_protocol,False,emg_correlation,train,run_holdout,-1
s27,s27_left_hand_039,left_hand,39,2,inferred_from_protocol,False,emg_correlation,train,run_holdout,-1
s27,s27_left_hand_040,left_hand,40,3,inferred_from_protocol,False,emg_correlation,train,run_holdout,-1
s27,s27_left_hand_041,left_hand,41,3,inferred_from_protocol,True,,train,run_holdout,-1
s27,s27_left_hand_042,left_hand,42,3,inferred_from_protocol,True,,train,run_holdout,-1
s27,s27_left_hand_043,left_hand,43,3,inferred_from_protocol,True,,train,run_holdout,-1
s27,s27_left_hand_044,left_hand,44,3,inferred_from_protocol,True,,train,run_holdout,-1
s27,s27_left_hand_045,left_hand,45,3,inferred_from_protocol,True,,train,run_holdout,-1
s27,s27_left_hand_046,left_hand,46,3,inferred_from_protocol,True,,train,run_holdout,-1
s27,s27_left_hand_047,left_hand,47,3,inferred_from_protocol,True,,train,run_holdout,-1
s27,s27_left_hand_048,left_hand,48,3,inferred_from_protocol,True,,train,run_holdout,-1
s27,s27_left_hand_049,left_hand,49,3,inferred_from_protocol,True,,train,run_holdout,-1
s27,s27_left_hand_050,left_hand,50,3,inferred_from_protocol,True,,train,run_holdout,-1
s27,s27_left_hand_051,left_hand,51,3,inferred_from_protocol,True,,train,run_holdout,-1
s27,s27_left_hand_052,left_hand,52,3,inferred_from_protocol,True,,train,run_holdout,-1
s27,s27_left_hand_053,left_hand,53,3,inferred_from_protocol,True,,train,run_holdout,-1
s27,s27_left_hand_054,left_hand,54,3,inferred_from_protocol,True,,train,run_holdout,-1
s27,s27_left_hand_055,left_hand,55,3,inferred_from_protocol,True,,train,run_holdout,-1
s27,s27_left_hand_056,left_hand,56,3,inferred_from_protocol,True,,train,run_holdout,-1
s27,s27_left_hand_057,left_hand,57,3,inferred_from_protocol,True,,train,run_holdout,-1
s27,s27_left_hand_058,left_hand,58,3,inferred_from_protocol,True,,train,run_holdout,-1
s27,s27_left_hand_059,left_hand,59,3,inferred_from_protocol,True,,train,run_holdout,-1
s27,s27_left_hand_060,left_hand,60,4,inferred_from_protocol,True,,val,run_holdout,-1
s27,s27_left_hand_061,left_hand,61,4,inferred_from_protocol,True,,val,run_holdout,-1
s27,s27_left_hand_062,left_hand,62,4,inferred_from_protocol,True,,val,run_holdout,-1
s27,s27_left_hand_063,left_hand,63,4,inferred_from_protocol,True,,val,run_holdout,-1
s27,s27_left_hand_064,left_hand,64,4,inferred_from_protocol,False,emg_correlation,val,run_holdout,-1
s27,s27_left_hand_065,left_hand,65,4,inferred_from_protocol,True,,val,run_holdout,-1
s27,s27_left_hand_066,left_hand,66,4,inferred_from_protocol,True,,val,run_holdout,-1
s27,s27_left_hand_067,left_hand,67,4,inferred_from_protocol,True,,val,run_holdout,-1
s27,s27_left_hand_068,left_hand,68,4,inferred_from_protocol,True,,val,run_holdout,-1
s27,s27_left_hand_069,left_hand,69,4,inferred_from_protocol,True,,val,run_holdout,-1
s27,s27_left_hand_070,left_hand,70,4,inferred_from_protocol,True,,val,run_holdout,-1
s27,s27_left_hand_071,left_hand,71,4,inferred_from_protocol,True,,val,run_holdout,-1
s27,s27_left_hand_072,left_hand,72,4,inferred_from_protocol,True,,val,run_holdout,-1
s27,s27_left_hand_073,left_hand,73,4,inferred_from_protocol,True,,val,run_holdout,-1
s27,s27_left_hand_074,left_hand,74,4,inferred_from_protocol,True,,val,run_holdout,-1
s27,s27_left_hand_075,left_hand,75,4,inferred_from_protocol,True,,val,run_holdout,-1
s27,s27_left_hand_076,left_hand,76,4,inferred_from_protocol,False,emg_correlation,val,run_holdout,-1
s27,s27_left_hand_077,left_hand,77,4,inferred_from_protocol,True,,val,run_holdout,-1
s27,s27_left_hand_078,left_hand,78,4,inferred_from_protocol,True,,val,run_holdout,-1
s27,s27_left_hand_079,left_hand,79,4,inferred_from_protocol,True,,val,run_holdout,-1
s27,s27_left_hand_080,left_hand,80,5,inferred_from_protocol,True,,test,run_holdout,-1
s27,s27_left_hand_081,left_hand,81,5,inferred_from_protocol,True,,test,run_holdout,-1
s27,s27_left_hand_082,left_hand,82,5,inferred_from_protocol,True,,test,run_holdout,-1
s27,s27_left_hand_083,left_hand,83,5,inferred_from_protocol,True,,test,run_holdout,-1
s27,s27_left_hand_084,left_hand,84,5,inferred_from_protocol,True,,test,run_holdout,-1
s27,s27_left_hand_085,left_hand,85,5,inferred_from_protocol,True,,test,run_holdout,-1
s27,s27_left_hand_086,left_hand,86,5,inferred_from_protocol,True,,test,run_holdout,-1
s27,s27_left_hand_087,left_hand,87,5,inferred_from_protocol,True,,test,run_holdout,-1
s27,s27_left_hand_088,left_hand,88,5,inferred_from_protocol,True,,test,run_holdout,-1
s27,s27_left_hand_089,left_hand,89,5,inferred_from_protocol,True,,test,run_holdout,-1
s27,s27_left_hand_090,left_hand,90,5,inferred_from_protocol,True,,test,run_holdout,-1
s27,s27_left_hand_091,left_hand,91,5,inferred_from_protocol,True,,test,run_holdout,-1
s27,s27_left_hand_092,left_hand,92,5,inferred_from_protocol,True,,test,run_holdout,-1
s27,s27_left_hand_093,left_hand,93,5,inferred_from_protocol,True,,test,run_holdout,-1
s27,s27_left_hand_094,left_hand,94,5,inferred_from_protocol,True,,test,run_holdout,-1
s27,s27_left_hand_095,left_hand,95,5,inferred_from_protocol,True,,test,run_holdout,-1
s27,s27_left_hand_096,left_hand,96,5,inferred_from_protocol,False,emg_correlation,test,run_holdout,-1
s27,s27_left_hand_097,left_hand,97,5,inferred_from_protocol,False,emg_correlation,test,run_holdout,-1
s27,s27_left_hand_098,left_hand,98,5,inferred_from_protocol,True,,test,run_holdout,-1
s27,s27_left_hand_099,left_hand,99,5,inferred_from_protocol,True,,test,run_holdout,-1
s27,s27_right_hand_000,right_hand,0,1,inferred_from_protocol,True,,train,run_holdout,-1
s27,s27_right_hand_001,right_hand,1,1,inferred_from_protocol,True,,train,run_holdout,-1
s27,s27_right_hand_002,right_hand,2,1,inferred_from_protocol,True,,train,run_holdout,-1
s27,s27_right_hand_003,right_hand,3,1,inferred_from_protocol,True,,train,run_holdout,-1
s27,s27_right_hand_004,right_hand,4,1,inferred_from_protocol,True,,train,run_holdout,-1
s27,s27_right_hand_005,right_hand,5,1,inferred_from_protocol,True,,train,run_holdout,-1
s27,s27_right_hand_006,right_hand,6,1,inferred_from_protocol,True,,train,run_holdout,-1
s27,s27_right_hand_007,right_hand,7,1,inferred_from_protocol,True,,train,run_holdout,-1
s27,s27_right_hand_008,right_hand,8,1,inferred_from_protocol,True,,train,run_holdout,-1
s27,s27_right_hand_009,right_hand,9,1,inferred_from_protocol,True,,train,run_holdout,-1
s27,s27_right_hand_010,right_hand,10,1,inferred_from_protocol,True,,train,run_holdout,-1
s27,s27_right_hand_011,right_hand,11,1,inferred_from_protocol,True,,train,run_holdout,-1
s27,s27_right_hand_012,right_hand,12,1,inferred_from_protocol,True,,train,run_holdout,-1
s27,s27_right_hand_013,right_hand,13,1,inferred_from_protocol,True,,train,run_holdout,-1
s27,s27_right_hand_014,right_hand,14,1,inferred_from_protocol,True,,train,run_holdout,-1
s27,s27_right_hand_015,right_hand,15,1,inferred_from_protocol,True,,train,run_holdout,-1
s27,s27_right_hand_016,right_hand,16,1,inferred_from_protocol,True,,train,run_holdout,-1
s27,s27_right_hand_017,right_hand,17,1,inferred_from_protocol,True,,train,run_holdout,-1
s27,s27_right_hand_018,right_hand,18,1,inferred_from_protocol,True,,train,run_holdout,-1
s27,s27_right_hand_019,right_hand,19,1,inferred_from_protocol,True,,train,run_holdout,-1
s27,s27_right_hand_020,right_hand,20,2,inferred_from_protocol,True,,train,run_holdout,-1
s27,s27_right_hand_021,right_hand,21,2,inferred_from_protocol,True,,train,run_holdout,-1
s27,s27_right_hand_022,right_hand,22,2,inferred_from_protocol,True,,train,run_holdout,-1
s27,s27_right_hand_023,right_hand,23,2,inferred_from_protocol,True,,train,run_holdout,-1
s27,s27_right_hand_024,right_hand,24,2,inferred_from_protocol,True,,train,run_holdout,-1
s27,s27_right_hand_025,right_hand,25,2,inferred_from_protocol,True,,train,run_holdout,-1
s27,s27_right_hand_026,right_hand,26,2,inferred_from_protocol,True,,train,run_holdout,-1
s27,s27_right_hand_027,right_hand,27,2,inferred_from_protocol,True,,train,run_holdout,-1
s27,s27_right_hand_028,right_hand,28,2,inferred_from_protocol,True,,train,run_holdout,-1
s27,s27_right_hand_029,right_hand,29,2,inferred_from_protocol,True,,train,run_holdout,-1
s27,s27_right_hand_030,right_hand,30,2,inferred_from_protocol,True,,train,run_holdout,-1
s27,s27_right_hand_031,right_hand,31,2,inferred_from_protocol,True,,train,run_holdout,-1
s27,s27_right_hand_032,right_hand,32,2,inferred_from_protocol,True,,train,run_holdout,-1
s27,s27_right_hand_033,right_hand,33,2,inferred_from_protocol,True,,train,run_holdout,-1
s27,s27_right_hand_034,right_hand,34,2,inferred_from_protocol,True,,train,run_holdout,-1
s27,s27_right_hand_035,right_hand,35,2,inferred_from_protocol,True,,train,run_holdout,-1
s27,s27_right_hand_036,right_hand,36,2,inferred_from_protocol,True,,train,run_holdout,-1
s27,s27_right_hand_037,right_hand,37,2,inferred_from_protocol,True,,train,run_holdout,-1
s27,s27_right_hand_038,right_hand,38,2,inferred_from_protocol,True,,train,run_holdout,-1
s27,s27_right_hand_039,right_hand,39,2,inferred_from_protocol,False,emg_correlation,train,run_holdout,-1
s27,s27_right_hand_040,right_hand,40,3,inferred_from_protocol,True,,train,run_holdout,-1
s27,s27_right_hand_041,right_hand,41,3,inferred_from_protocol,True,,train,run_holdout,-1
s27,s27_right_hand_042,right_hand,42,3,inferred_from_protocol,True,,train,run_holdout,-1
s27,s27_right_hand_043,right_hand,43,3,inferred_from_protocol,True,,train,run_holdout,-1
s27,s27_right_hand_044,right_hand,44,3,inferred_from_protocol,True,,train,run_holdout,-1
s27,s27_right_hand_045,right_hand,45,3,inferred_from_protocol,True,,train,run_holdout,-1
s27,s27_right_hand_046,right_hand,46,3,inferred_from_protocol,True,,train,run_holdout,-1
s27,s27_right_hand_047,right_hand,47,3,inferred_from_protocol,True,,train,run_holdout,-1
s27,s27_right_hand_048,right_hand,48,3,inferred_from_protocol,False,emg_correlation,train,run_holdout,-1
s27,s27_right_hand_049,right_hand,49,3,inferred_from_protocol,False,emg_correlation,train,run_holdout,-1
s27,s27_right_hand_050,right_hand,50,3,inferred_from_protocol,True,,train,run_holdout,-1
s27,s27_right_hand_051,right_hand,51,3,inferred_from_protocol,True,,train,run_holdout,-1
s27,s27_right_hand_052,right_hand,52,3,inferred_from_protocol,True,,train,run_holdout,-1
s27,s27_right_hand_053,right_hand,53,3,inferred_from_protocol,True,,train,run_holdout,-1
s27,s27_right_hand_054,right_hand,54,3,inferred_from_protocol,True,,train,run_holdout,-1
s27,s27_right_hand_055,right_hand,55,3,inferred_from_protocol,True,,train,run_holdout,-1
s27,s27_right_hand_056,right_hand,56,3,inferred_from_protocol,True,,train,run_holdout,-1
s27,s27_right_hand_057,right_hand,57,3,inferred_from_protocol,True,,train,run_holdout,-1
s27,s27_right_hand_058,right_hand,58,3,inferred_from_protocol,True,,train,run_holdout,-1
s27,s27_right_hand_059,right_hand,59,3,inferred_from_protocol,True,,train,run_holdout,-1
s27,s27_right_hand_060,right_hand,60,4,inferred_from_protocol,True,,val,run_holdout,-1
s27,s27_right_hand_061,right_hand,61,4,inferred_from_protocol,True,,val,run_holdout,-1
s27,s27_right_hand_062,right_hand,62,4,inferred_from_protocol,True,,val,run_holdout,-1
s27,s27_right_hand_063,right_hand,63,4,inferred_from_protocol,True,,val,run_holdout,-1
s27,s27_right_hand_064,right_hand,64,4,inferred_from_protocol,True,,val,run_holdout,-1
s27,s27_right_hand_065,right_hand,65,4,inferred_from_protocol,True,,val,run_holdout,-1
s27,s27_right_hand_066,right_hand,66,4,inferred_from_protocol,True,,val,run_holdout,-1
s27,s27_right_hand_067,right_hand,67,4,inferred_from_protocol,True,,val,run_holdout,-1
s27,s27_right_hand_068,right_hand,68,4,inferred_from_protocol,True,,val,run_holdout,-1
s27,s27_right_hand_069,right_hand,69,4,inferred_from_protocol,True,,val,run_holdout,-1
s27,s27_right_hand_070,right_hand,70,4,inferred_from_protocol,False,emg_correlation,val,run_holdout,-1
s27,s27_right_hand_071,right_hand,71,4,inferred_from_protocol,True,,val,run_holdout,-1
s27,s27_right_hand_072,right_hand,72,4,inferred_from_protocol,True,,val,run_holdout,-1
s27,s27_right_hand_073,right_hand,73,4,inferred_from_protocol,True,,val,run_holdout,-1
s27,s27_right_hand_074,right_hand,74,4,inferred_from_protocol,True,,val,run_holdout,-1
s27,s27_right_hand_075,right_hand,75,4,inferred_from_protocol,True,,val,run_holdout,-1
s27,s27_right_hand_076,right_hand,76,4,inferred_from_protocol,True,,val,run_holdout,-1
s27,s27_right_hand_077,right_hand,77,4,inferred_from_protocol,True,,val,run_holdout,-1
s27,s27_right_hand_078,right_hand,78,4,inferred_from_protocol,True,,val,run_holdout,-1
s27,s27_right_hand_079,right_hand,79,4,inferred_from_protocol,True,,val,run_holdout,-1
s27,s27_right_hand_080,right_hand,80,5,inferred_from_protocol,True,,test,run_holdout,-1
s27,s27_right_hand_081,right_hand,81,5,inferred_from_protocol,True,,test,run_holdout,-1
s27,s27_right_hand_082,right_hand,82,5,inferred_from_protocol,True,,test,run_holdout,-1
s27,s27_right_hand_083,right_hand,83,5,inferred_from_protocol,True,,test,run_holdout,-1
s27,s27_right_hand_084,right_hand,84,5,inferred_from_protocol,True,,test,run_holdout,-1
s27,s27_right_hand_085,right_hand,85,5,inferred_from_protocol,True,,test,run_holdout,-1
s27,s27_right_hand_086,right_hand,86,5,inferred_from_protocol,True,,test,run_holdout,-1
s27,s27_right_hand_087,right_hand,87,5,inferred_from_protocol,True,,test,run_holdout,-1
s27,s27_right_hand_088,right_hand,88,5,inferred_from_protocol,True,,test,run_holdout,-1
s27,s27_right_hand_089,right_hand,89,5,inferred_from_protocol,True,,test,run_holdout,-1
s27,s27_right_hand_090,right_hand,90,5,inferred_from_protocol,True,,test,run_holdout,-1
s27,s27_right_hand_091,right_hand,91,5,inferred_from_protocol,True,,test,run_holdout,-1
s27,s27_right_hand_092,right_hand,92,5,inferred_from_protocol,True,,test,run_holdout,-1
s27,s27_right_hand_093,right_hand,93,5,inferred_from_protocol,True,,test,run_holdout,-1
s27,s27_right_hand_094,right_hand,94,5,inferred_from_protocol,True,,test,run_holdout,-1
s27,s27_right_hand_095,right_hand,95,5,inferred_from_protocol,True,,test,run_holdout,-1
s27,s27_right_hand_096,right_hand,96,5,inferred_from_protocol,True,,test,run_holdout,-1
s27,s27_right_hand_097,right_hand,97,5,inferred_from_protocol,True,,test,run_holdout,-1
s27,s27_right_hand_098,right_hand,98,5,inferred_from_protocol,True,,test,run_holdout,-1
s27,s27_right_hand_099,right_hand,99,5,inferred_from_protocol,False,amplitude,test,run_holdout,-1
s28,s28_left_hand_000,left_hand,0,1,inferred_from_protocol,True,,train,run_holdout,-1
s28,s28_left_hand_001,left_hand,1,1,inferred_from_protocol,True,,train,run_holdout,-1
s28,s28_left_hand_002,left_hand,2,1,inferred_from_protocol,True,,train,run_holdout,-1
s28,s28_left_hand_003,left_hand,3,1,inferred_from_protocol,True,,train,run_holdout,-1
s28,s28_left_hand_004,left_hand,4,1,inferred_from_protocol,True,,train,run_holdout,-1
s28,s28_left_hand_005,left_hand,5,1,inferred_from_protocol,True,,train,run_holdout,-1
s28,s28_left_hand_006,left_hand,6,1,inferred_from_protocol,True,,train,run_holdout,-1
s28,s28_left_hand_007,left_hand,7,1,inferred_from_protocol,True,,train,run_holdout,-1
s28,s28_left_hand_008,left_hand,8,1,inferred_from_protocol,True,,train,run_holdout,-1
s28,s28_left_hand_009,left_hand,9,1,inferred_from_protocol,True,,train,run_holdout,-1
s28,s28_left_hand_010,left_hand,10,1,inferred_from_protocol,True,,train,run_holdout,-1
s28,s28_left_hand_011,left_hand,11,1,inferred_from_protocol,True,,train,run_holdout,-1
s28,s28_left_hand_012,left_hand,12,1,inferred_from_protocol,True,,train,run_holdout,-1
s28,s28_left_hand_013,left_hand,13,1,inferred_from_protocol,True,,train,run_holdout,-1
s28,s28_left_hand_014,left_hand,14,1,inferred_from_protocol,True,,train,run_holdout,-1
s28,s28_left_hand_015,left_hand,15,1,inferred_from_protocol,True,,train,run_holdout,-1
s28,s28_left_hand_016,left_hand,16,1,inferred_from_protocol,True,,train,run_holdout,-1
s28,s28_left_hand_017,left_hand,17,1,inferred_from_protocol,True,,train,run_holdout,-1
s28,s28_left_hand_018,left_hand,18,1,inferred_from_protocol,True,,train,run_holdout,-1
s28,s28_left_hand_019,left_hand,19,1,inferred_from_protocol,True,,train,run_holdout,-1
s28,s28_left_hand_020,left_hand,20,2,inferred_from_protocol,True,,train,run_holdout,-1
s28,s28_left_hand_021,left_hand,21,2,inferred_from_protocol,True,,train,run_holdout,-1
s28,s28_left_hand_022,left_hand,22,2,inferred_from_protocol,True,,train,run_holdout,-1
s28,s28_left_hand_023,left_hand,23,2,inferred_from_protocol,True,,train,run_holdout,-1
s28,s28_left_hand_024,left_hand,24,2,inferred_from_protocol,True,,train,run_holdout,-1
s28,s28_left_hand_025,left_hand,25,2,inferred_from_protocol,True,,train,run_holdout,-1
s28,s28_left_hand_026,left_hand,26,2,inferred_from_protocol,True,,train,run_holdout,-1
s28,s28_left_hand_027,left_hand,27,2,inferred_from_protocol,True,,train,run_holdout,-1
s28,s28_left_hand_028,left_hand,28,2,inferred_from_protocol,True,,train,run_holdout,-1
s28,s28_left_hand_029,left_hand,29,2,inferred_from_protocol,True,,train,run_holdout,-1
s28,s28_left_hand_030,left_hand,30,2,inferred_from_protocol,True,,train,run_holdout,-1
s28,s28_left_hand_031,left_hand,31,2,inferred_from_protocol,True,,train,run_holdout,-1
s28,s28_left_hand_032,left_hand,32,2,inferred_from_protocol,True,,train,run_holdout,-1
s28,s28_left_hand_033,left_hand,33,2,inferred_from_protocol,True,,train,run_holdout,-1
s28,s28_left_hand_034,left_hand,34,2,inferred_from_protocol,True,,train,run_holdout,-1
s28,s28_left_hand_035,left_hand,35,2,inferred_from_protocol,True,,train,run_holdout,-1
s28,s28_left_hand_036,left_hand,36,2,inferred_from_protocol,True,,train,run_holdout,-1
s28,s28_left_hand_037,left_hand,37,2,inferred_from_protocol,True,,train,run_holdout,-1
s28,s28_left_hand_038,left_hand,38,2,inferred_from_protocol,True,,train,run_holdout,-1
s28,s28_left_hand_039,left_hand,39,2,inferred_from_protocol,True,,train,run_holdout,-1
s28,s28_left_hand_040,left_hand,40,3,inferred_from_protocol,True,,train,run_holdout,-1
s28,s28_left_hand_041,left_hand,41,3,inferred_from_protocol,True,,train,run_holdout,-1
s28,s28_left_hand_042,left_hand,42,3,inferred_from_protocol,True,,train,run_holdout,-1
s28,s28_left_hand_043,left_hand,43,3,inferred_from_protocol,True,,train,run_holdout,-1
s28,s28_left_hand_044,left_hand,44,3,inferred_from_protocol,True,,train,run_holdout,-1
s28,s28_left_hand_045,left_hand,45,3,inferred_from_protocol,True,,train,run_holdout,-1
s28,s28_left_hand_046,left_hand,46,3,inferred_from_protocol,True,,train,run_holdout,-1
s28,s28_left_hand_047,left_hand,47,3,inferred_from_protocol,True,,train,run_holdout,-1
s28,s28_left_hand_048,left_hand,48,3,inferred_from_protocol,True,,train,run_holdout,-1
s28,s28_left_hand_049,left_hand,49,3,inferred_from_protocol,True,,train,run_holdout,-1
s28,s28_left_hand_050,left_hand,50,3,inferred_from_protocol,True,,train,run_holdout,-1
s28,s28_left_hand_051,left_hand,51,3,inferred_from_protocol,True,,train,run_holdout,-1
s28,s28_left_hand_052,left_hand,52,3,inferred_from_protocol,True,,train,run_holdout,-1
s28,s28_left_hand_053,left_hand,53,3,inferred_from_protocol,True,,train,run_holdout,-1
s28,s28_left_hand_054,left_hand,54,3,inferred_from_protocol,True,,train,run_holdout,-1
s28,s28_left_hand_055,left_hand,55,3,inferred_from_protocol,True,,train,run_holdout,-1
s28,s28_left_hand_056,left_hand,56,3,inferred_from_protocol,True,,train,run_holdout,-1
s28,s28_left_hand_057,left_hand,57,3,inferred_from_protocol,True,,train,run_holdout,-1
s28,s28_left_hand_058,left_hand,58,3,inferred_from_protocol,True,,train,run_holdout,-1
s28,s28_left_hand_059,left_hand,59,3,inferred_from_protocol,True,,train,run_holdout,-1
s28,s28_left_hand_060,left_hand,60,4,inferred_from_protocol,True,,val,run_holdout,-1
s28,s28_left_hand_061,left_hand,61,4,inferred_from_protocol,True,,val,run_holdout,-1
s28,s28_left_hand_062,left_hand,62,4,inferred_from_protocol,True,,val,run_holdout,-1
s28,s28_left_hand_063,left_hand,63,4,inferred_from_protocol,True,,val,run_holdout,-1
s28,s28_left_hand_064,left_hand,64,4,inferred_from_protocol,True,,val,run_holdout,-1
s28,s28_left_hand_065,left_hand,65,4,inferred_from_protocol,True,,val,run_holdout,-1
s28,s28_left_hand_066,left_hand,66,4,inferred_from_protocol,True,,val,run_holdout,-1
s28,s28_left_hand_067,left_hand,67,4,inferred_from_protocol,True,,val,run_holdout,-1
s28,s28_left_hand_068,left_hand,68,4,inferred_from_protocol,True,,val,run_holdout,-1
s28,s28_left_hand_069,left_hand,69,4,inferred_from_protocol,True,,val,run_holdout,-1
s28,s28_left_hand_070,left_hand,70,4,inferred_from_protocol,True,,val,run_holdout,-1
s28,s28_left_hand_071,left_hand,71,4,inferred_from_protocol,True,,val,run_holdout,-1
s28,s28_left_hand_072,left_hand,72,4,inferred_from_protocol,True,,val,run_holdout,-1
s28,s28_left_hand_073,left_hand,73,4,inferred_from_protocol,True,,val,run_holdout,-1
s28,s28_left_hand_074,left_hand,74,4,inferred_from_protocol,True,,val,run_holdout,-1
s28,s28_left_hand_075,left_hand,75,4,inferred_from_protocol,True,,val,run_holdout,-1
s28,s28_left_hand_076,left_hand,76,4,inferred_from_protocol,True,,val,run_holdout,-1
s28,s28_left_hand_077,left_hand,77,4,inferred_from_protocol,False,emg_correlation,val,run_holdout,-1
s28,s28_left_hand_078,left_hand,78,4,inferred_from_protocol,True,,val,run_holdout,-1
s28,s28_left_hand_079,left_hand,79,4,inferred_from_protocol,True,,val,run_holdout,-1
s28,s28_left_hand_080,left_hand,80,5,inferred_from_protocol,True,,test,run_holdout,-1
s28,s28_left_hand_081,left_hand,81,5,inferred_from_protocol,True,,test,run_holdout,-1
s28,s28_left_hand_082,left_hand,82,5,inferred_from_protocol,True,,test,run_holdout,-1
s28,s28_left_hand_083,left_hand,83,5,inferred_from_protocol,True,,test,run_holdout,-1
s28,s28_left_hand_084,left_hand,84,5,inferred_from_protocol,True,,test,run_holdout,-1
s28,s28_left_hand_085,left_hand,85,5,inferred_from_protocol,True,,test,run_holdout,-1
s28,s28_left_hand_086,left_hand,86,5,inferred_from_protocol,True,,test,run_holdout,-1
s28,s28_left_hand_087,left_hand,87,5,inferred_from_protocol,True,,test,run_holdout,-1
s28,s28_left_hand_088,left_hand,88,5,inferred_from_protocol,True,,test,run_holdout,-1
s28,s28_left_hand_089,left_hand,89,5,inferred_from_protocol,True,,test,run_holdout,-1
s28,s28_left_hand_090,left_hand,90,5,inferred_from_protocol,True,,test,run_holdout,-1
s28,s28_left_hand_091,left_hand,91,5,inferred_from_protocol,True,,test,run_holdout,-1
s28,s28_left_hand_092,left_hand,92,5,inferred_from_protocol,True,,test,run_holdout,-1
s28,s28_left_hand_093,left_hand,93,5,inferred_from_protocol,True,,test,run_holdout,-1
s28,s28_left_hand_094,left_hand,94,5,inferred_from_protocol,True,,test,run_holdout,-1
s28,s28_left_hand_095,left_hand,95,5,inferred_from_protocol,True,,test,run_holdout,-1
s28,s28_left_hand_096,left_hand,96,5,inferred_from_protocol,True,,test,run_holdout,-1
s28,s28_left_hand_097,left_hand,97,5,inferred_from_protocol,True,,test,run_holdout,-1
s28,s28_left_hand_098,left_hand,98,5,inferred_from_protocol,True,,test,run_holdout,-1
s28,s28_left_hand_099,left_hand,99,5,inferred_from_protocol,True,,test,run_holdout,-1
s28,s28_right_hand_000,right_hand,0,1,inferred_from_protocol,True,,train,run_holdout,-1
s28,s28_right_hand_001,right_hand,1,1,inferred_from_protocol,True,,train,run_holdout,-1
s28,s28_right_hand_002,right_hand,2,1,inferred_from_protocol,True,,train,run_holdout,-1
s28,s28_right_hand_003,right_hand,3,1,inferred_from_protocol,True,,train,run_holdout,-1
s28,s28_right_hand_004,right_hand,4,1,inferred_from_protocol,True,,train,run_holdout,-1
s28,s28_right_hand_005,right_hand,5,1,inferred_from_protocol,True,,train,run_holdout,-1
s28,s28_right_hand_006,right_hand,6,1,inferred_from_protocol,True,,train,run_holdout,-1
s28,s28_right_hand_007,right_hand,7,1,inferred_from_protocol,True,,train,run_holdout,-1
s28,s28_right_hand_008,right_hand,8,1,inferred_from_protocol,True,,train,run_holdout,-1
s28,s28_right_hand_009,right_hand,9,1,inferred_from_protocol,True,,train,run_holdout,-1
s28,s28_right_hand_010,right_hand,10,1,inferred_from_protocol,True,,train,run_holdout,-1
s28,s28_right_hand_011,right_hand,11,1,inferred_from_protocol,True,,train,run_holdout,-1
s28,s28_right_hand_012,right_hand,12,1,inferred_from_protocol,True,,train,run_holdout,-1
s28,s28_right_hand_013,right_hand,13,1,inferred_from_protocol,True,,train,run_holdout,-1
s28,s28_right_hand_014,right_hand,14,1,inferred_from_protocol,True,,train,run_holdout,-1
s28,s28_right_hand_015,right_hand,15,1,inferred_from_protocol,True,,train,run_holdout,-1
s28,s28_right_hand_016,right_hand,16,1,inferred_from_protocol,True,,train,run_holdout,-1
s28,s28_right_hand_017,right_hand,17,1,inferred_from_protocol,True,,train,run_holdout,-1
s28,s28_right_hand_018,right_hand,18,1,inferred_from_protocol,True,,train,run_holdout,-1
s28,s28_right_hand_019,right_hand,19,1,inferred_from_protocol,True,,train,run_holdout,-1
s28,s28_right_hand_020,right_hand,20,2,inferred_from_protocol,True,,train,run_holdout,-1
s28,s28_right_hand_021,right_hand,21,2,inferred_from_protocol,True,,train,run_holdout,-1
s28,s28_right_hand_022,right_hand,22,2,inferred_from_protocol,True,,train,run_holdout,-1
s28,s28_right_hand_023,right_hand,23,2,inferred_from_protocol,True,,train,run_holdout,-1
s28,s28_right_hand_024,right_hand,24,2,inferred_from_protocol,False,emg_correlation,train,run_holdout,-1
s28,s28_right_hand_025,right_hand,25,2,inferred_from_protocol,True,,train,run_holdout,-1
s28,s28_right_hand_026,right_hand,26,2,inferred_from_protocol,True,,train,run_holdout,-1
s28,s28_right_hand_027,right_hand,27,2,inferred_from_protocol,True,,train,run_holdout,-1
s28,s28_right_hand_028,right_hand,28,2,inferred_from_protocol,True,,train,run_holdout,-1
s28,s28_right_hand_029,right_hand,29,2,inferred_from_protocol,True,,train,run_holdout,-1
s28,s28_right_hand_030,right_hand,30,2,inferred_from_protocol,True,,train,run_holdout,-1
s28,s28_right_hand_031,right_hand,31,2,inferred_from_protocol,True,,train,run_holdout,-1
s28,s28_right_hand_032,right_hand,32,2,inferred_from_protocol,True,,train,run_holdout,-1
s28,s28_right_hand_033,right_hand,33,2,inferred_from_protocol,True,,train,run_holdout,-1
s28,s28_right_hand_034,right_hand,34,2,inferred_from_protocol,True,,train,run_holdout,-1
s28,s28_right_hand_035,right_hand,35,2,inferred_from_protocol,True,,train,run_holdout,-1
s28,s28_right_hand_036,right_hand,36,2,inferred_from_protocol,True,,train,run_holdout,-1
s28,s28_right_hand_037,right_hand,37,2,inferred_from_protocol,True,,train,run_holdout,-1
s28,s28_right_hand_038,right_hand,38,2,inferred_from_protocol,True,,train,run_holdout,-1
s28,s28_right_hand_039,right_hand,39,2,inferred_from_protocol,True,,train,run_holdout,-1
s28,s28_right_hand_040,right_hand,40,3,inferred_from_protocol,True,,train,run_holdout,-1
s28,s28_right_hand_041,right_hand,41,3,inferred_from_protocol,True,,train,run_holdout,-1
s28,s28_right_hand_042,right_hand,42,3,inferred_from_protocol,True,,train,run_holdout,-1
s28,s28_right_hand_043,right_hand,43,3,inferred_from_protocol,True,,train,run_holdout,-1
s28,s28_right_hand_044,right_hand,44,3,inferred_from_protocol,True,,train,run_holdout,-1
s28,s28_right_hand_045,right_hand,45,3,inferred_from_protocol,True,,train,run_holdout,-1
s28,s28_right_hand_046,right_hand,46,3,inferred_from_protocol,True,,train,run_holdout,-1
s28,s28_right_hand_047,right_hand,47,3,inferred_from_protocol,True,,train,run_holdout,-1
s28,s28_right_hand_048,right_hand,48,3,inferred_from_protocol,False,emg_correlation,train,run_holdout,-1
s28,s28_right_hand_049,right_hand,49,3,inferred_from_protocol,True,,train,run_holdout,-1
s28,s28_right_hand_050,right_hand,50,3,inferred_from_protocol,True,,train,run_holdout,-1
s28,s28_right_hand_051,right_hand,51,3,inferred_from_protocol,True,,train,run_holdout,-1
s28,s28_right_hand_052,right_hand,52,3,inferred_from_protocol,True,,train,run_holdout,-1
s28,s28_right_hand_053,right_hand,53,3,inferred_from_protocol,True,,train,run_holdout,-1
s28,s28_right_hand_054,right_hand,54,3,inferred_from_protocol,True,,train,run_holdout,-1
s28,s28_right_hand_055,right_hand,55,3,inferred_from_protocol,True,,train,run_holdout,-1
s28,s28_right_hand_056,right_hand,56,3,inferred_from_protocol,True,,train,run_holdout,-1
s28,s28_right_hand_057,right_hand,57,3,inferred_from_protocol,True,,train,run_holdout,-1
s28,s28_right_hand_058,right_hand,58,3,inferred_from_protocol,True,,train,run_holdout,-1
s28,s28_right_hand_059,right_hand,59,3,inferred_from_protocol,True,,train,run_holdout,-1
s28,s28_right_hand_060,right_hand,60,4,inferred_from_protocol,True,,val,run_holdout,-1
s28,s28_right_hand_061,right_hand,61,4,inferred_from_protocol,True,,val,run_holdout,-1
s28,s28_right_hand_062,right_hand,62,4,inferred_from_protocol,True,,val,run_holdout,-1
s28,s28_right_hand_063,right_hand,63,4,inferred_from_protocol,True,,val,run_holdout,-1
s28,s28_right_hand_064,right_hand,64,4,inferred_from_protocol,True,,val,run_holdout,-1
s28,s28_right_hand_065,right_hand,65,4,inferred_from_protocol,True,,val,run_holdout,-1
s28,s28_right_hand_066,right_hand,66,4,inferred_from_protocol,True,,val,run_holdout,-1
s28,s28_right_hand_067,right_hand,67,4,inferred_from_protocol,True,,val,run_holdout,-1
s28,s28_right_hand_068,right_hand,68,4,inferred_from_protocol,True,,val,run_holdout,-1
s28,s28_right_hand_069,right_hand,69,4,inferred_from_protocol,True,,val,run_holdout,-1
s28,s28_right_hand_070,right_hand,70,4,inferred_from_protocol,True,,val,run_holdout,-1
s28,s28_right_hand_071,right_hand,71,4,inferred_from_protocol,True,,val,run_holdout,-1
s28,s28_right_hand_072,right_hand,72,4,inferred_from_protocol,False,emg_correlation,val,run_holdout,-1
s28,s28_right_hand_073,right_hand,73,4,inferred_from_protocol,True,,val,run_holdout,-1
s28,s28_right_hand_074,right_hand,74,4,inferred_from_protocol,True,,val,run_holdout,-1
s28,s28_right_hand_075,right_hand,75,4,inferred_from_protocol,True,,val,run_holdout,-1
s28,s28_right_hand_076,right_hand,76,4,inferred_from_protocol,True,,val,run_holdout,-1
s28,s28_right_hand_077,right_hand,77,4,inferred_from_protocol,False,amplitude,val,run_holdout,-1
s28,s28_right_hand_078,right_hand,78,4,inferred_from_protocol,True,,val,run_holdout,-1
s28,s28_right_hand_079,right_hand,79,4,inferred_from_protocol,True,,val,run_holdout,-1
s28,s28_right_hand_080,right_hand,80,5,inferred_from_protocol,True,,test,run_holdout,-1
s28,s28_right_hand_081,right_hand,81,5,inferred_from_protocol,True,,test,run_holdout,-1
s28,s28_right_hand_082,right_hand,82,5,inferred_from_protocol,True,,test,run_holdout,-1
s28,s28_right_hand_083,right_hand,83,5,inferred_from_protocol,True,,test,run_holdout,-1
s28,s28_right_hand_084,right_hand,84,5,inferred_from_protocol,True,,test,run_holdout,-1
s28,s28_right_hand_085,right_hand,85,5,inferred_from_protocol,True,,test,run_holdout,-1
s28,s28_right_hand_086,right_hand,86,5,inferred_from_protocol,True,,test,run_holdout,-1
s28,s28_right_hand_087,right_hand,87,5,inferred_from_protocol,True,,test,run_holdout,-1
s28,s28_right_hand_088,right_hand,88,5,inferred_from_protocol,True,,test,run_holdout,-1
s28,s28_right_hand_089,right_hand,89,5,inferred_from_protocol,True,,test,run_holdout,-1
s28,s28_right_hand_090,right_hand,90,5,inferred_from_protocol,True,,test,run_holdout,-1
s28,s28_right_hand_091,right_hand,91,5,inferred_from_protocol,True,,test,run_holdout,-1
s28,s28_right_hand_092,right_hand,92,5,inferred_from_protocol,True,,test,run_holdout,-1
s28,s28_right_hand_093,right_hand,93,5,inferred_from_protocol,True,,test,run_holdout,-1
s28,s28_right_hand_094,right_hand,94,5,inferred_from_protocol,True,,test,run_holdout,-1
s28,s28_right_hand_095,right_hand,95,5,inferred_from_protocol,True,,test,run_holdout,-1
s28,s28_right_hand_096,right_hand,96,5,inferred_from_protocol,True,,test,run_holdout,-1
s28,s28_right_hand_097,right_hand,97,5,inferred_from_protocol,True,,test,run_holdout,-1
s28,s28_right_hand_098,right_hand,98,5,inferred_from_protocol,True,,test,run_holdout,-1
s28,s28_right_hand_099,right_hand,99,5,inferred_from_protocol,True,,test,run_holdout,-1
s30,s30_left_hand_000,left_hand,0,1,inferred_from_protocol,True,,train,run_holdout,-1
s30,s30_left_hand_001,left_hand,1,1,inferred_from_protocol,True,,train,run_holdout,-1
s30,s30_left_hand_002,left_hand,2,1,inferred_from_protocol,True,,train,run_holdout,-1
s30,s30_left_hand_003,left_hand,3,1,inferred_from_protocol,True,,train,run_holdout,-1
s30,s30_left_hand_004,left_hand,4,1,inferred_from_protocol,False,emg_correlation,train,run_holdout,-1
s30,s30_left_hand_005,left_hand,5,1,inferred_from_protocol,True,,train,run_holdout,-1
s30,s30_left_hand_006,left_hand,6,1,inferred_from_protocol,False,emg_correlation,train,run_holdout,-1
s30,s30_left_hand_007,left_hand,7,1,inferred_from_protocol,True,,train,run_holdout,-1
s30,s30_left_hand_008,left_hand,8,1,inferred_from_protocol,True,,train,run_holdout,-1
s30,s30_left_hand_009,left_hand,9,1,inferred_from_protocol,False,emg_correlation,train,run_holdout,-1
s30,s30_left_hand_010,left_hand,10,1,inferred_from_protocol,True,,train,run_holdout,-1
s30,s30_left_hand_011,left_hand,11,1,inferred_from_protocol,True,,train,run_holdout,-1
s30,s30_left_hand_012,left_hand,12,1,inferred_from_protocol,True,,train,run_holdout,-1
s30,s30_left_hand_013,left_hand,13,1,inferred_from_protocol,False,emg_correlation,train,run_holdout,-1
s30,s30_left_hand_014,left_hand,14,1,inferred_from_protocol,False,emg_correlation,train,run_holdout,-1
s30,s30_left_hand_015,left_hand,15,1,inferred_from_protocol,True,,train,run_holdout,-1
s30,s30_left_hand_016,left_hand,16,1,inferred_from_protocol,True,,train,run_holdout,-1
s30,s30_left_hand_017,left_hand,17,1,inferred_from_protocol,True,,train,run_holdout,-1
s30,s30_left_hand_018,left_hand,18,1,inferred_from_protocol,True,,train,run_holdout,-1
s30,s30_left_hand_019,left_hand,19,1,inferred_from_protocol,True,,train,run_holdout,-1
s30,s30_left_hand_020,left_hand,20,2,inferred_from_protocol,False,emg_correlation,train,run_holdout,-1
s30,s30_left_hand_021,left_hand,21,2,inferred_from_protocol,True,,train,run_holdout,-1
s30,s30_left_hand_022,left_hand,22,2,inferred_from_protocol,True,,train,run_holdout,-1
s30,s30_left_hand_023,left_hand,23,2,inferred_from_protocol,True,,train,run_holdout,-1
s30,s30_left_hand_024,left_hand,24,2,inferred_from_protocol,False,emg_correlation,train,run_holdout,-1
s30,s30_left_hand_025,left_hand,25,2,inferred_from_protocol,True,,train,run_holdout,-1
s30,s30_left_hand_026,left_hand,26,2,inferred_from_protocol,True,,train,run_holdout,-1
s30,s30_left_hand_027,left_hand,27,2,inferred_from_protocol,True,,train,run_holdout,-1
s30,s30_left_hand_028,left_hand,28,2,inferred_from_protocol,True,,train,run_holdout,-1
s30,s30_left_hand_029,left_hand,29,2,inferred_from_protocol,False,emg_correlation,train,run_holdout,-1
s30,s30_left_hand_030,left_hand,30,2,inferred_from_protocol,False,emg_correlation,train,run_holdout,-1
s30,s30_left_hand_031,left_hand,31,2,inferred_from_protocol,False,emg_correlation,train,run_holdout,-1
s30,s30_left_hand_032,left_hand,32,2,inferred_from_protocol,False,emg_correlation,train,run_holdout,-1
s30,s30_left_hand_033,left_hand,33,2,inferred_from_protocol,False,emg_correlation,train,run_holdout,-1
s30,s30_left_hand_034,left_hand,34,2,inferred_from_protocol,False,emg_correlation,train,run_holdout,-1
s30,s30_left_hand_035,left_hand,35,2,inferred_from_protocol,False,emg_correlation,train,run_holdout,-1
s30,s30_left_hand_036,left_hand,36,2,inferred_from_protocol,False,emg_correlation,train,run_holdout,-1
s30,s30_left_hand_037,left_hand,37,2,inferred_from_protocol,False,emg_correlation,train,run_holdout,-1
s30,s30_left_hand_038,left_hand,38,2,inferred_from_protocol,False,emg_correlation,train,run_holdout,-1
s30,s30_left_hand_039,left_hand,39,2,inferred_from_protocol,False,emg_correlation,train,run_holdout,-1
s30,s30_left_hand_040,left_hand,40,3,inferred_from_protocol,False,emg_correlation,train,run_holdout,-1
s30,s30_left_hand_041,left_hand,41,3,inferred_from_protocol,False,emg_correlation,train,run_holdout,-1
s30,s30_left_hand_042,left_hand,42,3,inferred_from_protocol,False,emg_correlation,train,run_holdout,-1
s30,s30_left_hand_043,left_hand,43,3,inferred_from_protocol,False,emg_correlation,train,run_holdout,-1
s30,s30_left_hand_044,left_hand,44,3,inferred_from_protocol,False,emg_correlation,train,run_holdout,-1
s30,s30_left_hand_045,left_hand,45,3,inferred_from_protocol,False,emg_correlation,train,run_holdout,-1
s30,s30_left_hand_046,left_hand,46,3,inferred_from_protocol,False,emg_correlation,train,run_holdout,-1
s30,s30_left_hand_047,left_hand,47,3,inferred_from_protocol,False,emg_correlation,train,run_holdout,-1
s30,s30_left_hand_048,left_hand,48,3,inferred_from_protocol,False,emg_correlation,train,run_holdout,-1
s30,s30_left_hand_049,left_hand,49,3,inferred_from_protocol,False,emg_correlation,train,run_holdout,-1
s30,s30_left_hand_050,left_hand,50,3,inferred_from_protocol,False,emg_correlation,train,run_holdout,-1
s30,s30_left_hand_051,left_hand,51,3,inferred_from_protocol,False,emg_correlation,train,run_holdout,-1
s30,s30_left_hand_052,left_hand,52,3,inferred_from_protocol,False,emg_correlation,train,run_holdout,-1
s30,s30_left_hand_053,left_hand,53,3,inferred_from_protocol,False,emg_correlation,train,run_holdout,-1
s30,s30_left_hand_054,left_hand,54,3,inferred_from_protocol,False,emg_correlation,train,run_holdout,-1
s30,s30_left_hand_055,left_hand,55,3,inferred_from_protocol,False,emg_correlation,train,run_holdout,-1
s30,s30_left_hand_056,left_hand,56,3,inferred_from_protocol,False,emg_correlation,train,run_holdout,-1
s30,s30_left_hand_057,left_hand,57,3,inferred_from_protocol,False,emg_correlation,train,run_holdout,-1
s30,s30_left_hand_058,left_hand,58,3,inferred_from_protocol,False,emg_correlation,train,run_holdout,-1
s30,s30_left_hand_059,left_hand,59,3,inferred_from_protocol,False,emg_correlation,train,run_holdout,-1
s30,s30_left_hand_060,left_hand,60,4,inferred_from_protocol,True,,val,run_holdout,-1
s30,s30_left_hand_061,left_hand,61,4,inferred_from_protocol,True,,val,run_holdout,-1
s30,s30_left_hand_062,left_hand,62,4,inferred_from_protocol,True,,val,run_holdout,-1
s30,s30_left_hand_063,left_hand,63,4,inferred_from_protocol,True,,val,run_holdout,-1
s30,s30_left_hand_064,left_hand,64,4,inferred_from_protocol,True,,val,run_holdout,-1
s30,s30_left_hand_065,left_hand,65,4,inferred_from_protocol,True,,val,run_holdout,-1
s30,s30_left_hand_066,left_hand,66,4,inferred_from_protocol,True,,val,run_holdout,-1
s30,s30_left_hand_067,left_hand,67,4,inferred_from_protocol,True,,val,run_holdout,-1
s30,s30_left_hand_068,left_hand,68,4,inferred_from_protocol,True,,val,run_holdout,-1
s30,s30_left_hand_069,left_hand,69,4,inferred_from_protocol,True,,val,run_holdout,-1
s30,s30_left_hand_070,left_hand,70,4,inferred_from_protocol,True,,val,run_holdout,-1
s30,s30_left_hand_071,left_hand,71,4,inferred_from_protocol,True,,val,run_holdout,-1
s30,s30_left_hand_072,left_hand,72,4,inferred_from_protocol,True,,val,run_holdout,-1
s30,s30_left_hand_073,left_hand,73,4,inferred_from_protocol,True,,val,run_holdout,-1
s30,s30_left_hand_074,left_hand,74,4,inferred_from_protocol,True,,val,run_holdout,-1
s30,s30_left_hand_075,left_hand,75,4,inferred_from_protocol,True,,val,run_holdout,-1
s30,s30_left_hand_076,left_hand,76,4,inferred_from_protocol,True,,val,run_holdout,-1
s30,s30_left_hand_077,left_hand,77,4,inferred_from_protocol,True,,val,run_holdout,-1
s30,s30_left_hand_078,left_hand,78,4,inferred_from_protocol,True,,val,run_holdout,-1
s30,s30_left_hand_079,left_hand,79,4,inferred_from_protocol,True,,val,run_holdout,-1
s30,s30_left_hand_080,left_hand,80,5,inferred_from_protocol,True,,test,run_holdout,-1
s30,s30_left_hand_081,left_hand,81,5,inferred_from_protocol,True,,test,run_holdout,-1
s30,s30_left_hand_082,left_hand,82,5,inferred_from_protocol,True,,test,run_holdout,-1
s30,s30_left_hand_083,left_hand,83,5,inferred_from_protocol,True,,test,run_holdout,-1
s30,s30_left_hand_084,left_hand,84,5,inferred_from_protocol,True,,test,run_holdout,-1
s30,s30_left_hand_085,left_hand,85,5,inferred_from_protocol,True,,test,run_holdout,-1
s30,s30_left_hand_086,left_hand,86,5,inferred_from_protocol,True,,test,run_holdout,-1
s30,s30_left_hand_087,left_hand,87,5,inferred_from_protocol,True,,test,run_holdout,-1
s30,s30_left_hand_088,left_hand,88,5,inferred_from_protocol,True,,test,run_holdout,-1
s30,s30_left_hand_089,left_hand,89,5,inferred_from_protocol,True,,test,run_holdout,-1
s30,s30_left_hand_090,left_hand,90,5,inferred_from_protocol,True,,test,run_holdout,-1
s30,s30_left_hand_091,left_hand,91,5,inferred_from_protocol,True,,test,run_holdout,-1
s30,s30_left_hand_092,left_hand,92,5,inferred_from_protocol,True,,test,run_holdout,-1
s30,s30_left_hand_093,left_hand,93,5,inferred_from_protocol,True,,test,run_holdout,-1
s30,s30_left_hand_094,left_hand,94,5,inferred_from_protocol,True,,test,run_holdout,-1
s30,s30_left_hand_095,left_hand,95,5,inferred_from_protocol,True,,test,run_holdout,-1
s30,s30_left_hand_096,left_hand,96,5,inferred_from_protocol,True,,test,run_holdout,-1
s30,s30_left_hand_097,left_hand,97,5,inferred_from_protocol,True,,test,run_holdout,-1
s30,s30_left_hand_098,left_hand,98,5,inferred_from_protocol,True,,test,run_holdout,-1
s30,s30_left_hand_099,left_hand,99,5,inferred_from_protocol,True,,test,run_holdout,-1
s30,s30_right_hand_000,right_hand,0,1,inferred_from_protocol,True,,train,run_holdout,-1
s30,s30_right_hand_001,right_hand,1,1,inferred_from_protocol,True,,train,run_holdout,-1
s30,s30_right_hand_002,right_hand,2,1,inferred_from_protocol,True,,train,run_holdout,-1
s30,s30_right_hand_003,right_hand,3,1,inferred_from_protocol,True,,train,run_holdout,-1
s30,s30_right_hand_004,right_hand,4,1,inferred_from_protocol,True,,train,run_holdout,-1
s30,s30_right_hand_005,right_hand,5,1,inferred_from_protocol,True,,train,run_holdout,-1
s30,s30_right_hand_006,right_hand,6,1,inferred_from_protocol,True,,train,run_holdout,-1
s30,s30_right_hand_007,right_hand,7,1,inferred_from_protocol,True,,train,run_holdout,-1
s30,s30_right_hand_008,right_hand,8,1,inferred_from_protocol,True,,train,run_holdout,-1
s30,s30_right_hand_009,right_hand,9,1,inferred_from_protocol,False,emg_correlation,train,run_holdout,-1
s30,s30_right_hand_010,right_hand,10,1,inferred_from_protocol,False,emg_correlation,train,run_holdout,-1
s30,s30_right_hand_011,right_hand,11,1,inferred_from_protocol,True,,train,run_holdout,-1
s30,s30_right_hand_012,right_hand,12,1,inferred_from_protocol,True,,train,run_holdout,-1
s30,s30_right_hand_013,right_hand,13,1,inferred_from_protocol,True,,train,run_holdout,-1
s30,s30_right_hand_014,right_hand,14,1,inferred_from_protocol,True,,train,run_holdout,-1
s30,s30_right_hand_015,right_hand,15,1,inferred_from_protocol,True,,train,run_holdout,-1
s30,s30_right_hand_016,right_hand,16,1,inferred_from_protocol,True,,train,run_holdout,-1
s30,s30_right_hand_017,right_hand,17,1,inferred_from_protocol,True,,train,run_holdout,-1
s30,s30_right_hand_018,right_hand,18,1,inferred_from_protocol,True,,train,run_holdout,-1
s30,s30_right_hand_019,right_hand,19,1,inferred_from_protocol,True,,train,run_holdout,-1
s30,s30_right_hand_020,right_hand,20,2,inferred_from_protocol,True,,train,run_holdout,-1
s30,s30_right_hand_021,right_hand,21,2,inferred_from_protocol,False,emg_correlation,train,run_holdout,-1
s30,s30_right_hand_022,right_hand,22,2,inferred_from_protocol,True,,train,run_holdout,-1
s30,s30_right_hand_023,right_hand,23,2,inferred_from_protocol,True,,train,run_holdout,-1
s30,s30_right_hand_024,right_hand,24,2,inferred_from_protocol,True,,train,run_holdout,-1
s30,s30_right_hand_025,right_hand,25,2,inferred_from_protocol,False,emg_correlation,train,run_holdout,-1
s30,s30_right_hand_026,right_hand,26,2,inferred_from_protocol,False,emg_correlation,train,run_holdout,-1
s30,s30_right_hand_027,right_hand,27,2,inferred_from_protocol,False,emg_correlation,train,run_holdout,-1
s30,s30_right_hand_028,right_hand,28,2,inferred_from_protocol,False,emg_correlation,train,run_holdout,-1
s30,s30_right_hand_029,right_hand,29,2,inferred_from_protocol,False,emg_correlation,train,run_holdout,-1
s30,s30_right_hand_030,right_hand,30,2,inferred_from_protocol,False,emg_correlation,train,run_holdout,-1
s30,s30_right_hand_031,right_hand,31,2,inferred_from_protocol,False,emg_correlation,train,run_holdout,-1
s30,s30_right_hand_032,right_hand,32,2,inferred_from_protocol,False,emg_correlation,train,run_holdout,-1
s30,s30_right_hand_033,right_hand,33,2,inferred_from_protocol,False,emg_correlation,train,run_holdout,-1
s30,s30_right_hand_034,right_hand,34,2,inferred_from_protocol,False,emg_correlation,train,run_holdout,-1
s30,s30_right_hand_035,right_hand,35,2,inferred_from_protocol,False,emg_correlation,train,run_holdout,-1
s30,s30_right_hand_036,right_hand,36,2,inferred_from_protocol,False,emg_correlation,train,run_holdout,-1
s30,s30_right_hand_037,right_hand,37,2,inferred_from_protocol,False,emg_correlation,train,run_holdout,-1
s30,s30_right_hand_038,right_hand,38,2,inferred_from_protocol,False,emg_correlation,train,run_holdout,-1
s30,s30_right_hand_039,right_hand,39,2,inferred_from_protocol,False,emg_correlation,train,run_holdout,-1
s30,s30_right_hand_040,right_hand,40,3,inferred_from_protocol,False,emg_correlation,train,run_holdout,-1
s30,s30_right_hand_041,right_hand,41,3,inferred_from_protocol,False,emg_correlation,train,run_holdout,-1
s30,s30_right_hand_042,right_hand,42,3,inferred_from_protocol,False,emg_correlation,train,run_holdout,-1
s30,s30_right_hand_043,right_hand,43,3,inferred_from_protocol,False,emg_correlation,train,run_holdout,-1
s30,s30_right_hand_044,right_hand,44,3,inferred_from_protocol,False,emg_correlation,train,run_holdout,-1
s30,s30_right_hand_045,right_hand,45,3,inferred_from_protocol,False,emg_correlation,train,run_holdout,-1
s30,s30_right_hand_046,right_hand,46,3,inferred_from_protocol,False,emg_correlation,train,run_holdout,-1
s30,s30_right_hand_047,right_hand,47,3,inferred_from_protocol,False,emg_correlation,train,run_holdout,-1
s30,s30_right_hand_048,right_hand,48,3,inferred_from_protocol,False,emg_correlation,train,run_holdout,-1
s30,s30_right_hand_049,right_hand,49,3,inferred_from_protocol,False,emg_correlation,train,run_holdout,-1
s30,s30_right_hand_050,right_hand,50,3,inferred_from_protocol,False,emg_correlation,train,run_holdout,-1
s30,s30_right_hand_051,right_hand,51,3,inferred_from_protocol,False,emg_correlation,train,run_holdout,-1
s30,s30_right_hand_052,right_hand,52,3,inferred_from_protocol,False,emg_correlation,train,run_holdout,-1
s30,s30_right_hand_053,right_hand,53,3,inferred_from_protocol,False,emg_correlation,train,run_holdout,-1
s30,s30_right_hand_054,right_hand,54,3,inferred_from_protocol,False,emg_correlation,train,run_holdout,-1
s30,s30_right_hand_055,right_hand,55,3,inferred_from_protocol,False,emg_correlation,train,run_holdout,-1
s30,s30_right_hand_056,right_hand,56,3,inferred_from_protocol,False,emg_correlation,train,run_holdout,-1
s30,s30_right_hand_057,right_hand,57,3,inferred_from_protocol,False,emg_correlation,train,run_holdout,-1
s30,s30_right_hand_058,right_hand,58,3,inferred_from_protocol,False,emg_correlation,train,run_holdout,-1
s30,s30_right_hand_059,right_hand,59,3,inferred_from_protocol,False,emg_correlation,train,run_holdout,-1
s30,s30_right_hand_060,right_hand,60,4,inferred_from_protocol,False,emg_correlation,val,run_holdout,-1
s30,s30_right_hand_061,right_hand,61,4,inferred_from_protocol,True,,val,run_holdout,-1
s30,s30_right_hand_062,right_hand,62,4,inferred_from_protocol,False,emg_correlation,val,run_holdout,-1
s30,s30_right_hand_063,right_hand,63,4,inferred_from_protocol,True,,val,run_holdout,-1
s30,s30_right_hand_064,right_hand,64,4,inferred_from_protocol,True,,val,run_holdout,-1
s30,s30_right_hand_065,right_hand,65,4,inferred_from_protocol,True,,val,run_holdout,-1
s30,s30_right_hand_066,right_hand,66,4,inferred_from_protocol,True,,val,run_holdout,-1
s30,s30_right_hand_067,right_hand,67,4,inferred_from_protocol,True,,val,run_holdout,-1
s30,s30_right_hand_068,right_hand,68,4,inferred_from_protocol,True,,val,run_holdout,-1
s30,s30_right_hand_069,right_hand,69,4,inferred_from_protocol,True,,val,run_holdout,-1
s30,s30_right_hand_070,right_hand,70,4,inferred_from_protocol,True,,val,run_holdout,-1
s30,s30_right_hand_071,right_hand,71,4,inferred_from_protocol,True,,val,run_holdout,-1
s30,s30_right_hand_072,right_hand,72,4,inferred_from_protocol,True,,val,run_holdout,-1
s30,s30_right_hand_073,right_hand,73,4,inferred_from_protocol,True,,val,run_holdout,-1
s30,s30_right_hand_074,right_hand,74,4,inferred_from_protocol,True,,val,run_holdout,-1
s30,s30_right_hand_075,right_hand,75,4,inferred_from_protocol,True,,val,run_holdout,-1
s30,s30_right_hand_076,right_hand,76,4,inferred_from_protocol,True,,val,run_holdout,-1
s30,s30_right_hand_077,right_hand,77,4,inferred_from_protocol,True,,val,run_holdout,-1
s30,s30_right_hand_078,right_hand,78,4,inferred_from_protocol,True,,val,run_holdout,-1
s30,s30_right_hand_079,right_hand,79,4,inferred_from_protocol,True,,val,run_holdout,-1
s30,s30_right_hand_080,right_hand,80,5,inferred_from_protocol,True,,test,run_holdout,-1
s30,s30_right_hand_081,right_hand,81,5,inferred_from_protocol,True,,test,run_holdout,-1
s30,s30_right_hand_082,right_hand,82,5,inferred_from_protocol,True,,test,run_holdout,-1
s30,s30_right_hand_083,right_hand,83,5,inferred_from_protocol,True,,test,run_holdout,-1
s30,s30_right_hand_084,right_hand,84,5,inferred_from_protocol,True,,test,run_holdout,-1
s30,s30_right_hand_085,right_hand,85,5,inferred_from_protocol,True,,test,run_holdout,-1
s30,s30_right_hand_086,right_hand,86,5,inferred_from_protocol,True,,test,run_holdout,-1
s30,s30_right_hand_087,right_hand,87,5,inferred_from_protocol,True,,test,run_holdout,-1
s30,s30_right_hand_088,right_hand,88,5,inferred_from_protocol,True,,test,run_holdout,-1
s30,s30_right_hand_089,right_hand,89,5,inferred_from_protocol,True,,test,run_holdout,-1
s30,s30_right_hand_090,right_hand,90,5,inferred_from_protocol,True,,test,run_holdout,-1
s30,s30_right_hand_091,right_hand,91,5,inferred_from_protocol,True,,test,run_holdout,-1
s30,s30_right_hand_092,right_hand,92,5,inferred_from_protocol,True,,test,run_holdout,-1
s30,s30_right_hand_093,right_hand,93,5,inferred_from_protocol,True,,test,run_holdout,-1
s30,s30_right_hand_094,right_hand,94,5,inferred_from_protocol,True,,test,run_holdout,-1
s30,s30_right_hand_095,right_hand,95,5,inferred_from_protocol,True,,test,run_holdout,-1
s30,s30_right_hand_096,right_hand,96,5,inferred_from_protocol,True,,test,run_holdout,-1
s30,s30_right_hand_097,right_hand,97,5,inferred_from_protocol,True,,test,run_holdout,-1
s30,s30_right_hand_098,right_hand,98,5,inferred_from_protocol,True,,test,run_holdout,-1
s30,s30_right_hand_099,right_hand,99,5,inferred_from_protocol,True,,test,run_holdout,-1
s31,s31_left_hand_000,left_hand,0,1,inferred_from_protocol,True,,train,run_holdout,-1
s31,s31_left_hand_001,left_hand,1,1,inferred_from_protocol,True,,train,run_holdout,-1
s31,s31_left_hand_002,left_hand,2,1,inferred_from_protocol,True,,train,run_holdout,-1
s31,s31_left_hand_003,left_hand,3,1,inferred_from_protocol,True,,train,run_holdout,-1
s31,s31_left_hand_004,left_hand,4,1,inferred_from_protocol,True,,train,run_holdout,-1
s31,s31_left_hand_005,left_hand,5,1,inferred_from_protocol,True,,train,run_holdout,-1
s31,s31_left_hand_006,left_hand,6,1,inferred_from_protocol,True,,train,run_holdout,-1
s31,s31_left_hand_007,left_hand,7,1,inferred_from_protocol,True,,train,run_holdout,-1
s31,s31_left_hand_008,left_hand,8,1,inferred_from_protocol,True,,train,run_holdout,-1
s31,s31_left_hand_009,left_hand,9,1,inferred_from_protocol,True,,train,run_holdout,-1
s31,s31_left_hand_010,left_hand,10,1,inferred_from_protocol,True,,train,run_holdout,-1
s31,s31_left_hand_011,left_hand,11,1,inferred_from_protocol,True,,train,run_holdout,-1
s31,s31_left_hand_012,left_hand,12,1,inferred_from_protocol,True,,train,run_holdout,-1
s31,s31_left_hand_013,left_hand,13,1,inferred_from_protocol,True,,train,run_holdout,-1
s31,s31_left_hand_014,left_hand,14,1,inferred_from_protocol,True,,train,run_holdout,-1
s31,s31_left_hand_015,left_hand,15,1,inferred_from_protocol,False,emg_correlation,train,run_holdout,-1
s31,s31_left_hand_016,left_hand,16,1,inferred_from_protocol,True,,train,run_holdout,-1
s31,s31_left_hand_017,left_hand,17,1,inferred_from_protocol,True,,train,run_holdout,-1
s31,s31_left_hand_018,left_hand,18,1,inferred_from_protocol,True,,train,run_holdout,-1
s31,s31_left_hand_019,left_hand,19,1,inferred_from_protocol,True,,train,run_holdout,-1
s31,s31_left_hand_020,left_hand,20,2,inferred_from_protocol,True,,train,run_holdout,-1
s31,s31_left_hand_021,left_hand,21,2,inferred_from_protocol,True,,train,run_holdout,-1
s31,s31_left_hand_022,left_hand,22,2,inferred_from_protocol,True,,train,run_holdout,-1
s31,s31_left_hand_023,left_hand,23,2,inferred_from_protocol,True,,train,run_holdout,-1
s31,s31_left_hand_024,left_hand,24,2,inferred_from_protocol,True,,train,run_holdout,-1
s31,s31_left_hand_025,left_hand,25,2,inferred_from_protocol,True,,train,run_holdout,-1
s31,s31_left_hand_026,left_hand,26,2,inferred_from_protocol,True,,train,run_holdout,-1
s31,s31_left_hand_027,left_hand,27,2,inferred_from_protocol,True,,train,run_holdout,-1
s31,s31_left_hand_028,left_hand,28,2,inferred_from_protocol,True,,train,run_holdout,-1
s31,s31_left_hand_029,left_hand,29,2,inferred_from_protocol,True,,train,run_holdout,-1
s31,s31_left_hand_030,left_hand,30,2,inferred_from_protocol,True,,train,run_holdout,-1
s31,s31_left_hand_031,left_hand,31,2,inferred_from_protocol,True,,train,run_holdout,-1
s31,s31_left_hand_032,left_hand,32,2,inferred_from_protocol,True,,train,run_holdout,-1
s31,s31_left_hand_033,left_hand,33,2,inferred_from_protocol,True,,train,run_holdout,-1
s31,s31_left_hand_034,left_hand,34,2,inferred_from_protocol,True,,train,run_holdout,-1
s31,s31_left_hand_035,left_hand,35,2,inferred_from_protocol,True,,train,run_holdout,-1
s31,s31_left_hand_036,left_hand,36,2,inferred_from_protocol,True,,train,run_holdout,-1
s31,s31_left_hand_037,left_hand,37,2,inferred_from_protocol,True,,train,run_holdout,-1
s31,s31_left_hand_038,left_hand,38,2,inferred_from_protocol,True,,train,run_holdout,-1
s31,s31_left_hand_039,left_hand,39,2,inferred_from_protocol,True,,train,run_holdout,-1
s31,s31_left_hand_040,left_hand,40,3,inferred_from_protocol,True,,train,run_holdout,-1
s31,s31_left_hand_041,left_hand,41,3,inferred_from_protocol,True,,train,run_holdout,-1
s31,s31_left_hand_042,left_hand,42,3,inferred_from_protocol,True,,train,run_holdout,-1
s31,s31_left_hand_043,left_hand,43,3,inferred_from_protocol,True,,train,run_holdout,-1
s31,s31_left_hand_044,left_hand,44,3,inferred_from_protocol,True,,train,run_holdout,-1
s31,s31_left_hand_045,left_hand,45,3,inferred_from_protocol,True,,train,run_holdout,-1
s31,s31_left_hand_046,left_hand,46,3,inferred_from_protocol,True,,train,run_holdout,-1
s31,s31_left_hand_047,left_hand,47,3,inferred_from_protocol,True,,train,run_holdout,-1
s31,s31_left_hand_048,left_hand,48,3,inferred_from_protocol,True,,train,run_holdout,-1
s31,s31_left_hand_049,left_hand,49,3,inferred_from_protocol,True,,train,run_holdout,-1
s31,s31_left_hand_050,left_hand,50,3,inferred_from_protocol,True,,train,run_holdout,-1
s31,s31_left_hand_051,left_hand,51,3,inferred_from_protocol,True,,train,run_holdout,-1
s31,s31_left_hand_052,left_hand,52,3,inferred_from_protocol,True,,train,run_holdout,-1
s31,s31_left_hand_053,left_hand,53,3,inferred_from_protocol,True,,train,run_holdout,-1
s31,s31_left_hand_054,left_hand,54,3,inferred_from_protocol,True,,train,run_holdout,-1
s31,s31_left_hand_055,left_hand,55,3,inferred_from_protocol,True,,train,run_holdout,-1
s31,s31_left_hand_056,left_hand,56,3,inferred_from_protocol,True,,train,run_holdout,-1
s31,s31_left_hand_057,left_hand,57,3,inferred_from_protocol,True,,train,run_holdout,-1
s31,s31_left_hand_058,left_hand,58,3,inferred_from_protocol,True,,train,run_holdout,-1
s31,s31_left_hand_059,left_hand,59,3,inferred_from_protocol,True,,train,run_holdout,-1
s31,s31_left_hand_060,left_hand,60,4,inferred_from_protocol,True,,val,run_holdout,-1
s31,s31_left_hand_061,left_hand,61,4,inferred_from_protocol,True,,val,run_holdout,-1
s31,s31_left_hand_062,left_hand,62,4,inferred_from_protocol,True,,val,run_holdout,-1
s31,s31_left_hand_063,left_hand,63,4,inferred_from_protocol,True,,val,run_holdout,-1
s31,s31_left_hand_064,left_hand,64,4,inferred_from_protocol,True,,val,run_holdout,-1
s31,s31_left_hand_065,left_hand,65,4,inferred_from_protocol,True,,val,run_holdout,-1
s31,s31_left_hand_066,left_hand,66,4,inferred_from_protocol,True,,val,run_holdout,-1
s31,s31_left_hand_067,left_hand,67,4,inferred_from_protocol,True,,val,run_holdout,-1
s31,s31_left_hand_068,left_hand,68,4,inferred_from_protocol,True,,val,run_holdout,-1
s31,s31_left_hand_069,left_hand,69,4,inferred_from_protocol,True,,val,run_holdout,-1
s31,s31_left_hand_070,left_hand,70,4,inferred_from_protocol,True,,val,run_holdout,-1
s31,s31_left_hand_071,left_hand,71,4,inferred_from_protocol,True,,val,run_holdout,-1
s31,s31_left_hand_072,left_hand,72,4,inferred_from_protocol,True,,val,run_holdout,-1
s31,s31_left_hand_073,left_hand,73,4,inferred_from_protocol,True,,val,run_holdout,-1
s31,s31_left_hand_074,left_hand,74,4,inferred_from_protocol,True,,val,run_holdout,-1
s31,s31_left_hand_075,left_hand,75,4,inferred_from_protocol,True,,val,run_holdout,-1
s31,s31_left_hand_076,left_hand,76,4,inferred_from_protocol,True,,val,run_holdout,-1
s31,s31_left_hand_077,left_hand,77,4,inferred_from_protocol,True,,val,run_holdout,-1
s31,s31_left_hand_078,left_hand,78,4,inferred_from_protocol,True,,val,run_holdout,-1
s31,s31_left_hand_079,left_hand,79,4,inferred_from_protocol,True,,val,run_holdout,-1
s31,s31_left_hand_080,left_hand,80,5,inferred_from_protocol,True,,test,run_holdout,-1
s31,s31_left_hand_081,left_hand,81,5,inferred_from_protocol,True,,test,run_holdout,-1
s31,s31_left_hand_082,left_hand,82,5,inferred_from_protocol,True,,test,run_holdout,-1
s31,s31_left_hand_083,left_hand,83,5,inferred_from_protocol,True,,test,run_holdout,-1
s31,s31_left_hand_084,left_hand,84,5,inferred_from_protocol,True,,test,run_holdout,-1
s31,s31_left_hand_085,left_hand,85,5,inferred_from_protocol,True,,test,run_holdout,-1
s31,s31_left_hand_086,left_hand,86,5,inferred_from_protocol,True,,test,run_holdout,-1
s31,s31_left_hand_087,left_hand,87,5,inferred_from_protocol,True,,test,run_holdout,-1
s31,s31_left_hand_088,left_hand,88,5,inferred_from_protocol,True,,test,run_holdout,-1
s31,s31_left_hand_089,left_hand,89,5,inferred_from_protocol,True,,test,run_holdout,-1
s31,s31_left_hand_090,left_hand,90,5,inferred_from_protocol,True,,test,run_holdout,-1
s31,s31_left_hand_091,left_hand,91,5,inferred_from_protocol,True,,test,run_holdout,-1
s31,s31_left_hand_092,left_hand,92,5,inferred_from_protocol,True,,test,run_holdout,-1
s31,s31_left_hand_093,left_hand,93,5,inferred_from_protocol,True,,test,run_holdout,-1
s31,s31_left_hand_094,left_hand,94,5,inferred_from_protocol,True,,test,run_holdout,-1
s31,s31_left_hand_095,left_hand,95,5,inferred_from_protocol,True,,test,run_holdout,-1
s31,s31_left_hand_096,left_hand,96,5,inferred_from_protocol,True,,test,run_holdout,-1
s31,s31_left_hand_097,left_hand,97,5,inferred_from_protocol,True,,test,run_holdout,-1
s31,s31_left_hand_098,left_hand,98,5,inferred_from_protocol,True,,test,run_holdout,-1
s31,s31_left_hand_099,left_hand,99,5,inferred_from_protocol,True,,test,run_holdout,-1
s31,s31_right_hand_000,right_hand,0,1,inferred_from_protocol,True,,train,run_holdout,-1
s31,s31_right_hand_001,right_hand,1,1,inferred_from_protocol,True,,train,run_holdout,-1
s31,s31_right_hand_002,right_hand,2,1,inferred_from_protocol,True,,train,run_holdout,-1
s31,s31_right_hand_003,right_hand,3,1,inferred_from_protocol,True,,train,run_holdout,-1
s31,s31_right_hand_004,right_hand,4,1,inferred_from_protocol,True,,train,run_holdout,-1
s31,s31_right_hand_005,right_hand,5,1,inferred_from_protocol,True,,train,run_holdout,-1
s31,s31_right_hand_006,right_hand,6,1,inferred_from_protocol,True,,train,run_holdout,-1
s31,s31_right_hand_007,right_hand,7,1,inferred_from_protocol,True,,train,run_holdout,-1
s31,s31_right_hand_008,right_hand,8,1,inferred_from_protocol,True,,train,run_holdout,-1
s31,s31_right_hand_009,right_hand,9,1,inferred_from_protocol,True,,train,run_holdout,-1
s31,s31_right_hand_010,right_hand,10,1,inferred_from_protocol,True,,train,run_holdout,-1
s31,s31_right_hand_011,right_hand,11,1,inferred_from_protocol,True,,train,run_holdout,-1
s31,s31_right_hand_012,right_hand,12,1,inferred_from_protocol,True,,train,run_holdout,-1
s31,s31_right_hand_013,right_hand,13,1,inferred_from_protocol,True,,train,run_holdout,-1
s31,s31_right_hand_014,right_hand,14,1,inferred_from_protocol,True,,train,run_holdout,-1
s31,s31_right_hand_015,right_hand,15,1,inferred_from_protocol,True,,train,run_holdout,-1
s31,s31_right_hand_016,right_hand,16,1,inferred_from_protocol,True,,train,run_holdout,-1
s31,s31_right_hand_017,right_hand,17,1,inferred_from_protocol,True,,train,run_holdout,-1
s31,s31_right_hand_018,right_hand,18,1,inferred_from_protocol,True,,train,run_holdout,-1
s31,s31_right_hand_019,right_hand,19,1,inferred_from_protocol,True,,train,run_holdout,-1
s31,s31_right_hand_020,right_hand,20,2,inferred_from_protocol,True,,train,run_holdout,-1
s31,s31_right_hand_021,right_hand,21,2,inferred_from_protocol,True,,train,run_holdout,-1
s31,s31_right_hand_022,right_hand,22,2,inferred_from_protocol,True,,train,run_holdout,-1
s31,s31_right_hand_023,right_hand,23,2,inferred_from_protocol,True,,train,run_holdout,-1
s31,s31_right_hand_024,right_hand,24,2,inferred_from_protocol,True,,train,run_holdout,-1
s31,s31_right_hand_025,right_hand,25,2,inferred_from_protocol,True,,train,run_holdout,-1
s31,s31_right_hand_026,right_hand,26,2,inferred_from_protocol,True,,train,run_holdout,-1
s31,s31_right_hand_027,right_hand,27,2,inferred_from_protocol,True,,train,run_holdout,-1
s31,s31_right_hand_028,right_hand,28,2,inferred_from_protocol,True,,train,run_holdout,-1
s31,s31_right_hand_029,right_hand,29,2,inferred_from_protocol,True,,train,run_holdout,-1
s31,s31_right_hand_030,right_hand,30,2,inferred_from_protocol,True,,train,run_holdout,-1
s31,s31_right_hand_031,right_hand,31,2,inferred_from_protocol,True,,train,run_holdout,-1
s31,s31_right_hand_032,right_hand,32,2,inferred_from_protocol,True,,train,run_holdout,-1
s31,s31_right_hand_033,right_hand,33,2,inferred_from_protocol,True,,train,run_holdout,-1
s31,s31_right_hand_034,right_hand,34,2,inferred_from_protocol,True,,train,run_holdout,-1
s31,s31_right_hand_035,right_hand,35,2,inferred_from_protocol,True,,train,run_holdout,-1
s31,s31_right_hand_036,right_hand,36,2,inferred_from_protocol,True,,train,run_holdout,-1
s31,s31_right_hand_037,right_hand,37,2,inferred_from_protocol,True,,train,run_holdout,-1
s31,s31_right_hand_038,right_hand,38,2,inferred_from_protocol,True,,train,run_holdout,-1
s31,s31_right_hand_039,right_hand,39,2,inferred_from_protocol,True,,train,run_holdout,-1
s31,s31_right_hand_040,right_hand,40,3,inferred_from_protocol,True,,train,run_holdout,-1
s31,s31_right_hand_041,right_hand,41,3,inferred_from_protocol,True,,train,run_holdout,-1
s31,s31_right_hand_042,right_hand,42,3,inferred_from_protocol,True,,train,run_holdout,-1
s31,s31_right_hand_043,right_hand,43,3,inferred_from_protocol,True,,train,run_holdout,-1
s31,s31_right_hand_044,right_hand,44,3,inferred_from_protocol,True,,train,run_holdout,-1
s31,s31_right_hand_045,right_hand,45,3,inferred_from_protocol,True,,train,run_holdout,-1
s31,s31_right_hand_046,right_hand,46,3,inferred_from_protocol,True,,train,run_holdout,-1
s31,s31_right_hand_047,right_hand,47,3,inferred_from_protocol,True,,train,run_holdout,-1
s31,s31_right_hand_048,right_hand,48,3,inferred_from_protocol,True,,train,run_holdout,-1
s31,s31_right_hand_049,right_hand,49,3,inferred_from_protocol,True,,train,run_holdout,-1
s31,s31_right_hand_050,right_hand,50,3,inferred_from_protocol,True,,train,run_holdout,-1
s31,s31_right_hand_051,right_hand,51,3,inferred_from_protocol,True,,train,run_holdout,-1
s31,s31_right_hand_052,right_hand,52,3,inferred_from_protocol,True,,train,run_holdout,-1
s31,s31_right_hand_053,right_hand,53,3,inferred_from_protocol,True,,train,run_holdout,-1
s31,s31_right_hand_054,right_hand,54,3,inferred_from_protocol,True,,train,run_holdout,-1
s31,s31_right_hand_055,right_hand,55,3,inferred_from_protocol,True,,train,run_holdout,-1
s31,s31_right_hand_056,right_hand,56,3,inferred_from_protocol,True,,train,run_holdout,-1
s31,s31_right_hand_057,right_hand,57,3,inferred_from_protocol,True,,train,run_holdout,-1
s31,s31_right_hand_058,right_hand,58,3,inferred_from_protocol,True,,train,run_holdout,-1
s31,s31_right_hand_059,right_hand,59,3,inferred_from_protocol,True,,train,run_holdout,-1
s31,s31_right_hand_060,right_hand,60,4,inferred_from_protocol,True,,val,run_holdout,-1
s31,s31_right_hand_061,right_hand,61,4,inferred_from_protocol,True,,val,run_holdout,-1
s31,s31_right_hand_062,right_hand,62,4,inferred_from_protocol,True,,val,run_holdout,-1
s31,s31_right_hand_063,right_hand,63,4,inferred_from_protocol,True,,val,run_holdout,-1
s31,s31_right_hand_064,right_hand,64,4,inferred_from_protocol,True,,val,run_holdout,-1
s31,s31_right_hand_065,right_hand,65,4,inferred_from_protocol,True,,val,run_holdout,-1
s31,s31_right_hand_066,right_hand,66,4,inferred_from_protocol,True,,val,run_holdout,-1
s31,s31_right_hand_067,right_hand,67,4,inferred_from_protocol,True,,val,run_holdout,-1
s31,s31_right_hand_068,right_hand,68,4,inferred_from_protocol,True,,val,run_holdout,-1
s31,s31_right_hand_069,right_hand,69,4,inferred_from_protocol,True,,val,run_holdout,-1
s31,s31_right_hand_070,right_hand,70,4,inferred_from_protocol,True,,val,run_holdout,-1
s31,s31_right_hand_071,right_hand,71,4,inferred_from_protocol,True,,val,run_holdout,-1
s31,s31_right_hand_072,right_hand,72,4,inferred_from_protocol,True,,val,run_holdout,-1
s31,s31_right_hand_073,right_hand,73,4,inferred_from_protocol,True,,val,run_holdout,-1
s31,s31_right_hand_074,right_hand,74,4,inferred_from_protocol,True,,val,run_holdout,-1
s31,s31_right_hand_075,right_hand,75,4,inferred_from_protocol,True,,val,run_holdout,-1
s31,s31_right_hand_076,right_hand,76,4,inferred_from_protocol,True,,val,run_holdout,-1
s31,s31_right_hand_077,right_hand,77,4,inferred_from_protocol,True,,val,run_holdout,-1
s31,s31_right_hand_078,right_hand,78,4,inferred_from_protocol,True,,val,run_holdout,-1
s31,s31_right_hand_079,right_hand,79,4,inferred_from_protocol,True,,val,run_holdout,-1
s31,s31_right_hand_080,right_hand,80,5,inferred_from_protocol,True,,test,run_holdout,-1
s31,s31_right_hand_081,right_hand,81,5,inferred_from_protocol,True,,test,run_holdout,-1
s31,s31_right_hand_082,right_hand,82,5,inferred_from_protocol,True,,test,run_holdout,-1
s31,s31_right_hand_083,right_hand,83,5,inferred_from_protocol,True,,test,run_holdout,-1
s31,s31_right_hand_084,right_hand,84,5,inferred_from_protocol,True,,test,run_holdout,-1
s31,s31_right_hand_085,right_hand,85,5,inferred_from_protocol,True,,test,run_holdout,-1
s31,s31_right_hand_086,right_hand,86,5,inferred_from_protocol,True,,test,run_holdout,-1
s31,s31_right_hand_087,right_hand,87,5,inferred_from_protocol,True,,test,run_holdout,-1
s31,s31_right_hand_088,right_hand,88,5,inferred_from_protocol,True,,test,run_holdout,-1
s31,s31_right_hand_089,right_hand,89,5,inferred_from_protocol,True,,test,run_holdout,-1
s31,s31_right_hand_090,right_hand,90,5,inferred_from_protocol,True,,test,run_holdout,-1
s31,s31_right_hand_091,right_hand,91,5,inferred_from_protocol,True,,test,run_holdout,-1
s31,s31_right_hand_092,right_hand,92,5,inferred_from_protocol,True,,test,run_holdout,-1
s31,s31_right_hand_093,right_hand,93,5,inferred_from_protocol,True,,test,run_holdout,-1
s31,s31_right_hand_094,right_hand,94,5,inferred_from_protocol,True,,test,run_holdout,-1
s31,s31_right_hand_095,right_hand,95,5,inferred_from_protocol,True,,test,run_holdout,-1
s31,s31_right_hand_096,right_hand,96,5,inferred_from_protocol,True,,test,run_holdout,-1
s31,s31_right_hand_097,right_hand,97,5,inferred_from_protocol,True,,test,run_holdout,-1
s31,s31_right_hand_098,right_hand,98,5,inferred_from_protocol,True,,test,run_holdout,-1
s31,s31_right_hand_099,right_hand,99,5,inferred_from_protocol,True,,test,run_holdout,-1
s32,s32_left_hand_000,left_hand,0,1,inferred_from_protocol,True,,train,run_holdout,-1
s32,s32_left_hand_001,left_hand,1,1,inferred_from_protocol,True,,train,run_holdout,-1
s32,s32_left_hand_002,left_hand,2,1,inferred_from_protocol,True,,train,run_holdout,-1
s32,s32_left_hand_003,left_hand,3,1,inferred_from_protocol,True,,train,run_holdout,-1
s32,s32_left_hand_004,left_hand,4,1,inferred_from_protocol,True,,train,run_holdout,-1
s32,s32_left_hand_005,left_hand,5,1,inferred_from_protocol,True,,train,run_holdout,-1
s32,s32_left_hand_006,left_hand,6,1,inferred_from_protocol,True,,train,run_holdout,-1
s32,s32_left_hand_007,left_hand,7,1,inferred_from_protocol,True,,train,run_holdout,-1
s32,s32_left_hand_008,left_hand,8,1,inferred_from_protocol,True,,train,run_holdout,-1
s32,s32_left_hand_009,left_hand,9,1,inferred_from_protocol,True,,train,run_holdout,-1
s32,s32_left_hand_010,left_hand,10,1,inferred_from_protocol,True,,train,run_holdout,-1
s32,s32_left_hand_011,left_hand,11,1,inferred_from_protocol,True,,train,run_holdout,-1
s32,s32_left_hand_012,left_hand,12,1,inferred_from_protocol,True,,train,run_holdout,-1
s32,s32_left_hand_013,left_hand,13,1,inferred_from_protocol,True,,train,run_holdout,-1
s32,s32_left_hand_014,left_hand,14,1,inferred_from_protocol,True,,train,run_holdout,-1
s32,s32_left_hand_015,left_hand,15,1,inferred_from_protocol,True,,train,run_holdout,-1
s32,s32_left_hand_016,left_hand,16,1,inferred_from_protocol,True,,train,run_holdout,-1
s32,s32_left_hand_017,left_hand,17,1,inferred_from_protocol,True,,train,run_holdout,-1
s32,s32_left_hand_018,left_hand,18,1,inferred_from_protocol,True,,train,run_holdout,-1
s32,s32_left_hand_019,left_hand,19,1,inferred_from_protocol,True,,train,run_holdout,-1
s32,s32_left_hand_020,left_hand,20,2,inferred_from_protocol,True,,train,run_holdout,-1
s32,s32_left_hand_021,left_hand,21,2,inferred_from_protocol,True,,train,run_holdout,-1
s32,s32_left_hand_022,left_hand,22,2,inferred_from_protocol,True,,train,run_holdout,-1
s32,s32_left_hand_023,left_hand,23,2,inferred_from_protocol,True,,train,run_holdout,-1
s32,s32_left_hand_024,left_hand,24,2,inferred_from_protocol,True,,train,run_holdout,-1
s32,s32_left_hand_025,left_hand,25,2,inferred_from_protocol,True,,train,run_holdout,-1
s32,s32_left_hand_026,left_hand,26,2,inferred_from_protocol,True,,train,run_holdout,-1
s32,s32_left_hand_027,left_hand,27,2,inferred_from_protocol,True,,train,run_holdout,-1
s32,s32_left_hand_028,left_hand,28,2,inferred_from_protocol,True,,train,run_holdout,-1
s32,s32_left_hand_029,left_hand,29,2,inferred_from_protocol,True,,train,run_holdout,-1
s32,s32_left_hand_030,left_hand,30,2,inferred_from_protocol,True,,train,run_holdout,-1
s32,s32_left_hand_031,left_hand,31,2,inferred_from_protocol,True,,train,run_holdout,-1
s32,s32_left_hand_032,left_hand,32,2,inferred_from_protocol,True,,train,run_holdout,-1
s32,s32_left_hand_033,left_hand,33,2,inferred_from_protocol,True,,train,run_holdout,-1
s32,s32_left_hand_034,left_hand,34,2,inferred_from_protocol,True,,train,run_holdout,-1
s32,s32_left_hand_035,left_hand,35,2,inferred_from_protocol,True,,train,run_holdout,-1
s32,s32_left_hand_036,left_hand,36,2,inferred_from_protocol,True,,train,run_holdout,-1
s32,s32_left_hand_037,left_hand,37,2,inferred_from_protocol,True,,train,run_holdout,-1
s32,s32_left_hand_038,left_hand,38,2,inferred_from_protocol,True,,train,run_holdout,-1
s32,s32_left_hand_039,left_hand,39,2,inferred_from_protocol,True,,train,run_holdout,-1
s32,s32_left_hand_040,left_hand,40,3,inferred_from_protocol,True,,train,run_holdout,-1
s32,s32_left_hand_041,left_hand,41,3,inferred_from_protocol,True,,train,run_holdout,-1
s32,s32_left_hand_042,left_hand,42,3,inferred_from_protocol,True,,train,run_holdout,-1
s32,s32_left_hand_043,left_hand,43,3,inferred_from_protocol,True,,train,run_holdout,-1
s32,s32_left_hand_044,left_hand,44,3,inferred_from_protocol,True,,train,run_holdout,-1
s32,s32_left_hand_045,left_hand,45,3,inferred_from_protocol,True,,train,run_holdout,-1
s32,s32_left_hand_046,left_hand,46,3,inferred_from_protocol,True,,train,run_holdout,-1
s32,s32_left_hand_047,left_hand,47,3,inferred_from_protocol,True,,train,run_holdout,-1
s32,s32_left_hand_048,left_hand,48,3,inferred_from_protocol,True,,train,run_holdout,-1
s32,s32_left_hand_049,left_hand,49,3,inferred_from_protocol,True,,train,run_holdout,-1
s32,s32_left_hand_050,left_hand,50,3,inferred_from_protocol,True,,train,run_holdout,-1
s32,s32_left_hand_051,left_hand,51,3,inferred_from_protocol,True,,train,run_holdout,-1
s32,s32_left_hand_052,left_hand,52,3,inferred_from_protocol,True,,train,run_holdout,-1
s32,s32_left_hand_053,left_hand,53,3,inferred_from_protocol,True,,train,run_holdout,-1
s32,s32_left_hand_054,left_hand,54,3,inferred_from_protocol,True,,train,run_holdout,-1
s32,s32_left_hand_055,left_hand,55,3,inferred_from_protocol,True,,train,run_holdout,-1
s32,s32_left_hand_056,left_hand,56,3,inferred_from_protocol,True,,train,run_holdout,-1
s32,s32_left_hand_057,left_hand,57,3,inferred_from_protocol,True,,train,run_holdout,-1
s32,s32_left_hand_058,left_hand,58,3,inferred_from_protocol,True,,train,run_holdout,-1
s32,s32_left_hand_059,left_hand,59,3,inferred_from_protocol,True,,train,run_holdout,-1
s32,s32_left_hand_060,left_hand,60,4,inferred_from_protocol,True,,val,run_holdout,-1
s32,s32_left_hand_061,left_hand,61,4,inferred_from_protocol,True,,val,run_holdout,-1
s32,s32_left_hand_062,left_hand,62,4,inferred_from_protocol,True,,val,run_holdout,-1
s32,s32_left_hand_063,left_hand,63,4,inferred_from_protocol,True,,val,run_holdout,-1
s32,s32_left_hand_064,left_hand,64,4,inferred_from_protocol,True,,val,run_holdout,-1
s32,s32_left_hand_065,left_hand,65,4,inferred_from_protocol,True,,val,run_holdout,-1
s32,s32_left_hand_066,left_hand,66,4,inferred_from_protocol,True,,val,run_holdout,-1
s32,s32_left_hand_067,left_hand,67,4,inferred_from_protocol,True,,val,run_holdout,-1
s32,s32_left_hand_068,left_hand,68,4,inferred_from_protocol,True,,val,run_holdout,-1
s32,s32_left_hand_069,left_hand,69,4,inferred_from_protocol,True,,val,run_holdout,-1
s32,s32_left_hand_070,left_hand,70,4,inferred_from_protocol,True,,val,run_holdout,-1
s32,s32_left_hand_071,left_hand,71,4,inferred_from_protocol,True,,val,run_holdout,-1
s32,s32_left_hand_072,left_hand,72,4,inferred_from_protocol,True,,val,run_holdout,-1
s32,s32_left_hand_073,left_hand,73,4,inferred_from_protocol,True,,val,run_holdout,-1
s32,s32_left_hand_074,left_hand,74,4,inferred_from_protocol,True,,val,run_holdout,-1
s32,s32_left_hand_075,left_hand,75,4,inferred_from_protocol,True,,val,run_holdout,-1
s32,s32_left_hand_076,left_hand,76,4,inferred_from_protocol,True,,val,run_holdout,-1
s32,s32_left_hand_077,left_hand,77,4,inferred_from_protocol,True,,val,run_holdout,-1
s32,s32_left_hand_078,left_hand,78,4,inferred_from_protocol,True,,val,run_holdout,-1
s32,s32_left_hand_079,left_hand,79,4,inferred_from_protocol,True,,val,run_holdout,-1
s32,s32_left_hand_080,left_hand,80,5,inferred_from_protocol,True,,test,run_holdout,-1
s32,s32_left_hand_081,left_hand,81,5,inferred_from_protocol,True,,test,run_holdout,-1
s32,s32_left_hand_082,left_hand,82,5,inferred_from_protocol,True,,test,run_holdout,-1
s32,s32_left_hand_083,left_hand,83,5,inferred_from_protocol,True,,test,run_holdout,-1
s32,s32_left_hand_084,left_hand,84,5,inferred_from_protocol,True,,test,run_holdout,-1
s32,s32_left_hand_085,left_hand,85,5,inferred_from_protocol,True,,test,run_holdout,-1
s32,s32_left_hand_086,left_hand,86,5,inferred_from_protocol,True,,test,run_holdout,-1
s32,s32_left_hand_087,left_hand,87,5,inferred_from_protocol,True,,test,run_holdout,-1
s32,s32_left_hand_088,left_hand,88,5,inferred_from_protocol,True,,test,run_holdout,-1
s32,s32_left_hand_089,left_hand,89,5,inferred_from_protocol,True,,test,run_holdout,-1
s32,s32_left_hand_090,left_hand,90,5,inferred_from_protocol,True,,test,run_holdout,-1
s32,s32_left_hand_091,left_hand,91,5,inferred_from_protocol,True,,test,run_holdout,-1
s32,s32_left_hand_092,left_hand,92,5,inferred_from_protocol,True,,test,run_holdout,-1
s32,s32_left_hand_093,left_hand,93,5,inferred_from_protocol,True,,test,run_holdout,-1
s32,s32_left_hand_094,left_hand,94,5,inferred_from_protocol,True,,test,run_holdout,-1
s32,s32_left_hand_095,left_hand,95,5,inferred_from_protocol,True,,test,run_holdout,-1
s32,s32_left_hand_096,left_hand,96,5,inferred_from_protocol,True,,test,run_holdout,-1
s32,s32_left_hand_097,left_hand,97,5,inferred_from_protocol,True,,test,run_holdout,-1
s32,s32_left_hand_098,left_hand,98,5,inferred_from_protocol,True,,test,run_holdout,-1
s32,s32_left_hand_099,left_hand,99,5,inferred_from_protocol,True,,test,run_holdout,-1
s32,s32_right_hand_000,right_hand,0,1,inferred_from_protocol,True,,train,run_holdout,-1
s32,s32_right_hand_001,right_hand,1,1,inferred_from_protocol,True,,train,run_holdout,-1
s32,s32_right_hand_002,right_hand,2,1,inferred_from_protocol,True,,train,run_holdout,-1
s32,s32_right_hand_003,right_hand,3,1,inferred_from_protocol,True,,train,run_holdout,-1
s32,s32_right_hand_004,right_hand,4,1,inferred_from_protocol,True,,train,run_holdout,-1
s32,s32_right_hand_005,right_hand,5,1,inferred_from_protocol,True,,train,run_holdout,-1
s32,s32_right_hand_006,right_hand,6,1,inferred_from_protocol,True,,train,run_holdout,-1
s32,s32_right_hand_007,right_hand,7,1,inferred_from_protocol,True,,train,run_holdout,-1
s32,s32_right_hand_008,right_hand,8,1,inferred_from_protocol,True,,train,run_holdout,-1
s32,s32_right_hand_009,right_hand,9,1,inferred_from_protocol,True,,train,run_holdout,-1
s32,s32_right_hand_010,right_hand,10,1,inferred_from_protocol,True,,train,run_holdout,-1
s32,s32_right_hand_011,right_hand,11,1,inferred_from_protocol,True,,train,run_holdout,-1
s32,s32_right_hand_012,right_hand,12,1,inferred_from_protocol,True,,train,run_holdout,-1
s32,s32_right_hand_013,right_hand,13,1,inferred_from_protocol,True,,train,run_holdout,-1
s32,s32_right_hand_014,right_hand,14,1,inferred_from_protocol,True,,train,run_holdout,-1
s32,s32_right_hand_015,right_hand,15,1,inferred_from_protocol,True,,train,run_holdout,-1
s32,s32_right_hand_016,right_hand,16,1,inferred_from_protocol,True,,train,run_holdout,-1
s32,s32_right_hand_017,right_hand,17,1,inferred_from_protocol,True,,train,run_holdout,-1
s32,s32_right_hand_018,right_hand,18,1,inferred_from_protocol,True,,train,run_holdout,-1
s32,s32_right_hand_019,right_hand,19,1,inferred_from_protocol,True,,train,run_holdout,-1
s32,s32_right_hand_020,right_hand,20,2,inferred_from_protocol,True,,train,run_holdout,-1
s32,s32_right_hand_021,right_hand,21,2,inferred_from_protocol,True,,train,run_holdout,-1
s32,s32_right_hand_022,right_hand,22,2,inferred_from_protocol,True,,train,run_holdout,-1
s32,s32_right_hand_023,right_hand,23,2,inferred_from_protocol,True,,train,run_holdout,-1
s32,s32_right_hand_024,right_hand,24,2,inferred_from_protocol,True,,train,run_holdout,-1
s32,s32_right_hand_025,right_hand,25,2,inferred_from_protocol,True,,train,run_holdout,-1
s32,s32_right_hand_026,right_hand,26,2,inferred_from_protocol,True,,train,run_holdout,-1
s32,s32_right_hand_027,right_hand,27,2,inferred_from_protocol,True,,train,run_holdout,-1
s32,s32_right_hand_028,right_hand,28,2,inferred_from_protocol,True,,train,run_holdout,-1
s32,s32_right_hand_029,right_hand,29,2,inferred_from_protocol,True,,train,run_holdout,-1
s32,s32_right_hand_030,right_hand,30,2,inferred_from_protocol,True,,train,run_holdout,-1
s32,s32_right_hand_031,right_hand,31,2,inferred_from_protocol,True,,train,run_holdout,-1
s32,s32_right_hand_032,right_hand,32,2,inferred_from_protocol,True,,train,run_holdout,-1
s32,s32_right_hand_033,right_hand,33,2,inferred_from_protocol,True,,train,run_holdout,-1
s32,s32_right_hand_034,right_hand,34,2,inferred_from_protocol,True,,train,run_holdout,-1
s32,s32_right_hand_035,right_hand,35,2,inferred_from_protocol,True,,train,run_holdout,-1
s32,s32_right_hand_036,right_hand,36,2,inferred_from_protocol,True,,train,run_holdout,-1
s32,s32_right_hand_037,right_hand,37,2,inferred_from_protocol,True,,train,run_holdout,-1
s32,s32_right_hand_038,right_hand,38,2,inferred_from_protocol,True,,train,run_holdout,-1
s32,s32_right_hand_039,right_hand,39,2,inferred_from_protocol,True,,train,run_holdout,-1
s32,s32_right_hand_040,right_hand,40,3,inferred_from_protocol,True,,train,run_holdout,-1
s32,s32_right_hand_041,right_hand,41,3,inferred_from_protocol,True,,train,run_holdout,-1
s32,s32_right_hand_042,right_hand,42,3,inferred_from_protocol,True,,train,run_holdout,-1
s32,s32_right_hand_043,right_hand,43,3,inferred_from_protocol,True,,train,run_holdout,-1
s32,s32_right_hand_044,right_hand,44,3,inferred_from_protocol,True,,train,run_holdout,-1
s32,s32_right_hand_045,right_hand,45,3,inferred_from_protocol,True,,train,run_holdout,-1
s32,s32_right_hand_046,right_hand,46,3,inferred_from_protocol,True,,train,run_holdout,-1
s32,s32_right_hand_047,right_hand,47,3,inferred_from_protocol,True,,train,run_holdout,-1
s32,s32_right_hand_048,right_hand,48,3,inferred_from_protocol,True,,train,run_holdout,-1
s32,s32_right_hand_049,right_hand,49,3,inferred_from_protocol,True,,train,run_holdout,-1
s32,s32_right_hand_050,right_hand,50,3,inferred_from_protocol,True,,train,run_holdout,-1
s32,s32_right_hand_051,right_hand,51,3,inferred_from_protocol,True,,train,run_holdout,-1
s32,s32_right_hand_052,right_hand,52,3,inferred_from_protocol,True,,train,run_holdout,-1
s32,s32_right_hand_053,right_hand,53,3,inferred_from_protocol,True,,train,run_holdout,-1
s32,s32_right_hand_054,right_hand,54,3,inferred_from_protocol,True,,train,run_holdout,-1
s32,s32_right_hand_055,right_hand,55,3,inferred_from_protocol,True,,train,run_holdout,-1
s32,s32_right_hand_056,right_hand,56,3,inferred_from_protocol,True,,train,run_holdout,-1
s32,s32_right_hand_057,right_hand,57,3,inferred_from_protocol,True,,train,run_holdout,-1
s32,s32_right_hand_058,right_hand,58,3,inferred_from_protocol,True,,train,run_holdout,-1
s32,s32_right_hand_059,right_hand,59,3,inferred_from_protocol,True,,train,run_holdout,-1
s32,s32_right_hand_060,right_hand,60,4,inferred_from_protocol,True,,val,run_holdout,-1
s32,s32_right_hand_061,right_hand,61,4,inferred_from_protocol,True,,val,run_holdout,-1
s32,s32_right_hand_062,right_hand,62,4,inferred_from_protocol,True,,val,run_holdout,-1
s32,s32_right_hand_063,right_hand,63,4,inferred_from_protocol,True,,val,run_holdout,-1
s32,s32_right_hand_064,right_hand,64,4,inferred_from_protocol,True,,val,run_holdout,-1
s32,s32_right_hand_065,right_hand,65,4,inferred_from_protocol,True,,val,run_holdout,-1
s32,s32_right_hand_066,right_hand,66,4,inferred_from_protocol,True,,val,run_holdout,-1
s32,s32_right_hand_067,right_hand,67,4,inferred_from_protocol,True,,val,run_holdout,-1
s32,s32_right_hand_068,right_hand,68,4,inferred_from_protocol,True,,val,run_holdout,-1
s32,s32_right_hand_069,right_hand,69,4,inferred_from_protocol,True,,val,run_holdout,-1
s32,s32_right_hand_070,right_hand,70,4,inferred_from_protocol,True,,val,run_holdout,-1
s32,s32_right_hand_071,right_hand,71,4,inferred_from_protocol,True,,val,run_holdout,-1
s32,s32_right_hand_072,right_hand,72,4,inferred_from_protocol,True,,val,run_holdout,-1
s32,s32_right_hand_073,right_hand,73,4,inferred_from_protocol,True,,val,run_holdout,-1
s32,s32_right_hand_074,right_hand,74,4,inferred_from_protocol,True,,val,run_holdout,-1
s32,s32_right_hand_075,right_hand,75,4,inferred_from_protocol,True,,val,run_holdout,-1
s32,s32_right_hand_076,right_hand,76,4,inferred_from_protocol,True,,val,run_holdout,-1
s32,s32_right_hand_077,right_hand,77,4,inferred_from_protocol,True,,val,run_holdout,-1
s32,s32_right_hand_078,right_hand,78,4,inferred_from_protocol,True,,val,run_holdout,-1
s32,s32_right_hand_079,right_hand,79,4,inferred_from_protocol,True,,val,run_holdout,-1
s32,s32_right_hand_080,right_hand,80,5,inferred_from_protocol,True,,test,run_holdout,-1
s32,s32_right_hand_081,right_hand,81,5,inferred_from_protocol,True,,test,run_holdout,-1
s32,s32_right_hand_082,right_hand,82,5,inferred_from_protocol,True,,test,run_holdout,-1
s32,s32_right_hand_083,right_hand,83,5,inferred_from_protocol,True,,test,run_holdout,-1
s32,s32_right_hand_084,right_hand,84,5,inferred_from_protocol,True,,test,run_holdout,-1
s32,s32_right_hand_085,right_hand,85,5,inferred_from_protocol,True,,test,run_holdout,-1
s32,s32_right_hand_086,right_hand,86,5,inferred_from_protocol,True,,test,run_holdout,-1
s32,s32_right_hand_087,right_hand,87,5,inferred_from_protocol,True,,test,run_holdout,-1
s32,s32_right_hand_088,right_hand,88,5,inferred_from_protocol,True,,test,run_holdout,-1
s32,s32_right_hand_089,right_hand,89,5,inferred_from_protocol,True,,test,run_holdout,-1
s32,s32_right_hand_090,right_hand,90,5,inferred_from_protocol,True,,test,run_holdout,-1
s32,s32_right_hand_091,right_hand,91,5,inferred_from_protocol,True,,test,run_holdout,-1
s32,s32_right_hand_092,right_hand,92,5,inferred_from_protocol,True,,test,run_holdout,-1
s32,s32_right_hand_093,right_hand,93,5,inferred_from_protocol,True,,test,run_holdout,-1
s32,s32_right_hand_094,right_hand,94,5,inferred_from_protocol,True,,test,run_holdout,-1
s32,s32_right_hand_095,right_hand,95,5,inferred_from_protocol,True,,test,run_holdout,-1
s32,s32_right_hand_096,right_hand,96,5,inferred_from_protocol,True,,test,run_holdout,-1
s32,s32_right_hand_097,right_hand,97,5,inferred_from_protocol,True,,test,run_holdout,-1
s32,s32_right_hand_098,right_hand,98,5,inferred_from_protocol,True,,test,run_holdout,-1
s32,s32_right_hand_099,right_hand,99,5,inferred_from_protocol,True,,test,run_holdout,-1
s33,s33_left_hand_000,left_hand,0,1,inferred_from_protocol,False,amplitude,train,run_holdout,-1
s33,s33_left_hand_001,left_hand,1,1,inferred_from_protocol,True,,train,run_holdout,-1
s33,s33_left_hand_002,left_hand,2,1,inferred_from_protocol,True,,train,run_holdout,-1
s33,s33_left_hand_003,left_hand,3,1,inferred_from_protocol,True,,train,run_holdout,-1
s33,s33_left_hand_004,left_hand,4,1,inferred_from_protocol,True,,train,run_holdout,-1
s33,s33_left_hand_005,left_hand,5,1,inferred_from_protocol,True,,train,run_holdout,-1
s33,s33_left_hand_006,left_hand,6,1,inferred_from_protocol,True,,train,run_holdout,-1
s33,s33_left_hand_007,left_hand,7,1,inferred_from_protocol,True,,train,run_holdout,-1
s33,s33_left_hand_008,left_hand,8,1,inferred_from_protocol,True,,train,run_holdout,-1
s33,s33_left_hand_009,left_hand,9,1,inferred_from_protocol,True,,train,run_holdout,-1
s33,s33_left_hand_010,left_hand,10,1,inferred_from_protocol,True,,train,run_holdout,-1
s33,s33_left_hand_011,left_hand,11,1,inferred_from_protocol,True,,train,run_holdout,-1
s33,s33_left_hand_012,left_hand,12,1,inferred_from_protocol,True,,train,run_holdout,-1
s33,s33_left_hand_013,left_hand,13,1,inferred_from_protocol,True,,train,run_holdout,-1
s33,s33_left_hand_014,left_hand,14,1,inferred_from_protocol,True,,train,run_holdout,-1
s33,s33_left_hand_015,left_hand,15,1,inferred_from_protocol,True,,train,run_holdout,-1
s33,s33_left_hand_016,left_hand,16,1,inferred_from_protocol,True,,train,run_holdout,-1
s33,s33_left_hand_017,left_hand,17,1,inferred_from_protocol,True,,train,run_holdout,-1
s33,s33_left_hand_018,left_hand,18,1,inferred_from_protocol,True,,train,run_holdout,-1
s33,s33_left_hand_019,left_hand,19,1,inferred_from_protocol,True,,train,run_holdout,-1
s33,s33_left_hand_020,left_hand,20,2,inferred_from_protocol,True,,train,run_holdout,-1
s33,s33_left_hand_021,left_hand,21,2,inferred_from_protocol,True,,train,run_holdout,-1
s33,s33_left_hand_022,left_hand,22,2,inferred_from_protocol,True,,train,run_holdout,-1
s33,s33_left_hand_023,left_hand,23,2,inferred_from_protocol,True,,train,run_holdout,-1
s33,s33_left_hand_024,left_hand,24,2,inferred_from_protocol,True,,train,run_holdout,-1
s33,s33_left_hand_025,left_hand,25,2,inferred_from_protocol,True,,train,run_holdout,-1
s33,s33_left_hand_026,left_hand,26,2,inferred_from_protocol,True,,train,run_holdout,-1
s33,s33_left_hand_027,left_hand,27,2,inferred_from_protocol,True,,train,run_holdout,-1
s33,s33_left_hand_028,left_hand,28,2,inferred_from_protocol,True,,train,run_holdout,-1
s33,s33_left_hand_029,left_hand,29,2,inferred_from_protocol,True,,train,run_holdout,-1
s33,s33_left_hand_030,left_hand,30,2,inferred_from_protocol,True,,train,run_holdout,-1
s33,s33_left_hand_031,left_hand,31,2,inferred_from_protocol,True,,train,run_holdout,-1
s33,s33_left_hand_032,left_hand,32,2,inferred_from_protocol,True,,train,run_holdout,-1
s33,s33_left_hand_033,left_hand,33,2,inferred_from_protocol,True,,train,run_holdout,-1
s33,s33_left_hand_034,left_hand,34,2,inferred_from_protocol,True,,train,run_holdout,-1
s33,s33_left_hand_035,left_hand,35,2,inferred_from_protocol,True,,train,run_holdout,-1
s33,s33_left_hand_036,left_hand,36,2,inferred_from_protocol,True,,train,run_holdout,-1
s33,s33_left_hand_037,left_hand,37,2,inferred_from_protocol,True,,train,run_holdout,-1
s33,s33_left_hand_038,left_hand,38,2,inferred_from_protocol,True,,train,run_holdout,-1
s33,s33_left_hand_039,left_hand,39,2,inferred_from_protocol,True,,train,run_holdout,-1
s33,s33_left_hand_040,left_hand,40,3,inferred_from_protocol,True,,train,run_holdout,-1
s33,s33_left_hand_041,left_hand,41,3,inferred_from_protocol,True,,train,run_holdout,-1
s33,s33_left_hand_042,left_hand,42,3,inferred_from_protocol,True,,train,run_holdout,-1
s33,s33_left_hand_043,left_hand,43,3,inferred_from_protocol,True,,train,run_holdout,-1
s33,s33_left_hand_044,left_hand,44,3,inferred_from_protocol,True,,train,run_holdout,-1
s33,s33_left_hand_045,left_hand,45,3,inferred_from_protocol,True,,train,run_holdout,-1
s33,s33_left_hand_046,left_hand,46,3,inferred_from_protocol,True,,train,run_holdout,-1
s33,s33_left_hand_047,left_hand,47,3,inferred_from_protocol,True,,train,run_holdout,-1
s33,s33_left_hand_048,left_hand,48,3,inferred_from_protocol,True,,train,run_holdout,-1
s33,s33_left_hand_049,left_hand,49,3,inferred_from_protocol,True,,train,run_holdout,-1
s33,s33_left_hand_050,left_hand,50,3,inferred_from_protocol,True,,train,run_holdout,-1
s33,s33_left_hand_051,left_hand,51,3,inferred_from_protocol,True,,train,run_holdout,-1
s33,s33_left_hand_052,left_hand,52,3,inferred_from_protocol,True,,train,run_holdout,-1
s33,s33_left_hand_053,left_hand,53,3,inferred_from_protocol,True,,train,run_holdout,-1
s33,s33_left_hand_054,left_hand,54,3,inferred_from_protocol,True,,train,run_holdout,-1
s33,s33_left_hand_055,left_hand,55,3,inferred_from_protocol,True,,train,run_holdout,-1
s33,s33_left_hand_056,left_hand,56,3,inferred_from_protocol,True,,train,run_holdout,-1
s33,s33_left_hand_057,left_hand,57,3,inferred_from_protocol,True,,train,run_holdout,-1
s33,s33_left_hand_058,left_hand,58,3,inferred_from_protocol,True,,train,run_holdout,-1
s33,s33_left_hand_059,left_hand,59,3,inferred_from_protocol,True,,train,run_holdout,-1
s33,s33_left_hand_060,left_hand,60,4,inferred_from_protocol,True,,val,run_holdout,-1
s33,s33_left_hand_061,left_hand,61,4,inferred_from_protocol,True,,val,run_holdout,-1
s33,s33_left_hand_062,left_hand,62,4,inferred_from_protocol,True,,val,run_holdout,-1
s33,s33_left_hand_063,left_hand,63,4,inferred_from_protocol,True,,val,run_holdout,-1
s33,s33_left_hand_064,left_hand,64,4,inferred_from_protocol,True,,val,run_holdout,-1
s33,s33_left_hand_065,left_hand,65,4,inferred_from_protocol,True,,val,run_holdout,-1
s33,s33_left_hand_066,left_hand,66,4,inferred_from_protocol,True,,val,run_holdout,-1
s33,s33_left_hand_067,left_hand,67,4,inferred_from_protocol,True,,val,run_holdout,-1
s33,s33_left_hand_068,left_hand,68,4,inferred_from_protocol,True,,val,run_holdout,-1
s33,s33_left_hand_069,left_hand,69,4,inferred_from_protocol,True,,val,run_holdout,-1
s33,s33_left_hand_070,left_hand,70,4,inferred_from_protocol,True,,val,run_holdout,-1
s33,s33_left_hand_071,left_hand,71,4,inferred_from_protocol,False,amplitude,val,run_holdout,-1
s33,s33_left_hand_072,left_hand,72,4,inferred_from_protocol,True,,val,run_holdout,-1
s33,s33_left_hand_073,left_hand,73,4,inferred_from_protocol,True,,val,run_holdout,-1
s33,s33_left_hand_074,left_hand,74,4,inferred_from_protocol,True,,val,run_holdout,-1
s33,s33_left_hand_075,left_hand,75,4,inferred_from_protocol,True,,val,run_holdout,-1
s33,s33_left_hand_076,left_hand,76,4,inferred_from_protocol,False,amplitude,val,run_holdout,-1
s33,s33_left_hand_077,left_hand,77,4,inferred_from_protocol,True,,val,run_holdout,-1
s33,s33_left_hand_078,left_hand,78,4,inferred_from_protocol,True,,val,run_holdout,-1
s33,s33_left_hand_079,left_hand,79,4,inferred_from_protocol,True,,val,run_holdout,-1
s33,s33_left_hand_080,left_hand,80,5,inferred_from_protocol,False,amplitude,test,run_holdout,-1
s33,s33_left_hand_081,left_hand,81,5,inferred_from_protocol,True,,test,run_holdout,-1
s33,s33_left_hand_082,left_hand,82,5,inferred_from_protocol,True,,test,run_holdout,-1
s33,s33_left_hand_083,left_hand,83,5,inferred_from_protocol,True,,test,run_holdout,-1
s33,s33_left_hand_084,left_hand,84,5,inferred_from_protocol,True,,test,run_holdout,-1
s33,s33_left_hand_085,left_hand,85,5,inferred_from_protocol,True,,test,run_holdout,-1
s33,s33_left_hand_086,left_hand,86,5,inferred_from_protocol,True,,test,run_holdout,-1
s33,s33_left_hand_087,left_hand,87,5,inferred_from_protocol,True,,test,run_holdout,-1
s33,s33_left_hand_088,left_hand,88,5,inferred_from_protocol,True,,test,run_holdout,-1
s33,s33_left_hand_089,left_hand,89,5,inferred_from_protocol,True,,test,run_holdout,-1
s33,s33_left_hand_090,left_hand,90,5,inferred_from_protocol,True,,test,run_holdout,-1
s33,s33_left_hand_091,left_hand,91,5,inferred_from_protocol,True,,test,run_holdout,-1
s33,s33_left_hand_092,left_hand,92,5,inferred_from_protocol,True,,test,run_holdout,-1
s33,s33_left_hand_093,left_hand,93,5,inferred_from_protocol,True,,test,run_holdout,-1
s33,s33_left_hand_094,left_hand,94,5,inferred_from_protocol,True,,test,run_holdout,-1
s33,s33_left_hand_095,left_hand,95,5,inferred_from_protocol,True,,test,run_holdout,-1
s33,s33_left_hand_096,left_hand,96,5,inferred_from_protocol,True,,test,run_holdout,-1
s33,s33_left_hand_097,left_hand,97,5,inferred_from_protocol,True,,test,run_holdout,-1
s33,s33_left_hand_098,left_hand,98,5,inferred_from_protocol,True,,test,run_holdout,-1
s33,s33_left_hand_099,left_hand,99,5,inferred_from_protocol,True,,test,run_holdout,-1
s33,s33_right_hand_000,right_hand,0,1,inferred_from_protocol,True,,train,run_holdout,-1
s33,s33_right_hand_001,right_hand,1,1,inferred_from_protocol,True,,train,run_holdout,-1
s33,s33_right_hand_002,right_hand,2,1,inferred_from_protocol,True,,train,run_holdout,-1
s33,s33_right_hand_003,right_hand,3,1,inferred_from_protocol,True,,train,run_holdout,-1
s33,s33_right_hand_004,right_hand,4,1,inferred_from_protocol,True,,train,run_holdout,-1
s33,s33_right_hand_005,right_hand,5,1,inferred_from_protocol,True,,train,run_holdout,-1
s33,s33_right_hand_006,right_hand,6,1,inferred_from_protocol,True,,train,run_holdout,-1
s33,s33_right_hand_007,right_hand,7,1,inferred_from_protocol,True,,train,run_holdout,-1
s33,s33_right_hand_008,right_hand,8,1,inferred_from_protocol,True,,train,run_holdout,-1
s33,s33_right_hand_009,right_hand,9,1,inferred_from_protocol,True,,train,run_holdout,-1
s33,s33_right_hand_010,right_hand,10,1,inferred_from_protocol,True,,train,run_holdout,-1
s33,s33_right_hand_011,right_hand,11,1,inferred_from_protocol,True,,train,run_holdout,-1
s33,s33_right_hand_012,right_hand,12,1,inferred_from_protocol,True,,train,run_holdout,-1
s33,s33_right_hand_013,right_hand,13,1,inferred_from_protocol,True,,train,run_holdout,-1
s33,s33_right_hand_014,right_hand,14,1,inferred_from_protocol,True,,train,run_holdout,-1
s33,s33_right_hand_015,right_hand,15,1,inferred_from_protocol,True,,train,run_holdout,-1
s33,s33_right_hand_016,right_hand,16,1,inferred_from_protocol,True,,train,run_holdout,-1
s33,s33_right_hand_017,right_hand,17,1,inferred_from_protocol,True,,train,run_holdout,-1
s33,s33_right_hand_018,right_hand,18,1,inferred_from_protocol,True,,train,run_holdout,-1
s33,s33_right_hand_019,right_hand,19,1,inferred_from_protocol,True,,train,run_holdout,-1
s33,s33_right_hand_020,right_hand,20,2,inferred_from_protocol,True,,train,run_holdout,-1
s33,s33_right_hand_021,right_hand,21,2,inferred_from_protocol,True,,train,run_holdout,-1
s33,s33_right_hand_022,right_hand,22,2,inferred_from_protocol,True,,train,run_holdout,-1
s33,s33_right_hand_023,right_hand,23,2,inferred_from_protocol,True,,train,run_holdout,-1
s33,s33_right_hand_024,right_hand,24,2,inferred_from_protocol,True,,train,run_holdout,-1
s33,s33_right_hand_025,right_hand,25,2,inferred_from_protocol,True,,train,run_holdout,-1
s33,s33_right_hand_026,right_hand,26,2,inferred_from_protocol,True,,train,run_holdout,-1
s33,s33_right_hand_027,right_hand,27,2,inferred_from_protocol,True,,train,run_holdout,-1
s33,s33_right_hand_028,right_hand,28,2,inferred_from_protocol,True,,train,run_holdout,-1
s33,s33_right_hand_029,right_hand,29,2,inferred_from_protocol,True,,train,run_holdout,-1
s33,s33_right_hand_030,right_hand,30,2,inferred_from_protocol,True,,train,run_holdout,-1
s33,s33_right_hand_031,right_hand,31,2,inferred_from_protocol,True,,train,run_holdout,-1
s33,s33_right_hand_032,right_hand,32,2,inferred_from_protocol,True,,train,run_holdout,-1
s33,s33_right_hand_033,right_hand,33,2,inferred_from_protocol,True,,train,run_holdout,-1
s33,s33_right_hand_034,right_hand,34,2,inferred_from_protocol,True,,train,run_holdout,-1
s33,s33_right_hand_035,right_hand,35,2,inferred_from_protocol,True,,train,run_holdout,-1
s33,s33_right_hand_036,right_hand,36,2,inferred_from_protocol,True,,train,run_holdout,-1
s33,s33_right_hand_037,right_hand,37,2,inferred_from_protocol,True,,train,run_holdout,-1
s33,s33_right_hand_038,right_hand,38,2,inferred_from_protocol,True,,train,run_holdout,-1
s33,s33_right_hand_039,right_hand,39,2,inferred_from_protocol,True,,train,run_holdout,-1
s33,s33_right_hand_040,right_hand,40,3,inferred_from_protocol,False,emg_correlation,train,run_holdout,-1
s33,s33_right_hand_041,right_hand,41,3,inferred_from_protocol,True,,train,run_holdout,-1
s33,s33_right_hand_042,right_hand,42,3,inferred_from_protocol,True,,train,run_holdout,-1
s33,s33_right_hand_043,right_hand,43,3,inferred_from_protocol,True,,train,run_holdout,-1
s33,s33_right_hand_044,right_hand,44,3,inferred_from_protocol,True,,train,run_holdout,-1
s33,s33_right_hand_045,right_hand,45,3,inferred_from_protocol,True,,train,run_holdout,-1
s33,s33_right_hand_046,right_hand,46,3,inferred_from_protocol,True,,train,run_holdout,-1
s33,s33_right_hand_047,right_hand,47,3,inferred_from_protocol,True,,train,run_holdout,-1
s33,s33_right_hand_048,right_hand,48,3,inferred_from_protocol,True,,train,run_holdout,-1
s33,s33_right_hand_049,right_hand,49,3,inferred_from_protocol,True,,train,run_holdout,-1
s33,s33_right_hand_050,right_hand,50,3,inferred_from_protocol,True,,train,run_holdout,-1
s33,s33_right_hand_051,right_hand,51,3,inferred_from_protocol,True,,train,run_holdout,-1
s33,s33_right_hand_052,right_hand,52,3,inferred_from_protocol,True,,train,run_holdout,-1
s33,s33_right_hand_053,right_hand,53,3,inferred_from_protocol,True,,train,run_holdout,-1
s33,s33_right_hand_054,right_hand,54,3,inferred_from_protocol,True,,train,run_holdout,-1
s33,s33_right_hand_055,right_hand,55,3,inferred_from_protocol,True,,train,run_holdout,-1
s33,s33_right_hand_056,right_hand,56,3,inferred_from_protocol,True,,train,run_holdout,-1
s33,s33_right_hand_057,right_hand,57,3,inferred_from_protocol,True,,train,run_holdout,-1
s33,s33_right_hand_058,right_hand,58,3,inferred_from_protocol,True,,train,run_holdout,-1
s33,s33_right_hand_059,right_hand,59,3,inferred_from_protocol,True,,train,run_holdout,-1
s33,s33_right_hand_060,right_hand,60,4,inferred_from_protocol,True,,val,run_holdout,-1
s33,s33_right_hand_061,right_hand,61,4,inferred_from_protocol,True,,val,run_holdout,-1
s33,s33_right_hand_062,right_hand,62,4,inferred_from_protocol,True,,val,run_holdout,-1
s33,s33_right_hand_063,right_hand,63,4,inferred_from_protocol,True,,val,run_holdout,-1
s33,s33_right_hand_064,right_hand,64,4,inferred_from_protocol,True,,val,run_holdout,-1
s33,s33_right_hand_065,right_hand,65,4,inferred_from_protocol,False,amplitude,val,run_holdout,-1
s33,s33_right_hand_066,right_hand,66,4,inferred_from_protocol,True,,val,run_holdout,-1
s33,s33_right_hand_067,right_hand,67,4,inferred_from_protocol,True,,val,run_holdout,-1
s33,s33_right_hand_068,right_hand,68,4,inferred_from_protocol,True,,val,run_holdout,-1
s33,s33_right_hand_069,right_hand,69,4,inferred_from_protocol,True,,val,run_holdout,-1
s33,s33_right_hand_070,right_hand,70,4,inferred_from_protocol,True,,val,run_holdout,-1
s33,s33_right_hand_071,right_hand,71,4,inferred_from_protocol,True,,val,run_holdout,-1
s33,s33_right_hand_072,right_hand,72,4,inferred_from_protocol,True,,val,run_holdout,-1
s33,s33_right_hand_073,right_hand,73,4,inferred_from_protocol,True,,val,run_holdout,-1
s33,s33_right_hand_074,right_hand,74,4,inferred_from_protocol,True,,val,run_holdout,-1
s33,s33_right_hand_075,right_hand,75,4,inferred_from_protocol,True,,val,run_holdout,-1
s33,s33_right_hand_076,right_hand,76,4,inferred_from_protocol,True,,val,run_holdout,-1
s33,s33_right_hand_077,right_hand,77,4,inferred_from_protocol,True,,val,run_holdout,-1
s33,s33_right_hand_078,right_hand,78,4,inferred_from_protocol,True,,val,run_holdout,-1
s33,s33_right_hand_079,right_hand,79,4,inferred_from_protocol,True,,val,run_holdout,-1
s33,s33_right_hand_080,right_hand,80,5,inferred_from_protocol,False,amplitude,test,run_holdout,-1
s33,s33_right_hand_081,right_hand,81,5,inferred_from_protocol,True,,test,run_holdout,-1
s33,s33_right_hand_082,right_hand,82,5,inferred_from_protocol,True,,test,run_holdout,-1
s33,s33_right_hand_083,right_hand,83,5,inferred_from_protocol,True,,test,run_holdout,-1
s33,s33_right_hand_084,right_hand,84,5,inferred_from_protocol,False,amplitude,test,run_holdout,-1
s33,s33_right_hand_085,right_hand,85,5,inferred_from_protocol,True,,test,run_holdout,-1
s33,s33_right_hand_086,right_hand,86,5,inferred_from_protocol,True,,test,run_holdout,-1
s33,s33_right_hand_087,right_hand,87,5,inferred_from_protocol,True,,test,run_holdout,-1
s33,s33_right_hand_088,right_hand,88,5,inferred_from_protocol,True,,test,run_holdout,-1
s33,s33_right_hand_089,right_hand,89,5,inferred_from_protocol,True,,test,run_holdout,-1
s33,s33_right_hand_090,right_hand,90,5,inferred_from_protocol,True,,test,run_holdout,-1
s33,s33_right_hand_091,right_hand,91,5,inferred_from_protocol,True,,test,run_holdout,-1
s33,s33_right_hand_092,right_hand,92,5,inferred_from_protocol,True,,test,run_holdout,-1
s33,s33_right_hand_093,right_hand,93,5,inferred_from_protocol,True,,test,run_holdout,-1
s33,s33_right_hand_094,right_hand,94,5,inferred_from_protocol,True,,test,run_holdout,-1
s33,s33_right_hand_095,right_hand,95,5,inferred_from_protocol,True,,test,run_holdout,-1
s33,s33_right_hand_096,right_hand,96,5,inferred_from_protocol,True,,test,run_holdout,-1
s33,s33_right_hand_097,right_hand,97,5,inferred_from_protocol,True,,test,run_holdout,-1
s33,s33_right_hand_098,right_hand,98,5,inferred_from_protocol,True,,test,run_holdout,-1
s33,s33_right_hand_099,right_hand,99,5,inferred_from_protocol,True,,test,run_holdout,-1
s35,s35_left_hand_000,left_hand,0,1,inferred_from_protocol,True,,train,run_holdout,-1
s35,s35_left_hand_001,left_hand,1,1,inferred_from_protocol,True,,train,run_holdout,-1
s35,s35_left_hand_002,left_hand,2,1,inferred_from_protocol,True,,train,run_holdout,-1
s35,s35_left_hand_003,left_hand,3,1,inferred_from_protocol,True,,train,run_holdout,-1
s35,s35_left_hand_004,left_hand,4,1,inferred_from_protocol,True,,train,run_holdout,-1
s35,s35_left_hand_005,left_hand,5,1,inferred_from_protocol,True,,train,run_holdout,-1
s35,s35_left_hand_006,left_hand,6,1,inferred_from_protocol,True,,train,run_holdout,-1
s35,s35_left_hand_007,left_hand,7,1,inferred_from_protocol,True,,train,run_holdout,-1
s35,s35_left_hand_008,left_hand,8,1,inferred_from_protocol,True,,train,run_holdout,-1
s35,s35_left_hand_009,left_hand,9,1,inferred_from_protocol,True,,train,run_holdout,-1
s35,s35_left_hand_010,left_hand,10,1,inferred_from_protocol,True,,train,run_holdout,-1
s35,s35_left_hand_011,left_hand,11,1,inferred_from_protocol,True,,train,run_holdout,-1
s35,s35_left_hand_012,left_hand,12,1,inferred_from_protocol,True,,train,run_holdout,-1
s35,s35_left_hand_013,left_hand,13,1,inferred_from_protocol,True,,train,run_holdout,-1
s35,s35_left_hand_014,left_hand,14,1,inferred_from_protocol,True,,train,run_holdout,-1
s35,s35_left_hand_015,left_hand,15,1,inferred_from_protocol,True,,train,run_holdout,-1
s35,s35_left_hand_016,left_hand,16,1,inferred_from_protocol,True,,train,run_holdout,-1
s35,s35_left_hand_017,left_hand,17,1,inferred_from_protocol,True,,train,run_holdout,-1
s35,s35_left_hand_018,left_hand,18,1,inferred_from_protocol,True,,train,run_holdout,-1
s35,s35_left_hand_019,left_hand,19,1,inferred_from_protocol,True,,train,run_holdout,-1
s35,s35_left_hand_020,left_hand,20,2,inferred_from_protocol,True,,train,run_holdout,-1
s35,s35_left_hand_021,left_hand,21,2,inferred_from_protocol,True,,train,run_holdout,-1
s35,s35_left_hand_022,left_hand,22,2,inferred_from_protocol,True,,train,run_holdout,-1
s35,s35_left_hand_023,left_hand,23,2,inferred_from_protocol,True,,train,run_holdout,-1
s35,s35_left_hand_024,left_hand,24,2,inferred_from_protocol,True,,train,run_holdout,-1
s35,s35_left_hand_025,left_hand,25,2,inferred_from_protocol,True,,train,run_holdout,-1
s35,s35_left_hand_026,left_hand,26,2,inferred_from_protocol,True,,train,run_holdout,-1
s35,s35_left_hand_027,left_hand,27,2,inferred_from_protocol,True,,train,run_holdout,-1
s35,s35_left_hand_028,left_hand,28,2,inferred_from_protocol,True,,train,run_holdout,-1
s35,s35_left_hand_029,left_hand,29,2,inferred_from_protocol,True,,train,run_holdout,-1
s35,s35_left_hand_030,left_hand,30,2,inferred_from_protocol,True,,train,run_holdout,-1
s35,s35_left_hand_031,left_hand,31,2,inferred_from_protocol,True,,train,run_holdout,-1
s35,s35_left_hand_032,left_hand,32,2,inferred_from_protocol,True,,train,run_holdout,-1
s35,s35_left_hand_033,left_hand,33,2,inferred_from_protocol,True,,train,run_holdout,-1
s35,s35_left_hand_034,left_hand,34,2,inferred_from_protocol,True,,train,run_holdout,-1
s35,s35_left_hand_035,left_hand,35,2,inferred_from_protocol,True,,train,run_holdout,-1
s35,s35_left_hand_036,left_hand,36,2,inferred_from_protocol,True,,train,run_holdout,-1
s35,s35_left_hand_037,left_hand,37,2,inferred_from_protocol,True,,train,run_holdout,-1
s35,s35_left_hand_038,left_hand,38,2,inferred_from_protocol,True,,train,run_holdout,-1
s35,s35_left_hand_039,left_hand,39,2,inferred_from_protocol,True,,train,run_holdout,-1
s35,s35_left_hand_040,left_hand,40,3,inferred_from_protocol,True,,train,run_holdout,-1
s35,s35_left_hand_041,left_hand,41,3,inferred_from_protocol,True,,train,run_holdout,-1
s35,s35_left_hand_042,left_hand,42,3,inferred_from_protocol,True,,train,run_holdout,-1
s35,s35_left_hand_043,left_hand,43,3,inferred_from_protocol,True,,train,run_holdout,-1
s35,s35_left_hand_044,left_hand,44,3,inferred_from_protocol,True,,train,run_holdout,-1
s35,s35_left_hand_045,left_hand,45,3,inferred_from_protocol,True,,train,run_holdout,-1
s35,s35_left_hand_046,left_hand,46,3,inferred_from_protocol,True,,train,run_holdout,-1
s35,s35_left_hand_047,left_hand,47,3,inferred_from_protocol,True,,train,run_holdout,-1
s35,s35_left_hand_048,left_hand,48,3,inferred_from_protocol,True,,train,run_holdout,-1
s35,s35_left_hand_049,left_hand,49,3,inferred_from_protocol,True,,train,run_holdout,-1
s35,s35_left_hand_050,left_hand,50,3,inferred_from_protocol,True,,train,run_holdout,-1
s35,s35_left_hand_051,left_hand,51,3,inferred_from_protocol,True,,train,run_holdout,-1
s35,s35_left_hand_052,left_hand,52,3,inferred_from_protocol,True,,train,run_holdout,-1
s35,s35_left_hand_053,left_hand,53,3,inferred_from_protocol,True,,train,run_holdout,-1
s35,s35_left_hand_054,left_hand,54,3,inferred_from_protocol,True,,train,run_holdout,-1
s35,s35_left_hand_055,left_hand,55,3,inferred_from_protocol,True,,train,run_holdout,-1
s35,s35_left_hand_056,left_hand,56,3,inferred_from_protocol,True,,train,run_holdout,-1
s35,s35_left_hand_057,left_hand,57,3,inferred_from_protocol,True,,train,run_holdout,-1
s35,s35_left_hand_058,left_hand,58,3,inferred_from_protocol,True,,train,run_holdout,-1
s35,s35_left_hand_059,left_hand,59,3,inferred_from_protocol,True,,train,run_holdout,-1
s35,s35_left_hand_060,left_hand,60,4,inferred_from_protocol,True,,val,run_holdout,-1
s35,s35_left_hand_061,left_hand,61,4,inferred_from_protocol,True,,val,run_holdout,-1
s35,s35_left_hand_062,left_hand,62,4,inferred_from_protocol,True,,val,run_holdout,-1
s35,s35_left_hand_063,left_hand,63,4,inferred_from_protocol,True,,val,run_holdout,-1
s35,s35_left_hand_064,left_hand,64,4,inferred_from_protocol,True,,val,run_holdout,-1
s35,s35_left_hand_065,left_hand,65,4,inferred_from_protocol,True,,val,run_holdout,-1
s35,s35_left_hand_066,left_hand,66,4,inferred_from_protocol,True,,val,run_holdout,-1
s35,s35_left_hand_067,left_hand,67,4,inferred_from_protocol,True,,val,run_holdout,-1
s35,s35_left_hand_068,left_hand,68,4,inferred_from_protocol,True,,val,run_holdout,-1
s35,s35_left_hand_069,left_hand,69,4,inferred_from_protocol,True,,val,run_holdout,-1
s35,s35_left_hand_070,left_hand,70,4,inferred_from_protocol,True,,val,run_holdout,-1
s35,s35_left_hand_071,left_hand,71,4,inferred_from_protocol,True,,val,run_holdout,-1
s35,s35_left_hand_072,left_hand,72,4,inferred_from_protocol,True,,val,run_holdout,-1
s35,s35_left_hand_073,left_hand,73,4,inferred_from_protocol,True,,val,run_holdout,-1
s35,s35_left_hand_074,left_hand,74,4,inferred_from_protocol,True,,val,run_holdout,-1
s35,s35_left_hand_075,left_hand,75,4,inferred_from_protocol,True,,val,run_holdout,-1
s35,s35_left_hand_076,left_hand,76,4,inferred_from_protocol,True,,val,run_holdout,-1
s35,s35_left_hand_077,left_hand,77,4,inferred_from_protocol,True,,val,run_holdout,-1
s35,s35_left_hand_078,left_hand,78,4,inferred_from_protocol,True,,val,run_holdout,-1
s35,s35_left_hand_079,left_hand,79,4,inferred_from_protocol,True,,val,run_holdout,-1
s35,s35_left_hand_080,left_hand,80,5,inferred_from_protocol,True,,test,run_holdout,-1
s35,s35_left_hand_081,left_hand,81,5,inferred_from_protocol,True,,test,run_holdout,-1
s35,s35_left_hand_082,left_hand,82,5,inferred_from_protocol,True,,test,run_holdout,-1
s35,s35_left_hand_083,left_hand,83,5,inferred_from_protocol,True,,test,run_holdout,-1
s35,s35_left_hand_084,left_hand,84,5,inferred_from_protocol,True,,test,run_holdout,-1
s35,s35_left_hand_085,left_hand,85,5,inferred_from_protocol,True,,test,run_holdout,-1
s35,s35_left_hand_086,left_hand,86,5,inferred_from_protocol,True,,test,run_holdout,-1
s35,s35_left_hand_087,left_hand,87,5,inferred_from_protocol,True,,test,run_holdout,-1
s35,s35_left_hand_088,left_hand,88,5,inferred_from_protocol,True,,test,run_holdout,-1
s35,s35_left_hand_089,left_hand,89,5,inferred_from_protocol,True,,test,run_holdout,-1
s35,s35_left_hand_090,left_hand,90,5,inferred_from_protocol,True,,test,run_holdout,-1
s35,s35_left_hand_091,left_hand,91,5,inferred_from_protocol,True,,test,run_holdout,-1
s35,s35_left_hand_092,left_hand,92,5,inferred_from_protocol,True,,test,run_holdout,-1
s35,s35_left_hand_093,left_hand,93,5,inferred_from_protocol,True,,test,run_holdout,-1
s35,s35_left_hand_094,left_hand,94,5,inferred_from_protocol,True,,test,run_holdout,-1
s35,s35_left_hand_095,left_hand,95,5,inferred_from_protocol,True,,test,run_holdout,-1
s35,s35_left_hand_096,left_hand,96,5,inferred_from_protocol,True,,test,run_holdout,-1
s35,s35_left_hand_097,left_hand,97,5,inferred_from_protocol,True,,test,run_holdout,-1
s35,s35_left_hand_098,left_hand,98,5,inferred_from_protocol,True,,test,run_holdout,-1
s35,s35_left_hand_099,left_hand,99,5,inferred_from_protocol,True,,test,run_holdout,-1
s35,s35_right_hand_000,right_hand,0,1,inferred_from_protocol,True,,train,run_holdout,-1
s35,s35_right_hand_001,right_hand,1,1,inferred_from_protocol,True,,train,run_holdout,-1
s35,s35_right_hand_002,right_hand,2,1,inferred_from_protocol,True,,train,run_holdout,-1
s35,s35_right_hand_003,right_hand,3,1,inferred_from_protocol,True,,train,run_holdout,-1
s35,s35_right_hand_004,right_hand,4,1,inferred_from_protocol,True,,train,run_holdout,-1
s35,s35_right_hand_005,right_hand,5,1,inferred_from_protocol,True,,train,run_holdout,-1
s35,s35_right_hand_006,right_hand,6,1,inferred_from_protocol,True,,train,run_holdout,-1
s35,s35_right_hand_007,right_hand,7,1,inferred_from_protocol,True,,train,run_holdout,-1
s35,s35_right_hand_008,right_hand,8,1,inferred_from_protocol,True,,train,run_holdout,-1
s35,s35_right_hand_009,right_hand,9,1,inferred_from_protocol,True,,train,run_holdout,-1
s35,s35_right_hand_010,right_hand,10,1,inferred_from_protocol,True,,train,run_holdout,-1
s35,s35_right_hand_011,right_hand,11,1,inferred_from_protocol,True,,train,run_holdout,-1
s35,s35_right_hand_012,right_hand,12,1,inferred_from_protocol,True,,train,run_holdout,-1
s35,s35_right_hand_013,right_hand,13,1,inferred_from_protocol,True,,train,run_holdout,-1
s35,s35_right_hand_014,right_hand,14,1,inferred_from_protocol,True,,train,run_holdout,-1
s35,s35_right_hand_015,right_hand,15,1,inferred_from_protocol,True,,train,run_holdout,-1
s35,s35_right_hand_016,right_hand,16,1,inferred_from_protocol,True,,train,run_holdout,-1
s35,s35_right_hand_017,right_hand,17,1,inferred_from_protocol,True,,train,run_holdout,-1
s35,s35_right_hand_018,right_hand,18,1,inferred_from_protocol,True,,train,run_holdout,-1
s35,s35_right_hand_019,right_hand,19,1,inferred_from_protocol,True,,train,run_holdout,-1
s35,s35_right_hand_020,right_hand,20,2,inferred_from_protocol,True,,train,run_holdout,-1
s35,s35_right_hand_021,right_hand,21,2,inferred_from_protocol,True,,train,run_holdout,-1
s35,s35_right_hand_022,right_hand,22,2,inferred_from_protocol,True,,train,run_holdout,-1
s35,s35_right_hand_023,right_hand,23,2,inferred_from_protocol,True,,train,run_holdout,-1
s35,s35_right_hand_024,right_hand,24,2,inferred_from_protocol,True,,train,run_holdout,-1
s35,s35_right_hand_025,right_hand,25,2,inferred_from_protocol,True,,train,run_holdout,-1
s35,s35_right_hand_026,right_hand,26,2,inferred_from_protocol,True,,train,run_holdout,-1
s35,s35_right_hand_027,right_hand,27,2,inferred_from_protocol,True,,train,run_holdout,-1
s35,s35_right_hand_028,right_hand,28,2,inferred_from_protocol,True,,train,run_holdout,-1
s35,s35_right_hand_029,right_hand,29,2,inferred_from_protocol,True,,train,run_holdout,-1
s35,s35_right_hand_030,right_hand,30,2,inferred_from_protocol,True,,train,run_holdout,-1
s35,s35_right_hand_031,right_hand,31,2,inferred_from_protocol,True,,train,run_holdout,-1
s35,s35_right_hand_032,right_hand,32,2,inferred_from_protocol,True,,train,run_holdout,-1
s35,s35_right_hand_033,right_hand,33,2,inferred_from_protocol,True,,train,run_holdout,-1
s35,s35_right_hand_034,right_hand,34,2,inferred_from_protocol,True,,train,run_holdout,-1
s35,s35_right_hand_035,right_hand,35,2,inferred_from_protocol,True,,train,run_holdout,-1
s35,s35_right_hand_036,right_hand,36,2,inferred_from_protocol,True,,train,run_holdout,-1
s35,s35_right_hand_037,right_hand,37,2,inferred_from_protocol,True,,train,run_holdout,-1
s35,s35_right_hand_038,right_hand,38,2,inferred_from_protocol,True,,train,run_holdout,-1
s35,s35_right_hand_039,right_hand,39,2,inferred_from_protocol,True,,train,run_holdout,-1
s35,s35_right_hand_040,right_hand,40,3,inferred_from_protocol,True,,train,run_holdout,-1
s35,s35_right_hand_041,right_hand,41,3,inferred_from_protocol,True,,train,run_holdout,-1
s35,s35_right_hand_042,right_hand,42,3,inferred_from_protocol,True,,train,run_holdout,-1
s35,s35_right_hand_043,right_hand,43,3,inferred_from_protocol,True,,train,run_holdout,-1
s35,s35_right_hand_044,right_hand,44,3,inferred_from_protocol,True,,train,run_holdout,-1
s35,s35_right_hand_045,right_hand,45,3,inferred_from_protocol,True,,train,run_holdout,-1
s35,s35_right_hand_046,right_hand,46,3,inferred_from_protocol,True,,train,run_holdout,-1
s35,s35_right_hand_047,right_hand,47,3,inferred_from_protocol,True,,train,run_holdout,-1
s35,s35_right_hand_048,right_hand,48,3,inferred_from_protocol,True,,train,run_holdout,-1
s35,s35_right_hand_049,right_hand,49,3,inferred_from_protocol,True,,train,run_holdout,-1
s35,s35_right_hand_050,right_hand,50,3,inferred_from_protocol,True,,train,run_holdout,-1
s35,s35_right_hand_051,right_hand,51,3,inferred_from_protocol,True,,train,run_holdout,-1
s35,s35_right_hand_052,right_hand,52,3,inferred_from_protocol,True,,train,run_holdout,-1
s35,s35_right_hand_053,right_hand,53,3,inferred_from_protocol,True,,train,run_holdout,-1
s35,s35_right_hand_054,right_hand,54,3,inferred_from_protocol,True,,train,run_holdout,-1
s35,s35_right_hand_055,right_hand,55,3,inferred_from_protocol,True,,train,run_holdout,-1
s35,s35_right_hand_056,right_hand,56,3,inferred_from_protocol,True,,train,run_holdout,-1
s35,s35_right_hand_057,right_hand,57,3,inferred_from_protocol,True,,train,run_holdout,-1
s35,s35_right_hand_058,right_hand,58,3,inferred_from_protocol,True,,train,run_holdout,-1
s35,s35_right_hand_059,right_hand,59,3,inferred_from_protocol,True,,train,run_holdout,-1
s35,s35_right_hand_060,right_hand,60,4,inferred_from_protocol,True,,val,run_holdout,-1
s35,s35_right_hand_061,right_hand,61,4,inferred_from_protocol,True,,val,run_holdout,-1
s35,s35_right_hand_062,right_hand,62,4,inferred_from_protocol,True,,val,run_holdout,-1
s35,s35_right_hand_063,right_hand,63,4,inferred_from_protocol,True,,val,run_holdout,-1
s35,s35_right_hand_064,right_hand,64,4,inferred_from_protocol,True,,val,run_holdout,-1
s35,s35_right_hand_065,right_hand,65,4,inferred_from_protocol,True,,val,run_holdout,-1
s35,s35_right_hand_066,right_hand,66,4,inferred_from_protocol,True,,val,run_holdout,-1
s35,s35_right_hand_067,right_hand,67,4,inferred_from_protocol,True,,val,run_holdout,-1
s35,s35_right_hand_068,right_hand,68,4,inferred_from_protocol,True,,val,run_holdout,-1
s35,s35_right_hand_069,right_hand,69,4,inferred_from_protocol,True,,val,run_holdout,-1
s35,s35_right_hand_070,right_hand,70,4,inferred_from_protocol,True,,val,run_holdout,-1
s35,s35_right_hand_071,right_hand,71,4,inferred_from_protocol,True,,val,run_holdout,-1
s35,s35_right_hand_072,right_hand,72,4,inferred_from_protocol,True,,val,run_holdout,-1
s35,s35_right_hand_073,right_hand,73,4,inferred_from_protocol,True,,val,run_holdout,-1
s35,s35_right_hand_074,right_hand,74,4,inferred_from_protocol,True,,val,run_holdout,-1
s35,s35_right_hand_075,right_hand,75,4,inferred_from_protocol,True,,val,run_holdout,-1
s35,s35_right_hand_076,right_hand,76,4,inferred_from_protocol,True,,val,run_holdout,-1
s35,s35_right_hand_077,right_hand,77,4,inferred_from_protocol,True,,val,run_holdout,-1
s35,s35_right_hand_078,right_hand,78,4,inferred_from_protocol,True,,val,run_holdout,-1
s35,s35_right_hand_079,right_hand,79,4,inferred_from_protocol,True,,val,run_holdout,-1
s35,s35_right_hand_080,right_hand,80,5,inferred_from_protocol,True,,test,run_holdout,-1
s35,s35_right_hand_081,right_hand,81,5,inferred_from_protocol,True,,test,run_holdout,-1
s35,s35_right_hand_082,right_hand,82,5,inferred_from_protocol,True,,test,run_holdout,-1
s35,s35_right_hand_083,right_hand,83,5,inferred_from_protocol,True,,test,run_holdout,-1
s35,s35_right_hand_084,right_hand,84,5,inferred_from_protocol,True,,test,run_holdout,-1
s35,s35_right_hand_085,right_hand,85,5,inferred_from_protocol,True,,test,run_holdout,-1
s35,s35_right_hand_086,right_hand,86,5,inferred_from_protocol,True,,test,run_holdout,-1
s35,s35_right_hand_087,right_hand,87,5,inferred_from_protocol,True,,test,run_holdout,-1
s35,s35_right_hand_088,right_hand,88,5,inferred_from_protocol,True,,test,run_holdout,-1
s35,s35_right_hand_089,right_hand,89,5,inferred_from_protocol,True,,test,run_holdout,-1
s35,s35_right_hand_090,right_hand,90,5,inferred_from_protocol,True,,test,run_holdout,-1
s35,s35_right_hand_091,right_hand,91,5,inferred_from_protocol,True,,test,run_holdout,-1
s35,s35_right_hand_092,right_hand,92,5,inferred_from_protocol,True,,test,run_holdout,-1
s35,s35_right_hand_093,right_hand,93,5,inferred_from_protocol,True,,test,run_holdout,-1
s35,s35_right_hand_094,right_hand,94,5,inferred_from_protocol,True,,test,run_holdout,-1
s35,s35_right_hand_095,right_hand,95,5,inferred_from_protocol,True,,test,run_holdout,-1
s35,s35_right_hand_096,right_hand,96,5,inferred_from_protocol,True,,test,run_holdout,-1
s35,s35_right_hand_097,right_hand,97,5,inferred_from_protocol,True,,test,run_holdout,-1
s35,s35_right_hand_098,right_hand,98,5,inferred_from_protocol,True,,test,run_holdout,-1
s35,s35_right_hand_099,right_hand,99,5,inferred_from_protocol,True,,test,run_holdout,-1
s36,s36_left_hand_000,left_hand,0,1,inferred_from_protocol,True,,train,run_holdout,-1
s36,s36_left_hand_001,left_hand,1,1,inferred_from_protocol,True,,train,run_holdout,-1
s36,s36_left_hand_002,left_hand,2,1,inferred_from_protocol,True,,train,run_holdout,-1
s36,s36_left_hand_003,left_hand,3,1,inferred_from_protocol,True,,train,run_holdout,-1
s36,s36_left_hand_004,left_hand,4,1,inferred_from_protocol,True,,train,run_holdout,-1
s36,s36_left_hand_005,left_hand,5,1,inferred_from_protocol,True,,train,run_holdout,-1
s36,s36_left_hand_006,left_hand,6,1,inferred_from_protocol,True,,train,run_holdout,-1
s36,s36_left_hand_007,left_hand,7,1,inferred_from_protocol,True,,train,run_holdout,-1
s36,s36_left_hand_008,left_hand,8,1,inferred_from_protocol,True,,train,run_holdout,-1
s36,s36_left_hand_009,left_hand,9,1,inferred_from_protocol,True,,train,run_holdout,-1
s36,s36_left_hand_010,left_hand,10,1,inferred_from_protocol,True,,train,run_holdout,-1
s36,s36_left_hand_011,left_hand,11,1,inferred_from_protocol,True,,train,run_holdout,-1
s36,s36_left_hand_012,left_hand,12,1,inferred_from_protocol,True,,train,run_holdout,-1
s36,s36_left_hand_013,left_hand,13,1,inferred_from_protocol,True,,train,run_holdout,-1
s36,s36_left_hand_014,left_hand,14,1,inferred_from_protocol,True,,train,run_holdout,-1
s36,s36_left_hand_015,left_hand,15,1,inferred_from_protocol,False,emg_correlation,train,run_holdout,-1
s36,s36_left_hand_016,left_hand,16,1,inferred_from_protocol,True,,train,run_holdout,-1
s36,s36_left_hand_017,left_hand,17,1,inferred_from_protocol,True,,train,run_holdout,-1
s36,s36_left_hand_018,left_hand,18,1,inferred_from_protocol,True,,train,run_holdout,-1
s36,s36_left_hand_019,left_hand,19,1,inferred_from_protocol,True,,train,run_holdout,-1
s36,s36_left_hand_020,left_hand,20,2,inferred_from_protocol,True,,train,run_holdout,-1
s36,s36_left_hand_021,left_hand,21,2,inferred_from_protocol,True,,train,run_holdout,-1
s36,s36_left_hand_022,left_hand,22,2,inferred_from_protocol,True,,train,run_holdout,-1
s36,s36_left_hand_023,left_hand,23,2,inferred_from_protocol,True,,train,run_holdout,-1
s36,s36_left_hand_024,left_hand,24,2,inferred_from_protocol,True,,train,run_holdout,-1
s36,s36_left_hand_025,left_hand,25,2,inferred_from_protocol,True,,train,run_holdout,-1
s36,s36_left_hand_026,left_hand,26,2,inferred_from_protocol,True,,train,run_holdout,-1
s36,s36_left_hand_027,left_hand,27,2,inferred_from_protocol,True,,train,run_holdout,-1
s36,s36_left_hand_028,left_hand,28,2,inferred_from_protocol,True,,train,run_holdout,-1
s36,s36_left_hand_029,left_hand,29,2,inferred_from_protocol,True,,train,run_holdout,-1
s36,s36_left_hand_030,left_hand,30,2,inferred_from_protocol,True,,train,run_holdout,-1
s36,s36_left_hand_031,left_hand,31,2,inferred_from_protocol,True,,train,run_holdout,-1
s36,s36_left_hand_032,left_hand,32,2,inferred_from_protocol,True,,train,run_holdout,-1
s36,s36_left_hand_033,left_hand,33,2,inferred_from_protocol,True,,train,run_holdout,-1
s36,s36_left_hand_034,left_hand,34,2,inferred_from_protocol,True,,train,run_holdout,-1
s36,s36_left_hand_035,left_hand,35,2,inferred_from_protocol,True,,train,run_holdout,-1
s36,s36_left_hand_036,left_hand,36,2,inferred_from_protocol,True,,train,run_holdout,-1
s36,s36_left_hand_037,left_hand,37,2,inferred_from_protocol,True,,train,run_holdout,-1
s36,s36_left_hand_038,left_hand,38,2,inferred_from_protocol,True,,train,run_holdout,-1
s36,s36_left_hand_039,left_hand,39,2,inferred_from_protocol,False,emg_correlation,train,run_holdout,-1
s36,s36_left_hand_040,left_hand,40,3,inferred_from_protocol,True,,train,run_holdout,-1
s36,s36_left_hand_041,left_hand,41,3,inferred_from_protocol,True,,train,run_holdout,-1
s36,s36_left_hand_042,left_hand,42,3,inferred_from_protocol,True,,train,run_holdout,-1
s36,s36_left_hand_043,left_hand,43,3,inferred_from_protocol,True,,train,run_holdout,-1
s36,s36_left_hand_044,left_hand,44,3,inferred_from_protocol,True,,train,run_holdout,-1
s36,s36_left_hand_045,left_hand,45,3,inferred_from_protocol,True,,train,run_holdout,-1
s36,s36_left_hand_046,left_hand,46,3,inferred_from_protocol,True,,train,run_holdout,-1
s36,s36_left_hand_047,left_hand,47,3,inferred_from_protocol,True,,train,run_holdout,-1
s36,s36_left_hand_048,left_hand,48,3,inferred_from_protocol,True,,train,run_holdout,-1
s36,s36_left_hand_049,left_hand,49,3,inferred_from_protocol,True,,train,run_holdout,-1
s36,s36_left_hand_050,left_hand,50,3,inferred_from_protocol,True,,train,run_holdout,-1
s36,s36_left_hand_051,left_hand,51,3,inferred_from_protocol,True,,train,run_holdout,-1
s36,s36_left_hand_052,left_hand,52,3,inferred_from_protocol,True,,train,run_holdout,-1
s36,s36_left_hand_053,left_hand,53,3,inferred_from_protocol,True,,train,run_holdout,-1
s36,s36_left_hand_054,left_hand,54,3,inferred_from_protocol,True,,train,run_holdout,-1
s36,s36_left_hand_055,left_hand,55,3,inferred_from_protocol,True,,train,run_holdout,-1
s36,s36_left_hand_056,left_hand,56,3,inferred_from_protocol,True,,train,run_holdout,-1
s36,s36_left_hand_057,left_hand,57,3,inferred_from_protocol,True,,train,run_holdout,-1
s36,s36_left_hand_058,left_hand,58,3,inferred_from_protocol,True,,train,run_holdout,-1
s36,s36_left_hand_059,left_hand,59,3,inferred_from_protocol,True,,train,run_holdout,-1
s36,s36_left_hand_060,left_hand,60,4,inferred_from_protocol,True,,val,run_holdout,-1
s36,s36_left_hand_061,left_hand,61,4,inferred_from_protocol,True,,val,run_holdout,-1
s36,s36_left_hand_062,left_hand,62,4,inferred_from_protocol,True,,val,run_holdout,-1
s36,s36_left_hand_063,left_hand,63,4,inferred_from_protocol,True,,val,run_holdout,-1
s36,s36_left_hand_064,left_hand,64,4,inferred_from_protocol,True,,val,run_holdout,-1
s36,s36_left_hand_065,left_hand,65,4,inferred_from_protocol,True,,val,run_holdout,-1
s36,s36_left_hand_066,left_hand,66,4,inferred_from_protocol,True,,val,run_holdout,-1
s36,s36_left_hand_067,left_hand,67,4,inferred_from_protocol,True,,val,run_holdout,-1
s36,s36_left_hand_068,left_hand,68,4,inferred_from_protocol,True,,val,run_holdout,-1
s36,s36_left_hand_069,left_hand,69,4,inferred_from_protocol,True,,val,run_holdout,-1
s36,s36_left_hand_070,left_hand,70,4,inferred_from_protocol,True,,val,run_holdout,-1
s36,s36_left_hand_071,left_hand,71,4,inferred_from_protocol,True,,val,run_holdout,-1
s36,s36_left_hand_072,left_hand,72,4,inferred_from_protocol,True,,val,run_holdout,-1
s36,s36_left_hand_073,left_hand,73,4,inferred_from_protocol,True,,val,run_holdout,-1
s36,s36_left_hand_074,left_hand,74,4,inferred_from_protocol,True,,val,run_holdout,-1
s36,s36_left_hand_075,left_hand,75,4,inferred_from_protocol,True,,val,run_holdout,-1
s36,s36_left_hand_076,left_hand,76,4,inferred_from_protocol,False,amplitude,val,run_holdout,-1
s36,s36_left_hand_077,left_hand,77,4,inferred_from_protocol,True,,val,run_holdout,-1
s36,s36_left_hand_078,left_hand,78,4,inferred_from_protocol,True,,val,run_holdout,-1
s36,s36_left_hand_079,left_hand,79,4,inferred_from_protocol,True,,val,run_holdout,-1
s36,s36_left_hand_080,left_hand,80,5,inferred_from_protocol,True,,test,run_holdout,-1
s36,s36_left_hand_081,left_hand,81,5,inferred_from_protocol,True,,test,run_holdout,-1
s36,s36_left_hand_082,left_hand,82,5,inferred_from_protocol,True,,test,run_holdout,-1
s36,s36_left_hand_083,left_hand,83,5,inferred_from_protocol,True,,test,run_holdout,-1
s36,s36_left_hand_084,left_hand,84,5,inferred_from_protocol,True,,test,run_holdout,-1
s36,s36_left_hand_085,left_hand,85,5,inferred_from_protocol,True,,test,run_holdout,-1
s36,s36_left_hand_086,left_hand,86,5,inferred_from_protocol,True,,test,run_holdout,-1
s36,s36_left_hand_087,left_hand,87,5,inferred_from_protocol,True,,test,run_holdout,-1
s36,s36_left_hand_088,left_hand,88,5,inferred_from_protocol,True,,test,run_holdout,-1
s36,s36_left_hand_089,left_hand,89,5,inferred_from_protocol,True,,test,run_holdout,-1
s36,s36_left_hand_090,left_hand,90,5,inferred_from_protocol,True,,test,run_holdout,-1
s36,s36_left_hand_091,left_hand,91,5,inferred_from_protocol,True,,test,run_holdout,-1
s36,s36_left_hand_092,left_hand,92,5,inferred_from_protocol,True,,test,run_holdout,-1
s36,s36_left_hand_093,left_hand,93,5,inferred_from_protocol,False,emg_correlation,test,run_holdout,-1
s36,s36_left_hand_094,left_hand,94,5,inferred_from_protocol,True,,test,run_holdout,-1
s36,s36_left_hand_095,left_hand,95,5,inferred_from_protocol,True,,test,run_holdout,-1
s36,s36_left_hand_096,left_hand,96,5,inferred_from_protocol,True,,test,run_holdout,-1
s36,s36_left_hand_097,left_hand,97,5,inferred_from_protocol,True,,test,run_holdout,-1
s36,s36_left_hand_098,left_hand,98,5,inferred_from_protocol,True,,test,run_holdout,-1
s36,s36_left_hand_099,left_hand,99,5,inferred_from_protocol,True,,test,run_holdout,-1
s36,s36_right_hand_000,right_hand,0,1,inferred_from_protocol,True,,train,run_holdout,-1
s36,s36_right_hand_001,right_hand,1,1,inferred_from_protocol,True,,train,run_holdout,-1
s36,s36_right_hand_002,right_hand,2,1,inferred_from_protocol,True,,train,run_holdout,-1
s36,s36_right_hand_003,right_hand,3,1,inferred_from_protocol,True,,train,run_holdout,-1
s36,s36_right_hand_004,right_hand,4,1,inferred_from_protocol,True,,train,run_holdout,-1
s36,s36_right_hand_005,right_hand,5,1,inferred_from_protocol,True,,train,run_holdout,-1
s36,s36_right_hand_006,right_hand,6,1,inferred_from_protocol,True,,train,run_holdout,-1
s36,s36_right_hand_007,right_hand,7,1,inferred_from_protocol,True,,train,run_holdout,-1
s36,s36_right_hand_008,right_hand,8,1,inferred_from_protocol,True,,train,run_holdout,-1
s36,s36_right_hand_009,right_hand,9,1,inferred_from_protocol,True,,train,run_holdout,-1
s36,s36_right_hand_010,right_hand,10,1,inferred_from_protocol,True,,train,run_holdout,-1
s36,s36_right_hand_011,right_hand,11,1,inferred_from_protocol,True,,train,run_holdout,-1
s36,s36_right_hand_012,right_hand,12,1,inferred_from_protocol,True,,train,run_holdout,-1
s36,s36_right_hand_013,right_hand,13,1,inferred_from_protocol,True,,train,run_holdout,-1
s36,s36_right_hand_014,right_hand,14,1,inferred_from_protocol,True,,train,run_holdout,-1
s36,s36_right_hand_015,right_hand,15,1,inferred_from_protocol,True,,train,run_holdout,-1
s36,s36_right_hand_016,right_hand,16,1,inferred_from_protocol,True,,train,run_holdout,-1
s36,s36_right_hand_017,right_hand,17,1,inferred_from_protocol,True,,train,run_holdout,-1
s36,s36_right_hand_018,right_hand,18,1,inferred_from_protocol,True,,train,run_holdout,-1
s36,s36_right_hand_019,right_hand,19,1,inferred_from_protocol,True,,train,run_holdout,-1
s36,s36_right_hand_020,right_hand,20,2,inferred_from_protocol,True,,train,run_holdout,-1
s36,s36_right_hand_021,right_hand,21,2,inferred_from_protocol,True,,train,run_holdout,-1
s36,s36_right_hand_022,right_hand,22,2,inferred_from_protocol,True,,train,run_holdout,-1
s36,s36_right_hand_023,right_hand,23,2,inferred_from_protocol,True,,train,run_holdout,-1
s36,s36_right_hand_024,right_hand,24,2,inferred_from_protocol,True,,train,run_holdout,-1
s36,s36_right_hand_025,right_hand,25,2,inferred_from_protocol,True,,train,run_holdout,-1
s36,s36_right_hand_026,right_hand,26,2,inferred_from_protocol,True,,train,run_holdout,-1
s36,s36_right_hand_027,right_hand,27,2,inferred_from_protocol,True,,train,run_holdout,-1
s36,s36_right_hand_028,right_hand,28,2,inferred_from_protocol,True,,train,run_holdout,-1
s36,s36_right_hand_029,right_hand,29,2,inferred_from_protocol,True,,train,run_holdout,-1
s36,s36_right_hand_030,right_hand,30,2,inferred_from_protocol,True,,train,run_holdout,-1
s36,s36_right_hand_031,right_hand,31,2,inferred_from_protocol,True,,train,run_holdout,-1
s36,s36_right_hand_032,right_hand,32,2,inferred_from_protocol,False,amplitude,train,run_holdout,-1
s36,s36_right_hand_033,right_hand,33,2,inferred_from_protocol,True,,train,run_holdout,-1
s36,s36_right_hand_034,right_hand,34,2,inferred_from_protocol,True,,train,run_holdout,-1
s36,s36_right_hand_035,right_hand,35,2,inferred_from_protocol,True,,train,run_holdout,-1
s36,s36_right_hand_036,right_hand,36,2,inferred_from_protocol,True,,train,run_holdout,-1
s36,s36_right_hand_037,right_hand,37,2,inferred_from_protocol,True,,train,run_holdout,-1
s36,s36_right_hand_038,right_hand,38,2,inferred_from_protocol,True,,train,run_holdout,-1
s36,s36_right_hand_039,right_hand,39,2,inferred_from_protocol,True,,train,run_holdout,-1
s36,s36_right_hand_040,right_hand,40,3,inferred_from_protocol,True,,train,run_holdout,-1
s36,s36_right_hand_041,right_hand,41,3,inferred_from_protocol,True,,train,run_holdout,-1
s36,s36_right_hand_042,right_hand,42,3,inferred_from_protocol,True,,train,run_holdout,-1
s36,s36_right_hand_043,right_hand,43,3,inferred_from_protocol,True,,train,run_holdout,-1
s36,s36_right_hand_044,right_hand,44,3,inferred_from_protocol,True,,train,run_holdout,-1
s36,s36_right_hand_045,right_hand,45,3,inferred_from_protocol,True,,train,run_holdout,-1
s36,s36_right_hand_046,right_hand,46,3,inferred_from_protocol,True,,train,run_holdout,-1
s36,s36_right_hand_047,right_hand,47,3,inferred_from_protocol,True,,train,run_holdout,-1
s36,s36_right_hand_048,right_hand,48,3,inferred_from_protocol,True,,train,run_holdout,-1
s36,s36_right_hand_049,right_hand,49,3,inferred_from_protocol,True,,train,run_holdout,-1
s36,s36_right_hand_050,right_hand,50,3,inferred_from_protocol,True,,train,run_holdout,-1
s36,s36_right_hand_051,right_hand,51,3,inferred_from_protocol,True,,train,run_holdout,-1
s36,s36_right_hand_052,right_hand,52,3,inferred_from_protocol,True,,train,run_holdout,-1
s36,s36_right_hand_053,right_hand,53,3,inferred_from_protocol,True,,train,run_holdout,-1
s36,s36_right_hand_054,right_hand,54,3,inferred_from_protocol,True,,train,run_holdout,-1
s36,s36_right_hand_055,right_hand,55,3,inferred_from_protocol,True,,train,run_holdout,-1
s36,s36_right_hand_056,right_hand,56,3,inferred_from_protocol,True,,train,run_holdout,-1
s36,s36_right_hand_057,right_hand,57,3,inferred_from_protocol,True,,train,run_holdout,-1
s36,s36_right_hand_058,right_hand,58,3,inferred_from_protocol,True,,train,run_holdout,-1
s36,s36_right_hand_059,right_hand,59,3,inferred_from_protocol,True,,train,run_holdout,-1
s36,s36_right_hand_060,right_hand,60,4,inferred_from_protocol,True,,val,run_holdout,-1
s36,s36_right_hand_061,right_hand,61,4,inferred_from_protocol,True,,val,run_holdout,-1
s36,s36_right_hand_062,right_hand,62,4,inferred_from_protocol,True,,val,run_holdout,-1
s36,s36_right_hand_063,right_hand,63,4,inferred_from_protocol,True,,val,run_holdout,-1
s36,s36_right_hand_064,right_hand,64,4,inferred_from_protocol,True,,val,run_holdout,-1
s36,s36_right_hand_065,right_hand,65,4,inferred_from_protocol,True,,val,run_holdout,-1
s36,s36_right_hand_066,right_hand,66,4,inferred_from_protocol,True,,val,run_holdout,-1
s36,s36_right_hand_067,right_hand,67,4,inferred_from_protocol,False,emg_correlation,val,run_holdout,-1
s36,s36_right_hand_068,right_hand,68,4,inferred_from_protocol,True,,val,run_holdout,-1
s36,s36_right_hand_069,right_hand,69,4,inferred_from_protocol,True,,val,run_holdout,-1
s36,s36_right_hand_070,right_hand,70,4,inferred_from_protocol,True,,val,run_holdout,-1
s36,s36_right_hand_071,right_hand,71,4,inferred_from_protocol,True,,val,run_holdout,-1
s36,s36_right_hand_072,right_hand,72,4,inferred_from_protocol,True,,val,run_holdout,-1
s36,s36_right_hand_073,right_hand,73,4,inferred_from_protocol,True,,val,run_holdout,-1
s36,s36_right_hand_074,right_hand,74,4,inferred_from_protocol,True,,val,run_holdout,-1
s36,s36_right_hand_075,right_hand,75,4,inferred_from_protocol,True,,val,run_holdout,-1
s36,s36_right_hand_076,right_hand,76,4,inferred_from_protocol,True,,val,run_holdout,-1
s36,s36_right_hand_077,right_hand,77,4,inferred_from_protocol,True,,val,run_holdout,-1
s36,s36_right_hand_078,right_hand,78,4,inferred_from_protocol,True,,val,run_holdout,-1
s36,s36_right_hand_079,right_hand,79,4,inferred_from_protocol,True,,val,run_holdout,-1
s36,s36_right_hand_080,right_hand,80,5,inferred_from_protocol,True,,test,run_holdout,-1
s36,s36_right_hand_081,right_hand,81,5,inferred_from_protocol,True,,test,run_holdout,-1
s36,s36_right_hand_082,right_hand,82,5,inferred_from_protocol,True,,test,run_holdout,-1
s36,s36_right_hand_083,right_hand,83,5,inferred_from_protocol,False,emg_correlation,test,run_holdout,-1
s36,s36_right_hand_084,right_hand,84,5,inferred_from_protocol,True,,test,run_holdout,-1
s36,s36_right_hand_085,right_hand,85,5,inferred_from_protocol,True,,test,run_holdout,-1
s36,s36_right_hand_086,right_hand,86,5,inferred_from_protocol,True,,test,run_holdout,-1
s36,s36_right_hand_087,right_hand,87,5,inferred_from_protocol,True,,test,run_holdout,-1
s36,s36_right_hand_088,right_hand,88,5,inferred_from_protocol,True,,test,run_holdout,-1
s36,s36_right_hand_089,right_hand,89,5,inferred_from_protocol,True,,test,run_holdout,-1
s36,s36_right_hand_090,right_hand,90,5,inferred_from_protocol,True,,test,run_holdout,-1
s36,s36_right_hand_091,right_hand,91,5,inferred_from_protocol,True,,test,run_holdout,-1
s36,s36_right_hand_092,right_hand,92,5,inferred_from_protocol,True,,test,run_holdout,-1
s36,s36_right_hand_093,right_hand,93,5,inferred_from_protocol,True,,test,run_holdout,-1
s36,s36_right_hand_094,right_hand,94,5,inferred_from_protocol,True,,test,run_holdout,-1
s36,s36_right_hand_095,right_hand,95,5,inferred_from_protocol,True,,test,run_holdout,-1
s36,s36_right_hand_096,right_hand,96,5,inferred_from_protocol,True,,test,run_holdout,-1
s36,s36_right_hand_097,right_hand,97,5,inferred_from_protocol,True,,test,run_holdout,-1
s36,s36_right_hand_098,right_hand,98,5,inferred_from_protocol,True,,test,run_holdout,-1
s36,s36_right_hand_099,right_hand,99,5,inferred_from_protocol,True,,test,run_holdout,-1
s37,s37_left_hand_000,left_hand,0,1,inferred_from_protocol,True,,train,run_holdout,-1
s37,s37_left_hand_001,left_hand,1,1,inferred_from_protocol,True,,train,run_holdout,-1
s37,s37_left_hand_002,left_hand,2,1,inferred_from_protocol,True,,train,run_holdout,-1
s37,s37_left_hand_003,left_hand,3,1,inferred_from_protocol,True,,train,run_holdout,-1
s37,s37_left_hand_004,left_hand,4,1,inferred_from_protocol,True,,train,run_holdout,-1
s37,s37_left_hand_005,left_hand,5,1,inferred_from_protocol,True,,train,run_holdout,-1
s37,s37_left_hand_006,left_hand,6,1,inferred_from_protocol,True,,train,run_holdout,-1
s37,s37_left_hand_007,left_hand,7,1,inferred_from_protocol,True,,train,run_holdout,-1
s37,s37_left_hand_008,left_hand,8,1,inferred_from_protocol,True,,train,run_holdout,-1
s37,s37_left_hand_009,left_hand,9,1,inferred_from_protocol,True,,train,run_holdout,-1
s37,s37_left_hand_010,left_hand,10,1,inferred_from_protocol,True,,train,run_holdout,-1
s37,s37_left_hand_011,left_hand,11,1,inferred_from_protocol,True,,train,run_holdout,-1
s37,s37_left_hand_012,left_hand,12,1,inferred_from_protocol,True,,train,run_holdout,-1
s37,s37_left_hand_013,left_hand,13,1,inferred_from_protocol,True,,train,run_holdout,-1
s37,s37_left_hand_014,left_hand,14,1,inferred_from_protocol,True,,train,run_holdout,-1
s37,s37_left_hand_015,left_hand,15,1,inferred_from_protocol,True,,train,run_holdout,-1
s37,s37_left_hand_016,left_hand,16,1,inferred_from_protocol,True,,train,run_holdout,-1
s37,s37_left_hand_017,left_hand,17,1,inferred_from_protocol,True,,train,run_holdout,-1
s37,s37_left_hand_018,left_hand,18,1,inferred_from_protocol,True,,train,run_holdout,-1
s37,s37_left_hand_019,left_hand,19,1,inferred_from_protocol,True,,train,run_holdout,-1
s37,s37_left_hand_020,left_hand,20,2,inferred_from_protocol,True,,train,run_holdout,-1
s37,s37_left_hand_021,left_hand,21,2,inferred_from_protocol,True,,train,run_holdout,-1
s37,s37_left_hand_022,left_hand,22,2,inferred_from_protocol,True,,train,run_holdout,-1
s37,s37_left_hand_023,left_hand,23,2,inferred_from_protocol,True,,train,run_holdout,-1
s37,s37_left_hand_024,left_hand,24,2,inferred_from_protocol,True,,train,run_holdout,-1
s37,s37_left_hand_025,left_hand,25,2,inferred_from_protocol,True,,train,run_holdout,-1
s37,s37_left_hand_026,left_hand,26,2,inferred_from_protocol,True,,train,run_holdout,-1
s37,s37_left_hand_027,left_hand,27,2,inferred_from_protocol,True,,train,run_holdout,-1
s37,s37_left_hand_028,left_hand,28,2,inferred_from_protocol,True,,train,run_holdout,-1
s37,s37_left_hand_029,left_hand,29,2,inferred_from_protocol,True,,train,run_holdout,-1
s37,s37_left_hand_030,left_hand,30,2,inferred_from_protocol,True,,train,run_holdout,-1
s37,s37_left_hand_031,left_hand,31,2,inferred_from_protocol,True,,train,run_holdout,-1
s37,s37_left_hand_032,left_hand,32,2,inferred_from_protocol,True,,train,run_holdout,-1
s37,s37_left_hand_033,left_hand,33,2,inferred_from_protocol,True,,train,run_holdout,-1
s37,s37_left_hand_034,left_hand,34,2,inferred_from_protocol,True,,train,run_holdout,-1
s37,s37_left_hand_035,left_hand,35,2,inferred_from_protocol,True,,train,run_holdout,-1
s37,s37_left_hand_036,left_hand,36,2,inferred_from_protocol,True,,train,run_holdout,-1
s37,s37_left_hand_037,left_hand,37,2,inferred_from_protocol,True,,train,run_holdout,-1
s37,s37_left_hand_038,left_hand,38,2,inferred_from_protocol,True,,train,run_holdout,-1
s37,s37_left_hand_039,left_hand,39,2,inferred_from_protocol,True,,train,run_holdout,-1
s37,s37_left_hand_040,left_hand,40,3,inferred_from_protocol,True,,train,run_holdout,-1
s37,s37_left_hand_041,left_hand,41,3,inferred_from_protocol,True,,train,run_holdout,-1
s37,s37_left_hand_042,left_hand,42,3,inferred_from_protocol,True,,train,run_holdout,-1
s37,s37_left_hand_043,left_hand,43,3,inferred_from_protocol,True,,train,run_holdout,-1
s37,s37_left_hand_044,left_hand,44,3,inferred_from_protocol,True,,train,run_holdout,-1
s37,s37_left_hand_045,left_hand,45,3,inferred_from_protocol,True,,train,run_holdout,-1
s37,s37_left_hand_046,left_hand,46,3,inferred_from_protocol,True,,train,run_holdout,-1
s37,s37_left_hand_047,left_hand,47,3,inferred_from_protocol,True,,train,run_holdout,-1
s37,s37_left_hand_048,left_hand,48,3,inferred_from_protocol,True,,train,run_holdout,-1
s37,s37_left_hand_049,left_hand,49,3,inferred_from_protocol,True,,train,run_holdout,-1
s37,s37_left_hand_050,left_hand,50,3,inferred_from_protocol,True,,train,run_holdout,-1
s37,s37_left_hand_051,left_hand,51,3,inferred_from_protocol,True,,train,run_holdout,-1
s37,s37_left_hand_052,left_hand,52,3,inferred_from_protocol,True,,train,run_holdout,-1
s37,s37_left_hand_053,left_hand,53,3,inferred_from_protocol,True,,train,run_holdout,-1
s37,s37_left_hand_054,left_hand,54,3,inferred_from_protocol,True,,train,run_holdout,-1
s37,s37_left_hand_055,left_hand,55,3,inferred_from_protocol,True,,train,run_holdout,-1
s37,s37_left_hand_056,left_hand,56,3,inferred_from_protocol,True,,train,run_holdout,-1
s37,s37_left_hand_057,left_hand,57,3,inferred_from_protocol,True,,train,run_holdout,-1
s37,s37_left_hand_058,left_hand,58,3,inferred_from_protocol,True,,train,run_holdout,-1
s37,s37_left_hand_059,left_hand,59,3,inferred_from_protocol,True,,train,run_holdout,-1
s37,s37_left_hand_060,left_hand,60,4,inferred_from_protocol,True,,val,run_holdout,-1
s37,s37_left_hand_061,left_hand,61,4,inferred_from_protocol,True,,val,run_holdout,-1
s37,s37_left_hand_062,left_hand,62,4,inferred_from_protocol,True,,val,run_holdout,-1
s37,s37_left_hand_063,left_hand,63,4,inferred_from_protocol,True,,val,run_holdout,-1
s37,s37_left_hand_064,left_hand,64,4,inferred_from_protocol,True,,val,run_holdout,-1
s37,s37_left_hand_065,left_hand,65,4,inferred_from_protocol,True,,val,run_holdout,-1
s37,s37_left_hand_066,left_hand,66,4,inferred_from_protocol,True,,val,run_holdout,-1
s37,s37_left_hand_067,left_hand,67,4,inferred_from_protocol,True,,val,run_holdout,-1
s37,s37_left_hand_068,left_hand,68,4,inferred_from_protocol,True,,val,run_holdout,-1
s37,s37_left_hand_069,left_hand,69,4,inferred_from_protocol,True,,val,run_holdout,-1
s37,s37_left_hand_070,left_hand,70,4,inferred_from_protocol,True,,val,run_holdout,-1
s37,s37_left_hand_071,left_hand,71,4,inferred_from_protocol,True,,val,run_holdout,-1
s37,s37_left_hand_072,left_hand,72,4,inferred_from_protocol,True,,val,run_holdout,-1
s37,s37_left_hand_073,left_hand,73,4,inferred_from_protocol,True,,val,run_holdout,-1
s37,s37_left_hand_074,left_hand,74,4,inferred_from_protocol,True,,val,run_holdout,-1
s37,s37_left_hand_075,left_hand,75,4,inferred_from_protocol,True,,val,run_holdout,-1
s37,s37_left_hand_076,left_hand,76,4,inferred_from_protocol,True,,val,run_holdout,-1
s37,s37_left_hand_077,left_hand,77,4,inferred_from_protocol,True,,val,run_holdout,-1
s37,s37_left_hand_078,left_hand,78,4,inferred_from_protocol,True,,val,run_holdout,-1
s37,s37_left_hand_079,left_hand,79,4,inferred_from_protocol,True,,val,run_holdout,-1
s37,s37_left_hand_080,left_hand,80,5,inferred_from_protocol,True,,test,run_holdout,-1
s37,s37_left_hand_081,left_hand,81,5,inferred_from_protocol,True,,test,run_holdout,-1
s37,s37_left_hand_082,left_hand,82,5,inferred_from_protocol,True,,test,run_holdout,-1
s37,s37_left_hand_083,left_hand,83,5,inferred_from_protocol,True,,test,run_holdout,-1
s37,s37_left_hand_084,left_hand,84,5,inferred_from_protocol,True,,test,run_holdout,-1
s37,s37_left_hand_085,left_hand,85,5,inferred_from_protocol,True,,test,run_holdout,-1
s37,s37_left_hand_086,left_hand,86,5,inferred_from_protocol,True,,test,run_holdout,-1
s37,s37_left_hand_087,left_hand,87,5,inferred_from_protocol,True,,test,run_holdout,-1
s37,s37_left_hand_088,left_hand,88,5,inferred_from_protocol,True,,test,run_holdout,-1
s37,s37_left_hand_089,left_hand,89,5,inferred_from_protocol,True,,test,run_holdout,-1
s37,s37_left_hand_090,left_hand,90,5,inferred_from_protocol,True,,test,run_holdout,-1
s37,s37_left_hand_091,left_hand,91,5,inferred_from_protocol,True,,test,run_holdout,-1
s37,s37_left_hand_092,left_hand,92,5,inferred_from_protocol,True,,test,run_holdout,-1
s37,s37_left_hand_093,left_hand,93,5,inferred_from_protocol,True,,test,run_holdout,-1
s37,s37_left_hand_094,left_hand,94,5,inferred_from_protocol,True,,test,run_holdout,-1
s37,s37_left_hand_095,left_hand,95,5,inferred_from_protocol,True,,test,run_holdout,-1
s37,s37_left_hand_096,left_hand,96,5,inferred_from_protocol,True,,test,run_holdout,-1
s37,s37_left_hand_097,left_hand,97,5,inferred_from_protocol,True,,test,run_holdout,-1
s37,s37_left_hand_098,left_hand,98,5,inferred_from_protocol,True,,test,run_holdout,-1
s37,s37_left_hand_099,left_hand,99,5,inferred_from_protocol,True,,test,run_holdout,-1
s37,s37_right_hand_000,right_hand,0,1,inferred_from_protocol,True,,train,run_holdout,-1
s37,s37_right_hand_001,right_hand,1,1,inferred_from_protocol,True,,train,run_holdout,-1
s37,s37_right_hand_002,right_hand,2,1,inferred_from_protocol,True,,train,run_holdout,-1
s37,s37_right_hand_003,right_hand,3,1,inferred_from_protocol,True,,train,run_holdout,-1
s37,s37_right_hand_004,right_hand,4,1,inferred_from_protocol,True,,train,run_holdout,-1
s37,s37_right_hand_005,right_hand,5,1,inferred_from_protocol,True,,train,run_holdout,-1
s37,s37_right_hand_006,right_hand,6,1,inferred_from_protocol,True,,train,run_holdout,-1
s37,s37_right_hand_007,right_hand,7,1,inferred_from_protocol,True,,train,run_holdout,-1
s37,s37_right_hand_008,right_hand,8,1,inferred_from_protocol,True,,train,run_holdout,-1
s37,s37_right_hand_009,right_hand,9,1,inferred_from_protocol,True,,train,run_holdout,-1
s37,s37_right_hand_010,right_hand,10,1,inferred_from_protocol,True,,train,run_holdout,-1
s37,s37_right_hand_011,right_hand,11,1,inferred_from_protocol,True,,train,run_holdout,-1
s37,s37_right_hand_012,right_hand,12,1,inferred_from_protocol,True,,train,run_holdout,-1
s37,s37_right_hand_013,right_hand,13,1,inferred_from_protocol,True,,train,run_holdout,-1
s37,s37_right_hand_014,right_hand,14,1,inferred_from_protocol,True,,train,run_holdout,-1
s37,s37_right_hand_015,right_hand,15,1,inferred_from_protocol,True,,train,run_holdout,-1
s37,s37_right_hand_016,right_hand,16,1,inferred_from_protocol,True,,train,run_holdout,-1
s37,s37_right_hand_017,right_hand,17,1,inferred_from_protocol,True,,train,run_holdout,-1
s37,s37_right_hand_018,right_hand,18,1,inferred_from_protocol,True,,train,run_holdout,-1
s37,s37_right_hand_019,right_hand,19,1,inferred_from_protocol,True,,train,run_holdout,-1
s37,s37_right_hand_020,right_hand,20,2,inferred_from_protocol,True,,train,run_holdout,-1
s37,s37_right_hand_021,right_hand,21,2,inferred_from_protocol,True,,train,run_holdout,-1
s37,s37_right_hand_022,right_hand,22,2,inferred_from_protocol,True,,train,run_holdout,-1
s37,s37_right_hand_023,right_hand,23,2,inferred_from_protocol,True,,train,run_holdout,-1
s37,s37_right_hand_024,right_hand,24,2,inferred_from_protocol,True,,train,run_holdout,-1
s37,s37_right_hand_025,right_hand,25,2,inferred_from_protocol,True,,train,run_holdout,-1
s37,s37_right_hand_026,right_hand,26,2,inferred_from_protocol,True,,train,run_holdout,-1
s37,s37_right_hand_027,right_hand,27,2,inferred_from_protocol,True,,train,run_holdout,-1
s37,s37_right_hand_028,right_hand,28,2,inferred_from_protocol,True,,train,run_holdout,-1
s37,s37_right_hand_029,right_hand,29,2,inferred_from_protocol,True,,train,run_holdout,-1
s37,s37_right_hand_030,right_hand,30,2,inferred_from_protocol,True,,train,run_holdout,-1
s37,s37_right_hand_031,right_hand,31,2,inferred_from_protocol,True,,train,run_holdout,-1
s37,s37_right_hand_032,right_hand,32,2,inferred_from_protocol,True,,train,run_holdout,-1
s37,s37_right_hand_033,right_hand,33,2,inferred_from_protocol,True,,train,run_holdout,-1
s37,s37_right_hand_034,right_hand,34,2,inferred_from_protocol,True,,train,run_holdout,-1
s37,s37_right_hand_035,right_hand,35,2,inferred_from_protocol,True,,train,run_holdout,-1
s37,s37_right_hand_036,right_hand,36,2,inferred_from_protocol,True,,train,run_holdout,-1
s37,s37_right_hand_037,right_hand,37,2,inferred_from_protocol,True,,train,run_holdout,-1
s37,s37_right_hand_038,right_hand,38,2,inferred_from_protocol,True,,train,run_holdout,-1
s37,s37_right_hand_039,right_hand,39,2,inferred_from_protocol,True,,train,run_holdout,-1
s37,s37_right_hand_040,right_hand,40,3,inferred_from_protocol,True,,train,run_holdout,-1
s37,s37_right_hand_041,right_hand,41,3,inferred_from_protocol,True,,train,run_holdout,-1
s37,s37_right_hand_042,right_hand,42,3,inferred_from_protocol,True,,train,run_holdout,-1
s37,s37_right_hand_043,right_hand,43,3,inferred_from_protocol,True,,train,run_holdout,-1
s37,s37_right_hand_044,right_hand,44,3,inferred_from_protocol,True,,train,run_holdout,-1
s37,s37_right_hand_045,right_hand,45,3,inferred_from_protocol,True,,train,run_holdout,-1
s37,s37_right_hand_046,right_hand,46,3,inferred_from_protocol,True,,train,run_holdout,-1
s37,s37_right_hand_047,right_hand,47,3,inferred_from_protocol,True,,train,run_holdout,-1
s37,s37_right_hand_048,right_hand,48,3,inferred_from_protocol,True,,train,run_holdout,-1
s37,s37_right_hand_049,right_hand,49,3,inferred_from_protocol,True,,train,run_holdout,-1
s37,s37_right_hand_050,right_hand,50,3,inferred_from_protocol,True,,train,run_holdout,-1
s37,s37_right_hand_051,right_hand,51,3,inferred_from_protocol,True,,train,run_holdout,-1
s37,s37_right_hand_052,right_hand,52,3,inferred_from_protocol,True,,train,run_holdout,-1
s37,s37_right_hand_053,right_hand,53,3,inferred_from_protocol,True,,train,run_holdout,-1
s37,s37_right_hand_054,right_hand,54,3,inferred_from_protocol,True,,train,run_holdout,-1
s37,s37_right_hand_055,right_hand,55,3,inferred_from_protocol,True,,train,run_holdout,-1
s37,s37_right_hand_056,right_hand,56,3,inferred_from_protocol,True,,train,run_holdout,-1
s37,s37_right_hand_057,right_hand,57,3,inferred_from_protocol,True,,train,run_holdout,-1
s37,s37_right_hand_058,right_hand,58,3,inferred_from_protocol,True,,train,run_holdout,-1
s37,s37_right_hand_059,right_hand,59,3,inferred_from_protocol,True,,train,run_holdout,-1
s37,s37_right_hand_060,right_hand,60,4,inferred_from_protocol,True,,val,run_holdout,-1
s37,s37_right_hand_061,right_hand,61,4,inferred_from_protocol,True,,val,run_holdout,-1
s37,s37_right_hand_062,right_hand,62,4,inferred_from_protocol,True,,val,run_holdout,-1
s37,s37_right_hand_063,right_hand,63,4,inferred_from_protocol,False,amplitude,val,run_holdout,-1
s37,s37_right_hand_064,right_hand,64,4,inferred_from_protocol,True,,val,run_holdout,-1
s37,s37_right_hand_065,right_hand,65,4,inferred_from_protocol,True,,val,run_holdout,-1
s37,s37_right_hand_066,right_hand,66,4,inferred_from_protocol,True,,val,run_holdout,-1
s37,s37_right_hand_067,right_hand,67,4,inferred_from_protocol,True,,val,run_holdout,-1
s37,s37_right_hand_068,right_hand,68,4,inferred_from_protocol,False,amplitude,val,run_holdout,-1
s37,s37_right_hand_069,right_hand,69,4,inferred_from_protocol,True,,val,run_holdout,-1
s37,s37_right_hand_070,right_hand,70,4,inferred_from_protocol,True,,val,run_holdout,-1
s37,s37_right_hand_071,right_hand,71,4,inferred_from_protocol,True,,val,run_holdout,-1
s37,s37_right_hand_072,right_hand,72,4,inferred_from_protocol,True,,val,run_holdout,-1
s37,s37_right_hand_073,right_hand,73,4,inferred_from_protocol,True,,val,run_holdout,-1
s37,s37_right_hand_074,right_hand,74,4,inferred_from_protocol,False,amplitude,val,run_holdout,-1
s37,s37_right_hand_075,right_hand,75,4,inferred_from_protocol,True,,val,run_holdout,-1
s37,s37_right_hand_076,right_hand,76,4,inferred_from_protocol,True,,val,run_holdout,-1
s37,s37_right_hand_077,right_hand,77,4,inferred_from_protocol,True,,val,run_holdout,-1
s37,s37_right_hand_078,right_hand,78,4,inferred_from_protocol,True,,val,run_holdout,-1
s37,s37_right_hand_079,right_hand,79,4,inferred_from_protocol,True,,val,run_holdout,-1
s37,s37_right_hand_080,right_hand,80,5,inferred_from_protocol,True,,test,run_holdout,-1
s37,s37_right_hand_081,right_hand,81,5,inferred_from_protocol,True,,test,run_holdout,-1
s37,s37_right_hand_082,right_hand,82,5,inferred_from_protocol,True,,test,run_holdout,-1
s37,s37_right_hand_083,right_hand,83,5,inferred_from_protocol,True,,test,run_holdout,-1
s37,s37_right_hand_084,right_hand,84,5,inferred_from_protocol,True,,test,run_holdout,-1
s37,s37_right_hand_085,right_hand,85,5,inferred_from_protocol,True,,test,run_holdout,-1
s37,s37_right_hand_086,right_hand,86,5,inferred_from_protocol,True,,test,run_holdout,-1
s37,s37_right_hand_087,right_hand,87,5,inferred_from_protocol,False,amplitude,test,run_holdout,-1
s37,s37_right_hand_088,right_hand,88,5,inferred_from_protocol,True,,test,run_holdout,-1
s37,s37_right_hand_089,right_hand,89,5,inferred_from_protocol,True,,test,run_holdout,-1
s37,s37_right_hand_090,right_hand,90,5,inferred_from_protocol,True,,test,run_holdout,-1
s37,s37_right_hand_091,right_hand,91,5,inferred_from_protocol,True,,test,run_holdout,-1
s37,s37_right_hand_092,right_hand,92,5,inferred_from_protocol,True,,test,run_holdout,-1
s37,s37_right_hand_093,right_hand,93,5,inferred_from_protocol,True,,test,run_holdout,-1
s37,s37_right_hand_094,right_hand,94,5,inferred_from_protocol,True,,test,run_holdout,-1
s37,s37_right_hand_095,right_hand,95,5,inferred_from_protocol,True,,test,run_holdout,-1
s37,s37_right_hand_096,right_hand,96,5,inferred_from_protocol,True,,test,run_holdout,-1
s37,s37_right_hand_097,right_hand,97,5,inferred_from_protocol,True,,test,run_holdout,-1
s37,s37_right_hand_098,right_hand,98,5,inferred_from_protocol,True,,test,run_holdout,-1
s37,s37_right_hand_099,right_hand,99,5,inferred_from_protocol,True,,test,run_holdout,-1
s38,s38_left_hand_000,left_hand,0,1,inferred_from_protocol,True,,train,run_holdout,-1
s38,s38_left_hand_001,left_hand,1,1,inferred_from_protocol,True,,train,run_holdout,-1
s38,s38_left_hand_002,left_hand,2,1,inferred_from_protocol,True,,train,run_holdout,-1
s38,s38_left_hand_003,left_hand,3,1,inferred_from_protocol,True,,train,run_holdout,-1
s38,s38_left_hand_004,left_hand,4,1,inferred_from_protocol,True,,train,run_holdout,-1
s38,s38_left_hand_005,left_hand,5,1,inferred_from_protocol,True,,train,run_holdout,-1
s38,s38_left_hand_006,left_hand,6,1,inferred_from_protocol,True,,train,run_holdout,-1
s38,s38_left_hand_007,left_hand,7,1,inferred_from_protocol,True,,train,run_holdout,-1
s38,s38_left_hand_008,left_hand,8,1,inferred_from_protocol,True,,train,run_holdout,-1
s38,s38_left_hand_009,left_hand,9,1,inferred_from_protocol,True,,train,run_holdout,-1
s38,s38_left_hand_010,left_hand,10,1,inferred_from_protocol,True,,train,run_holdout,-1
s38,s38_left_hand_011,left_hand,11,1,inferred_from_protocol,True,,train,run_holdout,-1
s38,s38_left_hand_012,left_hand,12,1,inferred_from_protocol,True,,train,run_holdout,-1
s38,s38_left_hand_013,left_hand,13,1,inferred_from_protocol,True,,train,run_holdout,-1
s38,s38_left_hand_014,left_hand,14,1,inferred_from_protocol,True,,train,run_holdout,-1
s38,s38_left_hand_015,left_hand,15,1,inferred_from_protocol,True,,train,run_holdout,-1
s38,s38_left_hand_016,left_hand,16,1,inferred_from_protocol,True,,train,run_holdout,-1
s38,s38_left_hand_017,left_hand,17,1,inferred_from_protocol,True,,train,run_holdout,-1
s38,s38_left_hand_018,left_hand,18,1,inferred_from_protocol,True,,train,run_holdout,-1
s38,s38_left_hand_019,left_hand,19,1,inferred_from_protocol,True,,train,run_holdout,-1
s38,s38_left_hand_020,left_hand,20,2,inferred_from_protocol,True,,train,run_holdout,-1
s38,s38_left_hand_021,left_hand,21,2,inferred_from_protocol,True,,train,run_holdout,-1
s38,s38_left_hand_022,left_hand,22,2,inferred_from_protocol,True,,train,run_holdout,-1
s38,s38_left_hand_023,left_hand,23,2,inferred_from_protocol,True,,train,run_holdout,-1
s38,s38_left_hand_024,left_hand,24,2,inferred_from_protocol,True,,train,run_holdout,-1
s38,s38_left_hand_025,left_hand,25,2,inferred_from_protocol,True,,train,run_holdout,-1
s38,s38_left_hand_026,left_hand,26,2,inferred_from_protocol,True,,train,run_holdout,-1
s38,s38_left_hand_027,left_hand,27,2,inferred_from_protocol,True,,train,run_holdout,-1
s38,s38_left_hand_028,left_hand,28,2,inferred_from_protocol,True,,train,run_holdout,-1
s38,s38_left_hand_029,left_hand,29,2,inferred_from_protocol,True,,train,run_holdout,-1
s38,s38_left_hand_030,left_hand,30,2,inferred_from_protocol,True,,train,run_holdout,-1
s38,s38_left_hand_031,left_hand,31,2,inferred_from_protocol,True,,train,run_holdout,-1
s38,s38_left_hand_032,left_hand,32,2,inferred_from_protocol,True,,train,run_holdout,-1
s38,s38_left_hand_033,left_hand,33,2,inferred_from_protocol,True,,train,run_holdout,-1
s38,s38_left_hand_034,left_hand,34,2,inferred_from_protocol,True,,train,run_holdout,-1
s38,s38_left_hand_035,left_hand,35,2,inferred_from_protocol,True,,train,run_holdout,-1
s38,s38_left_hand_036,left_hand,36,2,inferred_from_protocol,True,,train,run_holdout,-1
s38,s38_left_hand_037,left_hand,37,2,inferred_from_protocol,True,,train,run_holdout,-1
s38,s38_left_hand_038,left_hand,38,2,inferred_from_protocol,True,,train,run_holdout,-1
s38,s38_left_hand_039,left_hand,39,2,inferred_from_protocol,True,,train,run_holdout,-1
s38,s38_left_hand_040,left_hand,40,3,inferred_from_protocol,True,,train,run_holdout,-1
s38,s38_left_hand_041,left_hand,41,3,inferred_from_protocol,True,,train,run_holdout,-1
s38,s38_left_hand_042,left_hand,42,3,inferred_from_protocol,True,,train,run_holdout,-1
s38,s38_left_hand_043,left_hand,43,3,inferred_from_protocol,True,,train,run_holdout,-1
s38,s38_left_hand_044,left_hand,44,3,inferred_from_protocol,True,,train,run_holdout,-1
s38,s38_left_hand_045,left_hand,45,3,inferred_from_protocol,True,,train,run_holdout,-1
s38,s38_left_hand_046,left_hand,46,3,inferred_from_protocol,True,,train,run_holdout,-1
s38,s38_left_hand_047,left_hand,47,3,inferred_from_protocol,True,,train,run_holdout,-1
s38,s38_left_hand_048,left_hand,48,3,inferred_from_protocol,True,,train,run_holdout,-1
s38,s38_left_hand_049,left_hand,49,3,inferred_from_protocol,True,,train,run_holdout,-1
s38,s38_left_hand_050,left_hand,50,3,inferred_from_protocol,True,,train,run_holdout,-1
s38,s38_left_hand_051,left_hand,51,3,inferred_from_protocol,True,,train,run_holdout,-1
s38,s38_left_hand_052,left_hand,52,3,inferred_from_protocol,True,,train,run_holdout,-1
s38,s38_left_hand_053,left_hand,53,3,inferred_from_protocol,True,,train,run_holdout,-1
s38,s38_left_hand_054,left_hand,54,3,inferred_from_protocol,True,,train,run_holdout,-1
s38,s38_left_hand_055,left_hand,55,3,inferred_from_protocol,True,,train,run_holdout,-1
s38,s38_left_hand_056,left_hand,56,3,inferred_from_protocol,False,emg_correlation,train,run_holdout,-1
s38,s38_left_hand_057,left_hand,57,3,inferred_from_protocol,True,,train,run_holdout,-1
s38,s38_left_hand_058,left_hand,58,3,inferred_from_protocol,True,,train,run_holdout,-1
s38,s38_left_hand_059,left_hand,59,3,inferred_from_protocol,True,,train,run_holdout,-1
s38,s38_left_hand_060,left_hand,60,4,inferred_from_protocol,True,,val,run_holdout,-1
s38,s38_left_hand_061,left_hand,61,4,inferred_from_protocol,True,,val,run_holdout,-1
s38,s38_left_hand_062,left_hand,62,4,inferred_from_protocol,True,,val,run_holdout,-1
s38,s38_left_hand_063,left_hand,63,4,inferred_from_protocol,True,,val,run_holdout,-1
s38,s38_left_hand_064,left_hand,64,4,inferred_from_protocol,True,,val,run_holdout,-1
s38,s38_left_hand_065,left_hand,65,4,inferred_from_protocol,True,,val,run_holdout,-1
s38,s38_left_hand_066,left_hand,66,4,inferred_from_protocol,True,,val,run_holdout,-1
s38,s38_left_hand_067,left_hand,67,4,inferred_from_protocol,True,,val,run_holdout,-1
s38,s38_left_hand_068,left_hand,68,4,inferred_from_protocol,True,,val,run_holdout,-1
s38,s38_left_hand_069,left_hand,69,4,inferred_from_protocol,True,,val,run_holdout,-1
s38,s38_left_hand_070,left_hand,70,4,inferred_from_protocol,True,,val,run_holdout,-1
s38,s38_left_hand_071,left_hand,71,4,inferred_from_protocol,False,emg_correlation,val,run_holdout,-1
s38,s38_left_hand_072,left_hand,72,4,inferred_from_protocol,True,,val,run_holdout,-1
s38,s38_left_hand_073,left_hand,73,4,inferred_from_protocol,True,,val,run_holdout,-1
s38,s38_left_hand_074,left_hand,74,4,inferred_from_protocol,True,,val,run_holdout,-1
s38,s38_left_hand_075,left_hand,75,4,inferred_from_protocol,True,,val,run_holdout,-1
s38,s38_left_hand_076,left_hand,76,4,inferred_from_protocol,True,,val,run_holdout,-1
s38,s38_left_hand_077,left_hand,77,4,inferred_from_protocol,True,,val,run_holdout,-1
s38,s38_left_hand_078,left_hand,78,4,inferred_from_protocol,True,,val,run_holdout,-1
s38,s38_left_hand_079,left_hand,79,4,inferred_from_protocol,False,emg_correlation,val,run_holdout,-1
s38,s38_left_hand_080,left_hand,80,5,inferred_from_protocol,False,emg_correlation,test,run_holdout,-1
s38,s38_left_hand_081,left_hand,81,5,inferred_from_protocol,True,,test,run_holdout,-1
s38,s38_left_hand_082,left_hand,82,5,inferred_from_protocol,True,,test,run_holdout,-1
s38,s38_left_hand_083,left_hand,83,5,inferred_from_protocol,True,,test,run_holdout,-1
s38,s38_left_hand_084,left_hand,84,5,inferred_from_protocol,True,,test,run_holdout,-1
s38,s38_left_hand_085,left_hand,85,5,inferred_from_protocol,True,,test,run_holdout,-1
s38,s38_left_hand_086,left_hand,86,5,inferred_from_protocol,True,,test,run_holdout,-1
s38,s38_left_hand_087,left_hand,87,5,inferred_from_protocol,True,,test,run_holdout,-1
s38,s38_left_hand_088,left_hand,88,5,inferred_from_protocol,True,,test,run_holdout,-1
s38,s38_left_hand_089,left_hand,89,5,inferred_from_protocol,True,,test,run_holdout,-1
s38,s38_left_hand_090,left_hand,90,5,inferred_from_protocol,True,,test,run_holdout,-1
s38,s38_left_hand_091,left_hand,91,5,inferred_from_protocol,True,,test,run_holdout,-1
s38,s38_left_hand_092,left_hand,92,5,inferred_from_protocol,True,,test,run_holdout,-1
s38,s38_left_hand_093,left_hand,93,5,inferred_from_protocol,True,,test,run_holdout,-1
s38,s38_left_hand_094,left_hand,94,5,inferred_from_protocol,True,,test,run_holdout,-1
s38,s38_left_hand_095,left_hand,95,5,inferred_from_protocol,True,,test,run_holdout,-1
s38,s38_left_hand_096,left_hand,96,5,inferred_from_protocol,True,,test,run_holdout,-1
s38,s38_left_hand_097,left_hand,97,5,inferred_from_protocol,True,,test,run_holdout,-1
s38,s38_left_hand_098,left_hand,98,5,inferred_from_protocol,True,,test,run_holdout,-1
s38,s38_left_hand_099,left_hand,99,5,inferred_from_protocol,True,,test,run_holdout,-1
s38,s38_right_hand_000,right_hand,0,1,inferred_from_protocol,True,,train,run_holdout,-1
s38,s38_right_hand_001,right_hand,1,1,inferred_from_protocol,True,,train,run_holdout,-1
s38,s38_right_hand_002,right_hand,2,1,inferred_from_protocol,True,,train,run_holdout,-1
s38,s38_right_hand_003,right_hand,3,1,inferred_from_protocol,True,,train,run_holdout,-1
s38,s38_right_hand_004,right_hand,4,1,inferred_from_protocol,True,,train,run_holdout,-1
s38,s38_right_hand_005,right_hand,5,1,inferred_from_protocol,True,,train,run_holdout,-1
s38,s38_right_hand_006,right_hand,6,1,inferred_from_protocol,True,,train,run_holdout,-1
s38,s38_right_hand_007,right_hand,7,1,inferred_from_protocol,True,,train,run_holdout,-1
s38,s38_right_hand_008,right_hand,8,1,inferred_from_protocol,True,,train,run_holdout,-1
s38,s38_right_hand_009,right_hand,9,1,inferred_from_protocol,False,emg_correlation,train,run_holdout,-1
s38,s38_right_hand_010,right_hand,10,1,inferred_from_protocol,True,,train,run_holdout,-1
s38,s38_right_hand_011,right_hand,11,1,inferred_from_protocol,True,,train,run_holdout,-1
s38,s38_right_hand_012,right_hand,12,1,inferred_from_protocol,True,,train,run_holdout,-1
s38,s38_right_hand_013,right_hand,13,1,inferred_from_protocol,True,,train,run_holdout,-1
s38,s38_right_hand_014,right_hand,14,1,inferred_from_protocol,True,,train,run_holdout,-1
s38,s38_right_hand_015,right_hand,15,1,inferred_from_protocol,True,,train,run_holdout,-1
s38,s38_right_hand_016,right_hand,16,1,inferred_from_protocol,False,emg_correlation,train,run_holdout,-1
s38,s38_right_hand_017,right_hand,17,1,inferred_from_protocol,True,,train,run_holdout,-1
s38,s38_right_hand_018,right_hand,18,1,inferred_from_protocol,True,,train,run_holdout,-1
s38,s38_right_hand_019,right_hand,19,1,inferred_from_protocol,True,,train,run_holdout,-1
s38,s38_right_hand_020,right_hand,20,2,inferred_from_protocol,True,,train,run_holdout,-1
s38,s38_right_hand_021,right_hand,21,2,inferred_from_protocol,True,,train,run_holdout,-1
s38,s38_right_hand_022,right_hand,22,2,inferred_from_protocol,True,,train,run_holdout,-1
s38,s38_right_hand_023,right_hand,23,2,inferred_from_protocol,True,,train,run_holdout,-1
s38,s38_right_hand_024,right_hand,24,2,inferred_from_protocol,True,,train,run_holdout,-1
s38,s38_right_hand_025,right_hand,25,2,inferred_from_protocol,True,,train,run_holdout,-1
s38,s38_right_hand_026,right_hand,26,2,inferred_from_protocol,True,,train,run_holdout,-1
s38,s38_right_hand_027,right_hand,27,2,inferred_from_protocol,True,,train,run_holdout,-1
s38,s38_right_hand_028,right_hand,28,2,inferred_from_protocol,True,,train,run_holdout,-1
s38,s38_right_hand_029,right_hand,29,2,inferred_from_protocol,True,,train,run_holdout,-1
s38,s38_right_hand_030,right_hand,30,2,inferred_from_protocol,True,,train,run_holdout,-1
s38,s38_right_hand_031,right_hand,31,2,inferred_from_protocol,True,,train,run_holdout,-1
s38,s38_right_hand_032,right_hand,32,2,inferred_from_protocol,True,,train,run_holdout,-1
s38,s38_right_hand_033,right_hand,33,2,inferred_from_protocol,False,emg_correlation,train,run_holdout,-1
s38,s38_right_hand_034,right_hand,34,2,inferred_from_protocol,True,,train,run_holdout,-1
s38,s38_right_hand_035,right_hand,35,2,inferred_from_protocol,True,,train,run_holdout,-1
s38,s38_right_hand_036,right_hand,36,2,inferred_from_protocol,True,,train,run_holdout,-1
s38,s38_right_hand_037,right_hand,37,2,inferred_from_protocol,True,,train,run_holdout,-1
s38,s38_right_hand_038,right_hand,38,2,inferred_from_protocol,True,,train,run_holdout,-1
s38,s38_right_hand_039,right_hand,39,2,inferred_from_protocol,True,,train,run_holdout,-1
s38,s38_right_hand_040,right_hand,40,3,inferred_from_protocol,True,,train,run_holdout,-1
s38,s38_right_hand_041,right_hand,41,3,inferred_from_protocol,True,,train,run_holdout,-1
s38,s38_right_hand_042,right_hand,42,3,inferred_from_protocol,True,,train,run_holdout,-1
s38,s38_right_hand_043,right_hand,43,3,inferred_from_protocol,True,,train,run_holdout,-1
s38,s38_right_hand_044,right_hand,44,3,inferred_from_protocol,True,,train,run_holdout,-1
s38,s38_right_hand_045,right_hand,45,3,inferred_from_protocol,True,,train,run_holdout,-1
s38,s38_right_hand_046,right_hand,46,3,inferred_from_protocol,True,,train,run_holdout,-1
s38,s38_right_hand_047,right_hand,47,3,inferred_from_protocol,True,,train,run_holdout,-1
s38,s38_right_hand_048,right_hand,48,3,inferred_from_protocol,True,,train,run_holdout,-1
s38,s38_right_hand_049,right_hand,49,3,inferred_from_protocol,True,,train,run_holdout,-1
s38,s38_right_hand_050,right_hand,50,3,inferred_from_protocol,True,,train,run_holdout,-1
s38,s38_right_hand_051,right_hand,51,3,inferred_from_protocol,True,,train,run_holdout,-1
s38,s38_right_hand_052,right_hand,52,3,inferred_from_protocol,True,,train,run_holdout,-1
s38,s38_right_hand_053,right_hand,53,3,inferred_from_protocol,True,,train,run_holdout,-1
s38,s38_right_hand_054,right_hand,54,3,inferred_from_protocol,True,,train,run_holdout,-1
s38,s38_right_hand_055,right_hand,55,3,inferred_from_protocol,True,,train,run_holdout,-1
s38,s38_right_hand_056,right_hand,56,3,inferred_from_protocol,False,emg_correlation,train,run_holdout,-1
s38,s38_right_hand_057,right_hand,57,3,inferred_from_protocol,True,,train,run_holdout,-1
s38,s38_right_hand_058,right_hand,58,3,inferred_from_protocol,True,,train,run_holdout,-1
s38,s38_right_hand_059,right_hand,59,3,inferred_from_protocol,True,,train,run_holdout,-1
s38,s38_right_hand_060,right_hand,60,4,inferred_from_protocol,True,,val,run_holdout,-1
s38,s38_right_hand_061,right_hand,61,4,inferred_from_protocol,True,,val,run_holdout,-1
s38,s38_right_hand_062,right_hand,62,4,inferred_from_protocol,True,,val,run_holdout,-1
s38,s38_right_hand_063,right_hand,63,4,inferred_from_protocol,True,,val,run_holdout,-1
s38,s38_right_hand_064,right_hand,64,4,inferred_from_protocol,True,,val,run_holdout,-1
s38,s38_right_hand_065,right_hand,65,4,inferred_from_protocol,True,,val,run_holdout,-1
s38,s38_right_hand_066,right_hand,66,4,inferred_from_protocol,True,,val,run_holdout,-1
s38,s38_right_hand_067,right_hand,67,4,inferred_from_protocol,True,,val,run_holdout,-1
s38,s38_right_hand_068,right_hand,68,4,inferred_from_protocol,True,,val,run_holdout,-1
s38,s38_right_hand_069,right_hand,69,4,inferred_from_protocol,True,,val,run_holdout,-1
s38,s38_right_hand_070,right_hand,70,4,inferred_from_protocol,True,,val,run_holdout,-1
s38,s38_right_hand_071,right_hand,71,4,inferred_from_protocol,True,,val,run_holdout,-1
s38,s38_right_hand_072,right_hand,72,4,inferred_from_protocol,True,,val,run_holdout,-1
s38,s38_right_hand_073,right_hand,73,4,inferred_from_protocol,True,,val,run_holdout,-1
s38,s38_right_hand_074,right_hand,74,4,inferred_from_protocol,True,,val,run_holdout,-1
s38,s38_right_hand_075,right_hand,75,4,inferred_from_protocol,False,emg_correlation,val,run_holdout,-1
s38,s38_right_hand_076,right_hand,76,4,inferred_from_protocol,True,,val,run_holdout,-1
s38,s38_right_hand_077,right_hand,77,4,inferred_from_protocol,True,,val,run_holdout,-1
s38,s38_right_hand_078,right_hand,78,4,inferred_from_protocol,True,,val,run_holdout,-1
s38,s38_right_hand_079,right_hand,79,4,inferred_from_protocol,True,,val,run_holdout,-1
s38,s38_right_hand_080,right_hand,80,5,inferred_from_protocol,True,,test,run_holdout,-1
s38,s38_right_hand_081,right_hand,81,5,inferred_from_protocol,True,,test,run_holdout,-1
s38,s38_right_hand_082,right_hand,82,5,inferred_from_protocol,True,,test,run_holdout,-1
s38,s38_right_hand_083,right_hand,83,5,inferred_from_protocol,True,,test,run_holdout,-1
s38,s38_right_hand_084,right_hand,84,5,inferred_from_protocol,True,,test,run_holdout,-1
s38,s38_right_hand_085,right_hand,85,5,inferred_from_protocol,True,,test,run_holdout,-1
s38,s38_right_hand_086,right_hand,86,5,inferred_from_protocol,True,,test,run_holdout,-1
s38,s38_right_hand_087,right_hand,87,5,inferred_from_protocol,True,,test,run_holdout,-1
s38,s38_right_hand_088,right_hand,88,5,inferred_from_protocol,True,,test,run_holdout,-1
s38,s38_right_hand_089,right_hand,89,5,inferred_from_protocol,True,,test,run_holdout,-1
s38,s38_right_hand_090,right_hand,90,5,inferred_from_protocol,True,,test,run_holdout,-1
s38,s38_right_hand_091,right_hand,91,5,inferred_from_protocol,True,,test,run_holdout,-1
s38,s38_right_hand_092,right_hand,92,5,inferred_from_protocol,True,,test,run_holdout,-1
s38,s38_right_hand_093,right_hand,93,5,inferred_from_protocol,True,,test,run_holdout,-1
s38,s38_right_hand_094,right_hand,94,5,inferred_from_protocol,True,,test,run_holdout,-1
s38,s38_right_hand_095,right_hand,95,5,inferred_from_protocol,True,,test,run_holdout,-1
s38,s38_right_hand_096,right_hand,96,5,inferred_from_protocol,True,,test,run_holdout,-1
s38,s38_right_hand_097,right_hand,97,5,inferred_from_protocol,True,,test,run_holdout,-1
s38,s38_right_hand_098,right_hand,98,5,inferred_from_protocol,True,,test,run_holdout,-1
s38,s38_right_hand_099,right_hand,99,5,inferred_from_protocol,True,,test,run_holdout,-1
s39,s39_left_hand_000,left_hand,0,1,inferred_from_protocol,True,,train,run_holdout,-1
s39,s39_left_hand_001,left_hand,1,1,inferred_from_protocol,True,,train,run_holdout,-1
s39,s39_left_hand_002,left_hand,2,1,inferred_from_protocol,True,,train,run_holdout,-1
s39,s39_left_hand_003,left_hand,3,1,inferred_from_protocol,True,,train,run_holdout,-1
s39,s39_left_hand_004,left_hand,4,1,inferred_from_protocol,True,,train,run_holdout,-1
s39,s39_left_hand_005,left_hand,5,1,inferred_from_protocol,True,,train,run_holdout,-1
s39,s39_left_hand_006,left_hand,6,1,inferred_from_protocol,True,,train,run_holdout,-1
s39,s39_left_hand_007,left_hand,7,1,inferred_from_protocol,True,,train,run_holdout,-1
s39,s39_left_hand_008,left_hand,8,1,inferred_from_protocol,True,,train,run_holdout,-1
s39,s39_left_hand_009,left_hand,9,1,inferred_from_protocol,True,,train,run_holdout,-1
s39,s39_left_hand_010,left_hand,10,1,inferred_from_protocol,True,,train,run_holdout,-1
s39,s39_left_hand_011,left_hand,11,1,inferred_from_protocol,True,,train,run_holdout,-1
s39,s39_left_hand_012,left_hand,12,1,inferred_from_protocol,True,,train,run_holdout,-1
s39,s39_left_hand_013,left_hand,13,1,inferred_from_protocol,True,,train,run_holdout,-1
s39,s39_left_hand_014,left_hand,14,1,inferred_from_protocol,True,,train,run_holdout,-1
s39,s39_left_hand_015,left_hand,15,1,inferred_from_protocol,True,,train,run_holdout,-1
s39,s39_left_hand_016,left_hand,16,1,inferred_from_protocol,True,,train,run_holdout,-1
s39,s39_left_hand_017,left_hand,17,1,inferred_from_protocol,True,,train,run_holdout,-1
s39,s39_left_hand_018,left_hand,18,1,inferred_from_protocol,True,,train,run_holdout,-1
s39,s39_left_hand_019,left_hand,19,1,inferred_from_protocol,True,,train,run_holdout,-1
s39,s39_left_hand_020,left_hand,20,2,inferred_from_protocol,True,,train,run_holdout,-1
s39,s39_left_hand_021,left_hand,21,2,inferred_from_protocol,True,,train,run_holdout,-1
s39,s39_left_hand_022,left_hand,22,2,inferred_from_protocol,True,,train,run_holdout,-1
s39,s39_left_hand_023,left_hand,23,2,inferred_from_protocol,True,,train,run_holdout,-1
s39,s39_left_hand_024,left_hand,24,2,inferred_from_protocol,True,,train,run_holdout,-1
s39,s39_left_hand_025,left_hand,25,2,inferred_from_protocol,True,,train,run_holdout,-1
s39,s39_left_hand_026,left_hand,26,2,inferred_from_protocol,True,,train,run_holdout,-1
s39,s39_left_hand_027,left_hand,27,2,inferred_from_protocol,True,,train,run_holdout,-1
s39,s39_left_hand_028,left_hand,28,2,inferred_from_protocol,True,,train,run_holdout,-1
s39,s39_left_hand_029,left_hand,29,2,inferred_from_protocol,True,,train,run_holdout,-1
s39,s39_left_hand_030,left_hand,30,2,inferred_from_protocol,True,,train,run_holdout,-1
s39,s39_left_hand_031,left_hand,31,2,inferred_from_protocol,True,,train,run_holdout,-1
s39,s39_left_hand_032,left_hand,32,2,inferred_from_protocol,True,,train,run_holdout,-1
s39,s39_left_hand_033,left_hand,33,2,inferred_from_protocol,True,,train,run_holdout,-1
s39,s39_left_hand_034,left_hand,34,2,inferred_from_protocol,True,,train,run_holdout,-1
s39,s39_left_hand_035,left_hand,35,2,inferred_from_protocol,True,,train,run_holdout,-1
s39,s39_left_hand_036,left_hand,36,2,inferred_from_protocol,True,,train,run_holdout,-1
s39,s39_left_hand_037,left_hand,37,2,inferred_from_protocol,True,,train,run_holdout,-1
s39,s39_left_hand_038,left_hand,38,2,inferred_from_protocol,True,,train,run_holdout,-1
s39,s39_left_hand_039,left_hand,39,2,inferred_from_protocol,True,,train,run_holdout,-1
s39,s39_left_hand_040,left_hand,40,3,inferred_from_protocol,True,,train,run_holdout,-1
s39,s39_left_hand_041,left_hand,41,3,inferred_from_protocol,True,,train,run_holdout,-1
s39,s39_left_hand_042,left_hand,42,3,inferred_from_protocol,True,,train,run_holdout,-1
s39,s39_left_hand_043,left_hand,43,3,inferred_from_protocol,True,,train,run_holdout,-1
s39,s39_left_hand_044,left_hand,44,3,inferred_from_protocol,True,,train,run_holdout,-1
s39,s39_left_hand_045,left_hand,45,3,inferred_from_protocol,True,,train,run_holdout,-1
s39,s39_left_hand_046,left_hand,46,3,inferred_from_protocol,True,,train,run_holdout,-1
s39,s39_left_hand_047,left_hand,47,3,inferred_from_protocol,True,,train,run_holdout,-1
s39,s39_left_hand_048,left_hand,48,3,inferred_from_protocol,True,,train,run_holdout,-1
s39,s39_left_hand_049,left_hand,49,3,inferred_from_protocol,True,,train,run_holdout,-1
s39,s39_left_hand_050,left_hand,50,3,inferred_from_protocol,True,,train,run_holdout,-1
s39,s39_left_hand_051,left_hand,51,3,inferred_from_protocol,True,,train,run_holdout,-1
s39,s39_left_hand_052,left_hand,52,3,inferred_from_protocol,True,,train,run_holdout,-1
s39,s39_left_hand_053,left_hand,53,3,inferred_from_protocol,True,,train,run_holdout,-1
s39,s39_left_hand_054,left_hand,54,3,inferred_from_protocol,True,,train,run_holdout,-1
s39,s39_left_hand_055,left_hand,55,3,inferred_from_protocol,True,,train,run_holdout,-1
s39,s39_left_hand_056,left_hand,56,3,inferred_from_protocol,True,,train,run_holdout,-1
s39,s39_left_hand_057,left_hand,57,3,inferred_from_protocol,True,,train,run_holdout,-1
s39,s39_left_hand_058,left_hand,58,3,inferred_from_protocol,True,,train,run_holdout,-1
s39,s39_left_hand_059,left_hand,59,3,inferred_from_protocol,True,,train,run_holdout,-1
s39,s39_left_hand_060,left_hand,60,4,inferred_from_protocol,True,,val,run_holdout,-1
s39,s39_left_hand_061,left_hand,61,4,inferred_from_protocol,True,,val,run_holdout,-1
s39,s39_left_hand_062,left_hand,62,4,inferred_from_protocol,True,,val,run_holdout,-1
s39,s39_left_hand_063,left_hand,63,4,inferred_from_protocol,True,,val,run_holdout,-1
s39,s39_left_hand_064,left_hand,64,4,inferred_from_protocol,True,,val,run_holdout,-1
s39,s39_left_hand_065,left_hand,65,4,inferred_from_protocol,True,,val,run_holdout,-1
s39,s39_left_hand_066,left_hand,66,4,inferred_from_protocol,True,,val,run_holdout,-1
s39,s39_left_hand_067,left_hand,67,4,inferred_from_protocol,True,,val,run_holdout,-1
s39,s39_left_hand_068,left_hand,68,4,inferred_from_protocol,True,,val,run_holdout,-1
s39,s39_left_hand_069,left_hand,69,4,inferred_from_protocol,True,,val,run_holdout,-1
s39,s39_left_hand_070,left_hand,70,4,inferred_from_protocol,True,,val,run_holdout,-1
s39,s39_left_hand_071,left_hand,71,4,inferred_from_protocol,True,,val,run_holdout,-1
s39,s39_left_hand_072,left_hand,72,4,inferred_from_protocol,True,,val,run_holdout,-1
s39,s39_left_hand_073,left_hand,73,4,inferred_from_protocol,True,,val,run_holdout,-1
s39,s39_left_hand_074,left_hand,74,4,inferred_from_protocol,True,,val,run_holdout,-1
s39,s39_left_hand_075,left_hand,75,4,inferred_from_protocol,True,,val,run_holdout,-1
s39,s39_left_hand_076,left_hand,76,4,inferred_from_protocol,True,,val,run_holdout,-1
s39,s39_left_hand_077,left_hand,77,4,inferred_from_protocol,True,,val,run_holdout,-1
s39,s39_left_hand_078,left_hand,78,4,inferred_from_protocol,True,,val,run_holdout,-1
s39,s39_left_hand_079,left_hand,79,4,inferred_from_protocol,True,,val,run_holdout,-1
s39,s39_left_hand_080,left_hand,80,5,inferred_from_protocol,True,,test,run_holdout,-1
s39,s39_left_hand_081,left_hand,81,5,inferred_from_protocol,True,,test,run_holdout,-1
s39,s39_left_hand_082,left_hand,82,5,inferred_from_protocol,True,,test,run_holdout,-1
s39,s39_left_hand_083,left_hand,83,5,inferred_from_protocol,True,,test,run_holdout,-1
s39,s39_left_hand_084,left_hand,84,5,inferred_from_protocol,True,,test,run_holdout,-1
s39,s39_left_hand_085,left_hand,85,5,inferred_from_protocol,True,,test,run_holdout,-1
s39,s39_left_hand_086,left_hand,86,5,inferred_from_protocol,True,,test,run_holdout,-1
s39,s39_left_hand_087,left_hand,87,5,inferred_from_protocol,True,,test,run_holdout,-1
s39,s39_left_hand_088,left_hand,88,5,inferred_from_protocol,True,,test,run_holdout,-1
s39,s39_left_hand_089,left_hand,89,5,inferred_from_protocol,True,,test,run_holdout,-1
s39,s39_left_hand_090,left_hand,90,5,inferred_from_protocol,True,,test,run_holdout,-1
s39,s39_left_hand_091,left_hand,91,5,inferred_from_protocol,True,,test,run_holdout,-1
s39,s39_left_hand_092,left_hand,92,5,inferred_from_protocol,True,,test,run_holdout,-1
s39,s39_left_hand_093,left_hand,93,5,inferred_from_protocol,True,,test,run_holdout,-1
s39,s39_left_hand_094,left_hand,94,5,inferred_from_protocol,True,,test,run_holdout,-1
s39,s39_left_hand_095,left_hand,95,5,inferred_from_protocol,True,,test,run_holdout,-1
s39,s39_left_hand_096,left_hand,96,5,inferred_from_protocol,True,,test,run_holdout,-1
s39,s39_left_hand_097,left_hand,97,5,inferred_from_protocol,True,,test,run_holdout,-1
s39,s39_left_hand_098,left_hand,98,5,inferred_from_protocol,True,,test,run_holdout,-1
s39,s39_left_hand_099,left_hand,99,5,inferred_from_protocol,True,,test,run_holdout,-1
s39,s39_right_hand_000,right_hand,0,1,inferred_from_protocol,True,,train,run_holdout,-1
s39,s39_right_hand_001,right_hand,1,1,inferred_from_protocol,True,,train,run_holdout,-1
s39,s39_right_hand_002,right_hand,2,1,inferred_from_protocol,True,,train,run_holdout,-1
s39,s39_right_hand_003,right_hand,3,1,inferred_from_protocol,True,,train,run_holdout,-1
s39,s39_right_hand_004,right_hand,4,1,inferred_from_protocol,True,,train,run_holdout,-1
s39,s39_right_hand_005,right_hand,5,1,inferred_from_protocol,True,,train,run_holdout,-1
s39,s39_right_hand_006,right_hand,6,1,inferred_from_protocol,True,,train,run_holdout,-1
s39,s39_right_hand_007,right_hand,7,1,inferred_from_protocol,True,,train,run_holdout,-1
s39,s39_right_hand_008,right_hand,8,1,inferred_from_protocol,True,,train,run_holdout,-1
s39,s39_right_hand_009,right_hand,9,1,inferred_from_protocol,True,,train,run_holdout,-1
s39,s39_right_hand_010,right_hand,10,1,inferred_from_protocol,True,,train,run_holdout,-1
s39,s39_right_hand_011,right_hand,11,1,inferred_from_protocol,True,,train,run_holdout,-1
s39,s39_right_hand_012,right_hand,12,1,inferred_from_protocol,True,,train,run_holdout,-1
s39,s39_right_hand_013,right_hand,13,1,inferred_from_protocol,True,,train,run_holdout,-1
s39,s39_right_hand_014,right_hand,14,1,inferred_from_protocol,True,,train,run_holdout,-1
s39,s39_right_hand_015,right_hand,15,1,inferred_from_protocol,True,,train,run_holdout,-1
s39,s39_right_hand_016,right_hand,16,1,inferred_from_protocol,True,,train,run_holdout,-1
s39,s39_right_hand_017,right_hand,17,1,inferred_from_protocol,True,,train,run_holdout,-1
s39,s39_right_hand_018,right_hand,18,1,inferred_from_protocol,True,,train,run_holdout,-1
s39,s39_right_hand_019,right_hand,19,1,inferred_from_protocol,True,,train,run_holdout,-1
s39,s39_right_hand_020,right_hand,20,2,inferred_from_protocol,True,,train,run_holdout,-1
s39,s39_right_hand_021,right_hand,21,2,inferred_from_protocol,True,,train,run_holdout,-1
s39,s39_right_hand_022,right_hand,22,2,inferred_from_protocol,True,,train,run_holdout,-1
s39,s39_right_hand_023,right_hand,23,2,inferred_from_protocol,True,,train,run_holdout,-1
s39,s39_right_hand_024,right_hand,24,2,inferred_from_protocol,True,,train,run_holdout,-1
s39,s39_right_hand_025,right_hand,25,2,inferred_from_protocol,True,,train,run_holdout,-1
s39,s39_right_hand_026,right_hand,26,2,inferred_from_protocol,True,,train,run_holdout,-1
s39,s39_right_hand_027,right_hand,27,2,inferred_from_protocol,True,,train,run_holdout,-1
s39,s39_right_hand_028,right_hand,28,2,inferred_from_protocol,True,,train,run_holdout,-1
s39,s39_right_hand_029,right_hand,29,2,inferred_from_protocol,True,,train,run_holdout,-1
s39,s39_right_hand_030,right_hand,30,2,inferred_from_protocol,True,,train,run_holdout,-1
s39,s39_right_hand_031,right_hand,31,2,inferred_from_protocol,True,,train,run_holdout,-1
s39,s39_right_hand_032,right_hand,32,2,inferred_from_protocol,True,,train,run_holdout,-1
s39,s39_right_hand_033,right_hand,33,2,inferred_from_protocol,True,,train,run_holdout,-1
s39,s39_right_hand_034,right_hand,34,2,inferred_from_protocol,True,,train,run_holdout,-1
s39,s39_right_hand_035,right_hand,35,2,inferred_from_protocol,True,,train,run_holdout,-1
s39,s39_right_hand_036,right_hand,36,2,inferred_from_protocol,True,,train,run_holdout,-1
s39,s39_right_hand_037,right_hand,37,2,inferred_from_protocol,True,,train,run_holdout,-1
s39,s39_right_hand_038,right_hand,38,2,inferred_from_protocol,True,,train,run_holdout,-1
s39,s39_right_hand_039,right_hand,39,2,inferred_from_protocol,True,,train,run_holdout,-1
s39,s39_right_hand_040,right_hand,40,3,inferred_from_protocol,True,,train,run_holdout,-1
s39,s39_right_hand_041,right_hand,41,3,inferred_from_protocol,True,,train,run_holdout,-1
s39,s39_right_hand_042,right_hand,42,3,inferred_from_protocol,False,emg_correlation,train,run_holdout,-1
s39,s39_right_hand_043,right_hand,43,3,inferred_from_protocol,True,,train,run_holdout,-1
s39,s39_right_hand_044,right_hand,44,3,inferred_from_protocol,True,,train,run_holdout,-1
s39,s39_right_hand_045,right_hand,45,3,inferred_from_protocol,True,,train,run_holdout,-1
s39,s39_right_hand_046,right_hand,46,3,inferred_from_protocol,True,,train,run_holdout,-1
s39,s39_right_hand_047,right_hand,47,3,inferred_from_protocol,True,,train,run_holdout,-1
s39,s39_right_hand_048,right_hand,48,3,inferred_from_protocol,True,,train,run_holdout,-1
s39,s39_right_hand_049,right_hand,49,3,inferred_from_protocol,True,,train,run_holdout,-1
s39,s39_right_hand_050,right_hand,50,3,inferred_from_protocol,True,,train,run_holdout,-1
s39,s39_right_hand_051,right_hand,51,3,inferred_from_protocol,True,,train,run_holdout,-1
s39,s39_right_hand_052,right_hand,52,3,inferred_from_protocol,True,,train,run_holdout,-1
s39,s39_right_hand_053,right_hand,53,3,inferred_from_protocol,True,,train,run_holdout,-1
s39,s39_right_hand_054,right_hand,54,3,inferred_from_protocol,True,,train,run_holdout,-1
s39,s39_right_hand_055,right_hand,55,3,inferred_from_protocol,True,,train,run_holdout,-1
s39,s39_right_hand_056,right_hand,56,3,inferred_from_protocol,True,,train,run_holdout,-1
s39,s39_right_hand_057,right_hand,57,3,inferred_from_protocol,True,,train,run_holdout,-1
s39,s39_right_hand_058,right_hand,58,3,inferred_from_protocol,True,,train,run_holdout,-1
s39,s39_right_hand_059,right_hand,59,3,inferred_from_protocol,True,,train,run_holdout,-1
s39,s39_right_hand_060,right_hand,60,4,inferred_from_protocol,True,,val,run_holdout,-1
s39,s39_right_hand_061,right_hand,61,4,inferred_from_protocol,True,,val,run_holdout,-1
s39,s39_right_hand_062,right_hand,62,4,inferred_from_protocol,True,,val,run_holdout,-1
s39,s39_right_hand_063,right_hand,63,4,inferred_from_protocol,True,,val,run_holdout,-1
s39,s39_right_hand_064,right_hand,64,4,inferred_from_protocol,True,,val,run_holdout,-1
s39,s39_right_hand_065,right_hand,65,4,inferred_from_protocol,True,,val,run_holdout,-1
s39,s39_right_hand_066,right_hand,66,4,inferred_from_protocol,True,,val,run_holdout,-1
s39,s39_right_hand_067,right_hand,67,4,inferred_from_protocol,True,,val,run_holdout,-1
s39,s39_right_hand_068,right_hand,68,4,inferred_from_protocol,True,,val,run_holdout,-1
s39,s39_right_hand_069,right_hand,69,4,inferred_from_protocol,True,,val,run_holdout,-1
s39,s39_right_hand_070,right_hand,70,4,inferred_from_protocol,True,,val,run_holdout,-1
s39,s39_right_hand_071,right_hand,71,4,inferred_from_protocol,True,,val,run_holdout,-1
s39,s39_right_hand_072,right_hand,72,4,inferred_from_protocol,True,,val,run_holdout,-1
s39,s39_right_hand_073,right_hand,73,4,inferred_from_protocol,True,,val,run_holdout,-1
s39,s39_right_hand_074,right_hand,74,4,inferred_from_protocol,True,,val,run_holdout,-1
s39,s39_right_hand_075,right_hand,75,4,inferred_from_protocol,True,,val,run_holdout,-1
s39,s39_right_hand_076,right_hand,76,4,inferred_from_protocol,True,,val,run_holdout,-1
s39,s39_right_hand_077,right_hand,77,4,inferred_from_protocol,True,,val,run_holdout,-1
s39,s39_right_hand_078,right_hand,78,4,inferred_from_protocol,True,,val,run_holdout,-1
s39,s39_right_hand_079,right_hand,79,4,inferred_from_protocol,True,,val,run_holdout,-1
s39,s39_right_hand_080,right_hand,80,5,inferred_from_protocol,True,,test,run_holdout,-1
s39,s39_right_hand_081,right_hand,81,5,inferred_from_protocol,True,,test,run_holdout,-1
s39,s39_right_hand_082,right_hand,82,5,inferred_from_protocol,True,,test,run_holdout,-1
s39,s39_right_hand_083,right_hand,83,5,inferred_from_protocol,True,,test,run_holdout,-1
s39,s39_right_hand_084,right_hand,84,5,inferred_from_protocol,True,,test,run_holdout,-1
s39,s39_right_hand_085,right_hand,85,5,inferred_from_protocol,True,,test,run_holdout,-1
s39,s39_right_hand_086,right_hand,86,5,inferred_from_protocol,True,,test,run_holdout,-1
s39,s39_right_hand_087,right_hand,87,5,inferred_from_protocol,True,,test,run_holdout,-1
s39,s39_right_hand_088,right_hand,88,5,inferred_from_protocol,True,,test,run_holdout,-1
s39,s39_right_hand_089,right_hand,89,5,inferred_from_protocol,True,,test,run_holdout,-1
s39,s39_right_hand_090,right_hand,90,5,inferred_from_protocol,True,,test,run_holdout,-1
s39,s39_right_hand_091,right_hand,91,5,inferred_from_protocol,True,,test,run_holdout,-1
s39,s39_right_hand_092,right_hand,92,5,inferred_from_protocol,True,,test,run_holdout,-1
s39,s39_right_hand_093,right_hand,93,5,inferred_from_protocol,True,,test,run_holdout,-1
s39,s39_right_hand_094,right_hand,94,5,inferred_from_protocol,True,,test,run_holdout,-1
s39,s39_right_hand_095,right_hand,95,5,inferred_from_protocol,True,,test,run_holdout,-1
s39,s39_right_hand_096,right_hand,96,5,inferred_from_protocol,True,,test,run_holdout,-1
s39,s39_right_hand_097,right_hand,97,5,inferred_from_protocol,True,,test,run_holdout,-1
s39,s39_right_hand_098,right_hand,98,5,inferred_from_protocol,True,,test,run_holdout,-1
s39,s39_right_hand_099,right_hand,99,5,inferred_from_protocol,True,,test,run_holdout,-1
s40,s40_left_hand_000,left_hand,0,1,inferred_from_protocol,True,,train,run_holdout,-1
s40,s40_left_hand_001,left_hand,1,1,inferred_from_protocol,True,,train,run_holdout,-1
s40,s40_left_hand_002,left_hand,2,1,inferred_from_protocol,True,,train,run_holdout,-1
s40,s40_left_hand_003,left_hand,3,1,inferred_from_protocol,True,,train,run_holdout,-1
s40,s40_left_hand_004,left_hand,4,1,inferred_from_protocol,True,,train,run_holdout,-1
s40,s40_left_hand_005,left_hand,5,1,inferred_from_protocol,True,,train,run_holdout,-1
s40,s40_left_hand_006,left_hand,6,1,inferred_from_protocol,True,,train,run_holdout,-1
s40,s40_left_hand_007,left_hand,7,1,inferred_from_protocol,True,,train,run_holdout,-1
s40,s40_left_hand_008,left_hand,8,1,inferred_from_protocol,True,,train,run_holdout,-1
s40,s40_left_hand_009,left_hand,9,1,inferred_from_protocol,True,,train,run_holdout,-1
s40,s40_left_hand_010,left_hand,10,1,inferred_from_protocol,True,,train,run_holdout,-1
s40,s40_left_hand_011,left_hand,11,1,inferred_from_protocol,True,,train,run_holdout,-1
s40,s40_left_hand_012,left_hand,12,1,inferred_from_protocol,True,,train,run_holdout,-1
s40,s40_left_hand_013,left_hand,13,1,inferred_from_protocol,True,,train,run_holdout,-1
s40,s40_left_hand_014,left_hand,14,1,inferred_from_protocol,True,,train,run_holdout,-1
s40,s40_left_hand_015,left_hand,15,1,inferred_from_protocol,True,,train,run_holdout,-1
s40,s40_left_hand_016,left_hand,16,1,inferred_from_protocol,True,,train,run_holdout,-1
s40,s40_left_hand_017,left_hand,17,1,inferred_from_protocol,True,,train,run_holdout,-1
s40,s40_left_hand_018,left_hand,18,1,inferred_from_protocol,True,,train,run_holdout,-1
s40,s40_left_hand_019,left_hand,19,1,inferred_from_protocol,True,,train,run_holdout,-1
s40,s40_left_hand_020,left_hand,20,2,inferred_from_protocol,True,,train,run_holdout,-1
s40,s40_left_hand_021,left_hand,21,2,inferred_from_protocol,True,,train,run_holdout,-1
s40,s40_left_hand_022,left_hand,22,2,inferred_from_protocol,True,,train,run_holdout,-1
s40,s40_left_hand_023,left_hand,23,2,inferred_from_protocol,True,,train,run_holdout,-1
s40,s40_left_hand_024,left_hand,24,2,inferred_from_protocol,True,,train,run_holdout,-1
s40,s40_left_hand_025,left_hand,25,2,inferred_from_protocol,True,,train,run_holdout,-1
s40,s40_left_hand_026,left_hand,26,2,inferred_from_protocol,True,,train,run_holdout,-1
s40,s40_left_hand_027,left_hand,27,2,inferred_from_protocol,True,,train,run_holdout,-1
s40,s40_left_hand_028,left_hand,28,2,inferred_from_protocol,True,,train,run_holdout,-1
s40,s40_left_hand_029,left_hand,29,2,inferred_from_protocol,True,,train,run_holdout,-1
s40,s40_left_hand_030,left_hand,30,2,inferred_from_protocol,True,,train,run_holdout,-1
s40,s40_left_hand_031,left_hand,31,2,inferred_from_protocol,True,,train,run_holdout,-1
s40,s40_left_hand_032,left_hand,32,2,inferred_from_protocol,True,,train,run_holdout,-1
s40,s40_left_hand_033,left_hand,33,2,inferred_from_protocol,True,,train,run_holdout,-1
s40,s40_left_hand_034,left_hand,34,2,inferred_from_protocol,True,,train,run_holdout,-1
s40,s40_left_hand_035,left_hand,35,2,inferred_from_protocol,True,,train,run_holdout,-1
s40,s40_left_hand_036,left_hand,36,2,inferred_from_protocol,True,,train,run_holdout,-1
s40,s40_left_hand_037,left_hand,37,2,inferred_from_protocol,True,,train,run_holdout,-1
s40,s40_left_hand_038,left_hand,38,2,inferred_from_protocol,True,,train,run_holdout,-1
s40,s40_left_hand_039,left_hand,39,2,inferred_from_protocol,True,,train,run_holdout,-1
s40,s40_left_hand_040,left_hand,40,3,inferred_from_protocol,True,,train,run_holdout,-1
s40,s40_left_hand_041,left_hand,41,3,inferred_from_protocol,True,,train,run_holdout,-1
s40,s40_left_hand_042,left_hand,42,3,inferred_from_protocol,True,,train,run_holdout,-1
s40,s40_left_hand_043,left_hand,43,3,inferred_from_protocol,True,,train,run_holdout,-1
s40,s40_left_hand_044,left_hand,44,3,inferred_from_protocol,True,,train,run_holdout,-1
s40,s40_left_hand_045,left_hand,45,3,inferred_from_protocol,True,,train,run_holdout,-1
s40,s40_left_hand_046,left_hand,46,3,inferred_from_protocol,True,,train,run_holdout,-1
s40,s40_left_hand_047,left_hand,47,3,inferred_from_protocol,True,,train,run_holdout,-1
s40,s40_left_hand_048,left_hand,48,3,inferred_from_protocol,True,,train,run_holdout,-1
s40,s40_left_hand_049,left_hand,49,3,inferred_from_protocol,True,,train,run_holdout,-1
s40,s40_left_hand_050,left_hand,50,3,inferred_from_protocol,True,,train,run_holdout,-1
s40,s40_left_hand_051,left_hand,51,3,inferred_from_protocol,True,,train,run_holdout,-1
s40,s40_left_hand_052,left_hand,52,3,inferred_from_protocol,True,,train,run_holdout,-1
s40,s40_left_hand_053,left_hand,53,3,inferred_from_protocol,True,,train,run_holdout,-1
s40,s40_left_hand_054,left_hand,54,3,inferred_from_protocol,True,,train,run_holdout,-1
s40,s40_left_hand_055,left_hand,55,3,inferred_from_protocol,True,,train,run_holdout,-1
s40,s40_left_hand_056,left_hand,56,3,inferred_from_protocol,True,,train,run_holdout,-1
s40,s40_left_hand_057,left_hand,57,3,inferred_from_protocol,True,,train,run_holdout,-1
s40,s40_left_hand_058,left_hand,58,3,inferred_from_protocol,True,,train,run_holdout,-1
s40,s40_left_hand_059,left_hand,59,3,inferred_from_protocol,True,,train,run_holdout,-1
s40,s40_left_hand_060,left_hand,60,4,inferred_from_protocol,True,,val,run_holdout,-1
s40,s40_left_hand_061,left_hand,61,4,inferred_from_protocol,True,,val,run_holdout,-1
s40,s40_left_hand_062,left_hand,62,4,inferred_from_protocol,True,,val,run_holdout,-1
s40,s40_left_hand_063,left_hand,63,4,inferred_from_protocol,True,,val,run_holdout,-1
s40,s40_left_hand_064,left_hand,64,4,inferred_from_protocol,True,,val,run_holdout,-1
s40,s40_left_hand_065,left_hand,65,4,inferred_from_protocol,True,,val,run_holdout,-1
s40,s40_left_hand_066,left_hand,66,4,inferred_from_protocol,True,,val,run_holdout,-1
s40,s40_left_hand_067,left_hand,67,4,inferred_from_protocol,True,,val,run_holdout,-1
s40,s40_left_hand_068,left_hand,68,4,inferred_from_protocol,True,,val,run_holdout,-1
s40,s40_left_hand_069,left_hand,69,4,inferred_from_protocol,True,,val,run_holdout,-1
s40,s40_left_hand_070,left_hand,70,4,inferred_from_protocol,True,,val,run_holdout,-1
s40,s40_left_hand_071,left_hand,71,4,inferred_from_protocol,True,,val,run_holdout,-1
s40,s40_left_hand_072,left_hand,72,4,inferred_from_protocol,True,,val,run_holdout,-1
s40,s40_left_hand_073,left_hand,73,4,inferred_from_protocol,True,,val,run_holdout,-1
s40,s40_left_hand_074,left_hand,74,4,inferred_from_protocol,True,,val,run_holdout,-1
s40,s40_left_hand_075,left_hand,75,4,inferred_from_protocol,True,,val,run_holdout,-1
s40,s40_left_hand_076,left_hand,76,4,inferred_from_protocol,True,,val,run_holdout,-1
s40,s40_left_hand_077,left_hand,77,4,inferred_from_protocol,True,,val,run_holdout,-1
s40,s40_left_hand_078,left_hand,78,4,inferred_from_protocol,True,,val,run_holdout,-1
s40,s40_left_hand_079,left_hand,79,4,inferred_from_protocol,True,,val,run_holdout,-1
s40,s40_left_hand_080,left_hand,80,5,inferred_from_protocol,True,,test,run_holdout,-1
s40,s40_left_hand_081,left_hand,81,5,inferred_from_protocol,True,,test,run_holdout,-1
s40,s40_left_hand_082,left_hand,82,5,inferred_from_protocol,True,,test,run_holdout,-1
s40,s40_left_hand_083,left_hand,83,5,inferred_from_protocol,True,,test,run_holdout,-1
s40,s40_left_hand_084,left_hand,84,5,inferred_from_protocol,True,,test,run_holdout,-1
s40,s40_left_hand_085,left_hand,85,5,inferred_from_protocol,True,,test,run_holdout,-1
s40,s40_left_hand_086,left_hand,86,5,inferred_from_protocol,True,,test,run_holdout,-1
s40,s40_left_hand_087,left_hand,87,5,inferred_from_protocol,True,,test,run_holdout,-1
s40,s40_left_hand_088,left_hand,88,5,inferred_from_protocol,True,,test,run_holdout,-1
s40,s40_left_hand_089,left_hand,89,5,inferred_from_protocol,True,,test,run_holdout,-1
s40,s40_left_hand_090,left_hand,90,5,inferred_from_protocol,True,,test,run_holdout,-1
s40,s40_left_hand_091,left_hand,91,5,inferred_from_protocol,True,,test,run_holdout,-1
s40,s40_left_hand_092,left_hand,92,5,inferred_from_protocol,True,,test,run_holdout,-1
s40,s40_left_hand_093,left_hand,93,5,inferred_from_protocol,True,,test,run_holdout,-1
s40,s40_left_hand_094,left_hand,94,5,inferred_from_protocol,True,,test,run_holdout,-1
s40,s40_left_hand_095,left_hand,95,5,inferred_from_protocol,True,,test,run_holdout,-1
s40,s40_left_hand_096,left_hand,96,5,inferred_from_protocol,True,,test,run_holdout,-1
s40,s40_left_hand_097,left_hand,97,5,inferred_from_protocol,True,,test,run_holdout,-1
s40,s40_left_hand_098,left_hand,98,5,inferred_from_protocol,True,,test,run_holdout,-1
s40,s40_left_hand_099,left_hand,99,5,inferred_from_protocol,True,,test,run_holdout,-1
s40,s40_right_hand_000,right_hand,0,1,inferred_from_protocol,True,,train,run_holdout,-1
s40,s40_right_hand_001,right_hand,1,1,inferred_from_protocol,True,,train,run_holdout,-1
s40,s40_right_hand_002,right_hand,2,1,inferred_from_protocol,True,,train,run_holdout,-1
s40,s40_right_hand_003,right_hand,3,1,inferred_from_protocol,True,,train,run_holdout,-1
s40,s40_right_hand_004,right_hand,4,1,inferred_from_protocol,True,,train,run_holdout,-1
s40,s40_right_hand_005,right_hand,5,1,inferred_from_protocol,True,,train,run_holdout,-1
s40,s40_right_hand_006,right_hand,6,1,inferred_from_protocol,True,,train,run_holdout,-1
s40,s40_right_hand_007,right_hand,7,1,inferred_from_protocol,True,,train,run_holdout,-1
s40,s40_right_hand_008,right_hand,8,1,inferred_from_protocol,True,,train,run_holdout,-1
s40,s40_right_hand_009,right_hand,9,1,inferred_from_protocol,True,,train,run_holdout,-1
s40,s40_right_hand_010,right_hand,10,1,inferred_from_protocol,True,,train,run_holdout,-1
s40,s40_right_hand_011,right_hand,11,1,inferred_from_protocol,True,,train,run_holdout,-1
s40,s40_right_hand_012,right_hand,12,1,inferred_from_protocol,True,,train,run_holdout,-1
s40,s40_right_hand_013,right_hand,13,1,inferred_from_protocol,True,,train,run_holdout,-1
s40,s40_right_hand_014,right_hand,14,1,inferred_from_protocol,True,,train,run_holdout,-1
s40,s40_right_hand_015,right_hand,15,1,inferred_from_protocol,True,,train,run_holdout,-1
s40,s40_right_hand_016,right_hand,16,1,inferred_from_protocol,True,,train,run_holdout,-1
s40,s40_right_hand_017,right_hand,17,1,inferred_from_protocol,True,,train,run_holdout,-1
s40,s40_right_hand_018,right_hand,18,1,inferred_from_protocol,True,,train,run_holdout,-1
s40,s40_right_hand_019,right_hand,19,1,inferred_from_protocol,True,,train,run_holdout,-1
s40,s40_right_hand_020,right_hand,20,2,inferred_from_protocol,True,,train,run_holdout,-1
s40,s40_right_hand_021,right_hand,21,2,inferred_from_protocol,True,,train,run_holdout,-1
s40,s40_right_hand_022,right_hand,22,2,inferred_from_protocol,True,,train,run_holdout,-1
s40,s40_right_hand_023,right_hand,23,2,inferred_from_protocol,True,,train,run_holdout,-1
s40,s40_right_hand_024,right_hand,24,2,inferred_from_protocol,True,,train,run_holdout,-1
s40,s40_right_hand_025,right_hand,25,2,inferred_from_protocol,True,,train,run_holdout,-1
s40,s40_right_hand_026,right_hand,26,2,inferred_from_protocol,True,,train,run_holdout,-1
s40,s40_right_hand_027,right_hand,27,2,inferred_from_protocol,True,,train,run_holdout,-1
s40,s40_right_hand_028,right_hand,28,2,inferred_from_protocol,True,,train,run_holdout,-1
s40,s40_right_hand_029,right_hand,29,2,inferred_from_protocol,True,,train,run_holdout,-1
s40,s40_right_hand_030,right_hand,30,2,inferred_from_protocol,True,,train,run_holdout,-1
s40,s40_right_hand_031,right_hand,31,2,inferred_from_protocol,True,,train,run_holdout,-1
s40,s40_right_hand_032,right_hand,32,2,inferred_from_protocol,True,,train,run_holdout,-1
s40,s40_right_hand_033,right_hand,33,2,inferred_from_protocol,True,,train,run_holdout,-1
s40,s40_right_hand_034,right_hand,34,2,inferred_from_protocol,True,,train,run_holdout,-1
s40,s40_right_hand_035,right_hand,35,2,inferred_from_protocol,True,,train,run_holdout,-1
s40,s40_right_hand_036,right_hand,36,2,inferred_from_protocol,True,,train,run_holdout,-1
s40,s40_right_hand_037,right_hand,37,2,inferred_from_protocol,True,,train,run_holdout,-1
s40,s40_right_hand_038,right_hand,38,2,inferred_from_protocol,True,,train,run_holdout,-1
s40,s40_right_hand_039,right_hand,39,2,inferred_from_protocol,True,,train,run_holdout,-1
s40,s40_right_hand_040,right_hand,40,3,inferred_from_protocol,True,,train,run_holdout,-1
s40,s40_right_hand_041,right_hand,41,3,inferred_from_protocol,True,,train,run_holdout,-1
s40,s40_right_hand_042,right_hand,42,3,inferred_from_protocol,True,,train,run_holdout,-1
s40,s40_right_hand_043,right_hand,43,3,inferred_from_protocol,True,,train,run_holdout,-1
s40,s40_right_hand_044,right_hand,44,3,inferred_from_protocol,True,,train,run_holdout,-1
s40,s40_right_hand_045,right_hand,45,3,inferred_from_protocol,True,,train,run_holdout,-1
s40,s40_right_hand_046,right_hand,46,3,inferred_from_protocol,True,,train,run_holdout,-1
s40,s40_right_hand_047,right_hand,47,3,inferred_from_protocol,True,,train,run_holdout,-1
s40,s40_right_hand_048,right_hand,48,3,inferred_from_protocol,True,,train,run_holdout,-1
s40,s40_right_hand_049,right_hand,49,3,inferred_from_protocol,True,,train,run_holdout,-1
s40,s40_right_hand_050,right_hand,50,3,inferred_from_protocol,True,,train,run_holdout,-1
s40,s40_right_hand_051,right_hand,51,3,inferred_from_protocol,True,,train,run_holdout,-1
s40,s40_right_hand_052,right_hand,52,3,inferred_from_protocol,True,,train,run_holdout,-1
s40,s40_right_hand_053,right_hand,53,3,inferred_from_protocol,True,,train,run_holdout,-1
s40,s40_right_hand_054,right_hand,54,3,inferred_from_protocol,True,,train,run_holdout,-1
s40,s40_right_hand_055,right_hand,55,3,inferred_from_protocol,True,,train,run_holdout,-1
s40,s40_right_hand_056,right_hand,56,3,inferred_from_protocol,True,,train,run_holdout,-1
s40,s40_right_hand_057,right_hand,57,3,inferred_from_protocol,True,,train,run_holdout,-1
s40,s40_right_hand_058,right_hand,58,3,inferred_from_protocol,True,,train,run_holdout,-1
s40,s40_right_hand_059,right_hand,59,3,inferred_from_protocol,True,,train,run_holdout,-1
s40,s40_right_hand_060,right_hand,60,4,inferred_from_protocol,True,,val,run_holdout,-1
s40,s40_right_hand_061,right_hand,61,4,inferred_from_protocol,True,,val,run_holdout,-1
s40,s40_right_hand_062,right_hand,62,4,inferred_from_protocol,True,,val,run_holdout,-1
s40,s40_right_hand_063,right_hand,63,4,inferred_from_protocol,True,,val,run_holdout,-1
s40,s40_right_hand_064,right_hand,64,4,inferred_from_protocol,True,,val,run_holdout,-1
s40,s40_right_hand_065,right_hand,65,4,inferred_from_protocol,True,,val,run_holdout,-1
s40,s40_right_hand_066,right_hand,66,4,inferred_from_protocol,True,,val,run_holdout,-1
s40,s40_right_hand_067,right_hand,67,4,inferred_from_protocol,True,,val,run_holdout,-1
s40,s40_right_hand_068,right_hand,68,4,inferred_from_protocol,True,,val,run_holdout,-1
s40,s40_right_hand_069,right_hand,69,4,inferred_from_protocol,True,,val,run_holdout,-1
s40,s40_right_hand_070,right_hand,70,4,inferred_from_protocol,True,,val,run_holdout,-1
s40,s40_right_hand_071,right_hand,71,4,inferred_from_protocol,True,,val,run_holdout,-1
s40,s40_right_hand_072,right_hand,72,4,inferred_from_protocol,True,,val,run_holdout,-1
s40,s40_right_hand_073,right_hand,73,4,inferred_from_protocol,True,,val,run_holdout,-1
s40,s40_right_hand_074,right_hand,74,4,inferred_from_protocol,True,,val,run_holdout,-1
s40,s40_right_hand_075,right_hand,75,4,inferred_from_protocol,True,,val,run_holdout,-1
s40,s40_right_hand_076,right_hand,76,4,inferred_from_protocol,True,,val,run_holdout,-1
s40,s40_right_hand_077,right_hand,77,4,inferred_from_protocol,True,,val,run_holdout,-1
s40,s40_right_hand_078,right_hand,78,4,inferred_from_protocol,True,,val,run_holdout,-1
s40,s40_right_hand_079,right_hand,79,4,inferred_from_protocol,True,,val,run_holdout,-1
s40,s40_right_hand_080,right_hand,80,5,inferred_from_protocol,True,,test,run_holdout,-1
s40,s40_right_hand_081,right_hand,81,5,inferred_from_protocol,True,,test,run_holdout,-1
s40,s40_right_hand_082,right_hand,82,5,inferred_from_protocol,True,,test,run_holdout,-1
s40,s40_right_hand_083,right_hand,83,5,inferred_from_protocol,True,,test,run_holdout,-1
s40,s40_right_hand_084,right_hand,84,5,inferred_from_protocol,True,,test,run_holdout,-1
s40,s40_right_hand_085,right_hand,85,5,inferred_from_protocol,True,,test,run_holdout,-1
s40,s40_right_hand_086,right_hand,86,5,inferred_from_protocol,True,,test,run_holdout,-1
s40,s40_right_hand_087,right_hand,87,5,inferred_from_protocol,True,,test,run_holdout,-1
s40,s40_right_hand_088,right_hand,88,5,inferred_from_protocol,True,,test,run_holdout,-1
s40,s40_right_hand_089,right_hand,89,5,inferred_from_protocol,True,,test,run_holdout,-1
s40,s40_right_hand_090,right_hand,90,5,inferred_from_protocol,True,,test,run_holdout,-1
s40,s40_right_hand_091,right_hand,91,5,inferred_from_protocol,True,,test,run_holdout,-1
s40,s40_right_hand_092,right_hand,92,5,inferred_from_protocol,True,,test,run_holdout,-1
s40,s40_right_hand_093,right_hand,93,5,inferred_from_protocol,True,,test,run_holdout,-1
s40,s40_right_hand_094,right_hand,94,5,inferred_from_protocol,True,,test,run_holdout,-1
s40,s40_right_hand_095,right_hand,95,5,inferred_from_protocol,True,,test,run_holdout,-1
s40,s40_right_hand_096,right_hand,96,5,inferred_from_protocol,True,,test,run_holdout,-1
s40,s40_right_hand_097,right_hand,97,5,inferred_from_protocol,True,,test,run_holdout,-1
s40,s40_right_hand_098,right_hand,98,5,inferred_from_protocol,True,,test,run_holdout,-1
s40,s40_right_hand_099,right_hand,99,5,inferred_from_protocol,True,,test,run_holdout,-1
s41,s41_left_hand_000,left_hand,0,1,inferred_from_protocol,True,,train,run_holdout,-1
s41,s41_left_hand_001,left_hand,1,1,inferred_from_protocol,True,,train,run_holdout,-1
s41,s41_left_hand_002,left_hand,2,1,inferred_from_protocol,True,,train,run_holdout,-1
s41,s41_left_hand_003,left_hand,3,1,inferred_from_protocol,True,,train,run_holdout,-1
s41,s41_left_hand_004,left_hand,4,1,inferred_from_protocol,True,,train,run_holdout,-1
s41,s41_left_hand_005,left_hand,5,1,inferred_from_protocol,True,,train,run_holdout,-1
s41,s41_left_hand_006,left_hand,6,1,inferred_from_protocol,True,,train,run_holdout,-1
s41,s41_left_hand_007,left_hand,7,1,inferred_from_protocol,True,,train,run_holdout,-1
s41,s41_left_hand_008,left_hand,8,1,inferred_from_protocol,True,,train,run_holdout,-1
s41,s41_left_hand_009,left_hand,9,1,inferred_from_protocol,True,,train,run_holdout,-1
s41,s41_left_hand_010,left_hand,10,1,inferred_from_protocol,True,,train,run_holdout,-1
s41,s41_left_hand_011,left_hand,11,1,inferred_from_protocol,True,,train,run_holdout,-1
s41,s41_left_hand_012,left_hand,12,1,inferred_from_protocol,True,,train,run_holdout,-1
s41,s41_left_hand_013,left_hand,13,1,inferred_from_protocol,True,,train,run_holdout,-1
s41,s41_left_hand_014,left_hand,14,1,inferred_from_protocol,True,,train,run_holdout,-1
s41,s41_left_hand_015,left_hand,15,1,inferred_from_protocol,True,,train,run_holdout,-1
s41,s41_left_hand_016,left_hand,16,1,inferred_from_protocol,True,,train,run_holdout,-1
s41,s41_left_hand_017,left_hand,17,1,inferred_from_protocol,True,,train,run_holdout,-1
s41,s41_left_hand_018,left_hand,18,1,inferred_from_protocol,True,,train,run_holdout,-1
s41,s41_left_hand_019,left_hand,19,1,inferred_from_protocol,True,,train,run_holdout,-1
s41,s41_left_hand_020,left_hand,20,2,inferred_from_protocol,True,,train,run_holdout,-1
s41,s41_left_hand_021,left_hand,21,2,inferred_from_protocol,True,,train,run_holdout,-1
s41,s41_left_hand_022,left_hand,22,2,inferred_from_protocol,True,,train,run_holdout,-1
s41,s41_left_hand_023,left_hand,23,2,inferred_from_protocol,True,,train,run_holdout,-1
s41,s41_left_hand_024,left_hand,24,2,inferred_from_protocol,True,,train,run_holdout,-1
s41,s41_left_hand_025,left_hand,25,2,inferred_from_protocol,True,,train,run_holdout,-1
s41,s41_left_hand_026,left_hand,26,2,inferred_from_protocol,True,,train,run_holdout,-1
s41,s41_left_hand_027,left_hand,27,2,inferred_from_protocol,True,,train,run_holdout,-1
s41,s41_left_hand_028,left_hand,28,2,inferred_from_protocol,True,,train,run_holdout,-1
s41,s41_left_hand_029,left_hand,29,2,inferred_from_protocol,True,,train,run_holdout,-1
s41,s41_left_hand_030,left_hand,30,2,inferred_from_protocol,True,,train,run_holdout,-1
s41,s41_left_hand_031,left_hand,31,2,inferred_from_protocol,True,,train,run_holdout,-1
s41,s41_left_hand_032,left_hand,32,2,inferred_from_protocol,True,,train,run_holdout,-1
s41,s41_left_hand_033,left_hand,33,2,inferred_from_protocol,True,,train,run_holdout,-1
s41,s41_left_hand_034,left_hand,34,2,inferred_from_protocol,True,,train,run_holdout,-1
s41,s41_left_hand_035,left_hand,35,2,inferred_from_protocol,True,,train,run_holdout,-1
s41,s41_left_hand_036,left_hand,36,2,inferred_from_protocol,True,,train,run_holdout,-1
s41,s41_left_hand_037,left_hand,37,2,inferred_from_protocol,True,,train,run_holdout,-1
s41,s41_left_hand_038,left_hand,38,2,inferred_from_protocol,True,,train,run_holdout,-1
s41,s41_left_hand_039,left_hand,39,2,inferred_from_protocol,True,,train,run_holdout,-1
s41,s41_left_hand_040,left_hand,40,3,inferred_from_protocol,True,,train,run_holdout,-1
s41,s41_left_hand_041,left_hand,41,3,inferred_from_protocol,True,,train,run_holdout,-1
s41,s41_left_hand_042,left_hand,42,3,inferred_from_protocol,True,,train,run_holdout,-1
s41,s41_left_hand_043,left_hand,43,3,inferred_from_protocol,True,,train,run_holdout,-1
s41,s41_left_hand_044,left_hand,44,3,inferred_from_protocol,True,,train,run_holdout,-1
s41,s41_left_hand_045,left_hand,45,3,inferred_from_protocol,True,,train,run_holdout,-1
s41,s41_left_hand_046,left_hand,46,3,inferred_from_protocol,True,,train,run_holdout,-1
s41,s41_left_hand_047,left_hand,47,3,inferred_from_protocol,True,,train,run_holdout,-1
s41,s41_left_hand_048,left_hand,48,3,inferred_from_protocol,True,,train,run_holdout,-1
s41,s41_left_hand_049,left_hand,49,3,inferred_from_protocol,True,,train,run_holdout,-1
s41,s41_left_hand_050,left_hand,50,3,inferred_from_protocol,True,,train,run_holdout,-1
s41,s41_left_hand_051,left_hand,51,3,inferred_from_protocol,True,,train,run_holdout,-1
s41,s41_left_hand_052,left_hand,52,3,inferred_from_protocol,True,,train,run_holdout,-1
s41,s41_left_hand_053,left_hand,53,3,inferred_from_protocol,True,,train,run_holdout,-1
s41,s41_left_hand_054,left_hand,54,3,inferred_from_protocol,True,,train,run_holdout,-1
s41,s41_left_hand_055,left_hand,55,3,inferred_from_protocol,True,,train,run_holdout,-1
s41,s41_left_hand_056,left_hand,56,3,inferred_from_protocol,True,,train,run_holdout,-1
s41,s41_left_hand_057,left_hand,57,3,inferred_from_protocol,True,,train,run_holdout,-1
s41,s41_left_hand_058,left_hand,58,3,inferred_from_protocol,True,,train,run_holdout,-1
s41,s41_left_hand_059,left_hand,59,3,inferred_from_protocol,True,,train,run_holdout,-1
s41,s41_left_hand_060,left_hand,60,4,inferred_from_protocol,True,,val,run_holdout,-1
s41,s41_left_hand_061,left_hand,61,4,inferred_from_protocol,True,,val,run_holdout,-1
s41,s41_left_hand_062,left_hand,62,4,inferred_from_protocol,True,,val,run_holdout,-1
s41,s41_left_hand_063,left_hand,63,4,inferred_from_protocol,True,,val,run_holdout,-1
s41,s41_left_hand_064,left_hand,64,4,inferred_from_protocol,True,,val,run_holdout,-1
s41,s41_left_hand_065,left_hand,65,4,inferred_from_protocol,True,,val,run_holdout,-1
s41,s41_left_hand_066,left_hand,66,4,inferred_from_protocol,True,,val,run_holdout,-1
s41,s41_left_hand_067,left_hand,67,4,inferred_from_protocol,True,,val,run_holdout,-1
s41,s41_left_hand_068,left_hand,68,4,inferred_from_protocol,True,,val,run_holdout,-1
s41,s41_left_hand_069,left_hand,69,4,inferred_from_protocol,True,,val,run_holdout,-1
s41,s41_left_hand_070,left_hand,70,4,inferred_from_protocol,True,,val,run_holdout,-1
s41,s41_left_hand_071,left_hand,71,4,inferred_from_protocol,True,,val,run_holdout,-1
s41,s41_left_hand_072,left_hand,72,4,inferred_from_protocol,True,,val,run_holdout,-1
s41,s41_left_hand_073,left_hand,73,4,inferred_from_protocol,True,,val,run_holdout,-1
s41,s41_left_hand_074,left_hand,74,4,inferred_from_protocol,True,,val,run_holdout,-1
s41,s41_left_hand_075,left_hand,75,4,inferred_from_protocol,True,,val,run_holdout,-1
s41,s41_left_hand_076,left_hand,76,4,inferred_from_protocol,True,,val,run_holdout,-1
s41,s41_left_hand_077,left_hand,77,4,inferred_from_protocol,True,,val,run_holdout,-1
s41,s41_left_hand_078,left_hand,78,4,inferred_from_protocol,True,,val,run_holdout,-1
s41,s41_left_hand_079,left_hand,79,4,inferred_from_protocol,True,,val,run_holdout,-1
s41,s41_left_hand_080,left_hand,80,5,inferred_from_protocol,True,,test,run_holdout,-1
s41,s41_left_hand_081,left_hand,81,5,inferred_from_protocol,True,,test,run_holdout,-1
s41,s41_left_hand_082,left_hand,82,5,inferred_from_protocol,True,,test,run_holdout,-1
s41,s41_left_hand_083,left_hand,83,5,inferred_from_protocol,True,,test,run_holdout,-1
s41,s41_left_hand_084,left_hand,84,5,inferred_from_protocol,True,,test,run_holdout,-1
s41,s41_left_hand_085,left_hand,85,5,inferred_from_protocol,True,,test,run_holdout,-1
s41,s41_left_hand_086,left_hand,86,5,inferred_from_protocol,True,,test,run_holdout,-1
s41,s41_left_hand_087,left_hand,87,5,inferred_from_protocol,True,,test,run_holdout,-1
s41,s41_left_hand_088,left_hand,88,5,inferred_from_protocol,True,,test,run_holdout,-1
s41,s41_left_hand_089,left_hand,89,5,inferred_from_protocol,True,,test,run_holdout,-1
s41,s41_left_hand_090,left_hand,90,5,inferred_from_protocol,True,,test,run_holdout,-1
s41,s41_left_hand_091,left_hand,91,5,inferred_from_protocol,True,,test,run_holdout,-1
s41,s41_left_hand_092,left_hand,92,5,inferred_from_protocol,True,,test,run_holdout,-1
s41,s41_left_hand_093,left_hand,93,5,inferred_from_protocol,True,,test,run_holdout,-1
s41,s41_left_hand_094,left_hand,94,5,inferred_from_protocol,True,,test,run_holdout,-1
s41,s41_left_hand_095,left_hand,95,5,inferred_from_protocol,True,,test,run_holdout,-1
s41,s41_left_hand_096,left_hand,96,5,inferred_from_protocol,True,,test,run_holdout,-1
s41,s41_left_hand_097,left_hand,97,5,inferred_from_protocol,True,,test,run_holdout,-1
s41,s41_left_hand_098,left_hand,98,5,inferred_from_protocol,True,,test,run_holdout,-1
s41,s41_left_hand_099,left_hand,99,5,inferred_from_protocol,True,,test,run_holdout,-1
s41,s41_right_hand_000,right_hand,0,1,inferred_from_protocol,False,emg_correlation,train,run_holdout,-1
s41,s41_right_hand_001,right_hand,1,1,inferred_from_protocol,True,,train,run_holdout,-1
s41,s41_right_hand_002,right_hand,2,1,inferred_from_protocol,True,,train,run_holdout,-1
s41,s41_right_hand_003,right_hand,3,1,inferred_from_protocol,True,,train,run_holdout,-1
s41,s41_right_hand_004,right_hand,4,1,inferred_from_protocol,True,,train,run_holdout,-1
s41,s41_right_hand_005,right_hand,5,1,inferred_from_protocol,True,,train,run_holdout,-1
s41,s41_right_hand_006,right_hand,6,1,inferred_from_protocol,True,,train,run_holdout,-1
s41,s41_right_hand_007,right_hand,7,1,inferred_from_protocol,True,,train,run_holdout,-1
s41,s41_right_hand_008,right_hand,8,1,inferred_from_protocol,True,,train,run_holdout,-1
s41,s41_right_hand_009,right_hand,9,1,inferred_from_protocol,True,,train,run_holdout,-1
s41,s41_right_hand_010,right_hand,10,1,inferred_from_protocol,True,,train,run_holdout,-1
s41,s41_right_hand_011,right_hand,11,1,inferred_from_protocol,True,,train,run_holdout,-1
s41,s41_right_hand_012,right_hand,12,1,inferred_from_protocol,True,,train,run_holdout,-1
s41,s41_right_hand_013,right_hand,13,1,inferred_from_protocol,True,,train,run_holdout,-1
s41,s41_right_hand_014,right_hand,14,1,inferred_from_protocol,True,,train,run_holdout,-1
s41,s41_right_hand_015,right_hand,15,1,inferred_from_protocol,True,,train,run_holdout,-1
s41,s41_right_hand_016,right_hand,16,1,inferred_from_protocol,True,,train,run_holdout,-1
s41,s41_right_hand_017,right_hand,17,1,inferred_from_protocol,True,,train,run_holdout,-1
s41,s41_right_hand_018,right_hand,18,1,inferred_from_protocol,True,,train,run_holdout,-1
s41,s41_right_hand_019,right_hand,19,1,inferred_from_protocol,True,,train,run_holdout,-1
s41,s41_right_hand_020,right_hand,20,2,inferred_from_protocol,True,,train,run_holdout,-1
s41,s41_right_hand_021,right_hand,21,2,inferred_from_protocol,True,,train,run_holdout,-1
s41,s41_right_hand_022,right_hand,22,2,inferred_from_protocol,True,,train,run_holdout,-1
s41,s41_right_hand_023,right_hand,23,2,inferred_from_protocol,True,,train,run_holdout,-1
s41,s41_right_hand_024,right_hand,24,2,inferred_from_protocol,True,,train,run_holdout,-1
s41,s41_right_hand_025,right_hand,25,2,inferred_from_protocol,True,,train,run_holdout,-1
s41,s41_right_hand_026,right_hand,26,2,inferred_from_protocol,True,,train,run_holdout,-1
s41,s41_right_hand_027,right_hand,27,2,inferred_from_protocol,True,,train,run_holdout,-1
s41,s41_right_hand_028,right_hand,28,2,inferred_from_protocol,True,,train,run_holdout,-1
s41,s41_right_hand_029,right_hand,29,2,inferred_from_protocol,True,,train,run_holdout,-1
s41,s41_right_hand_030,right_hand,30,2,inferred_from_protocol,True,,train,run_holdout,-1
s41,s41_right_hand_031,right_hand,31,2,inferred_from_protocol,True,,train,run_holdout,-1
s41,s41_right_hand_032,right_hand,32,2,inferred_from_protocol,True,,train,run_holdout,-1
s41,s41_right_hand_033,right_hand,33,2,inferred_from_protocol,True,,train,run_holdout,-1
s41,s41_right_hand_034,right_hand,34,2,inferred_from_protocol,True,,train,run_holdout,-1
s41,s41_right_hand_035,right_hand,35,2,inferred_from_protocol,True,,train,run_holdout,-1
s41,s41_right_hand_036,right_hand,36,2,inferred_from_protocol,True,,train,run_holdout,-1
s41,s41_right_hand_037,right_hand,37,2,inferred_from_protocol,True,,train,run_holdout,-1
s41,s41_right_hand_038,right_hand,38,2,inferred_from_protocol,True,,train,run_holdout,-1
s41,s41_right_hand_039,right_hand,39,2,inferred_from_protocol,True,,train,run_holdout,-1
s41,s41_right_hand_040,right_hand,40,3,inferred_from_protocol,True,,train,run_holdout,-1
s41,s41_right_hand_041,right_hand,41,3,inferred_from_protocol,True,,train,run_holdout,-1
s41,s41_right_hand_042,right_hand,42,3,inferred_from_protocol,True,,train,run_holdout,-1
s41,s41_right_hand_043,right_hand,43,3,inferred_from_protocol,True,,train,run_holdout,-1
s41,s41_right_hand_044,right_hand,44,3,inferred_from_protocol,True,,train,run_holdout,-1
s41,s41_right_hand_045,right_hand,45,3,inferred_from_protocol,True,,train,run_holdout,-1
s41,s41_right_hand_046,right_hand,46,3,inferred_from_protocol,True,,train,run_holdout,-1
s41,s41_right_hand_047,right_hand,47,3,inferred_from_protocol,True,,train,run_holdout,-1
s41,s41_right_hand_048,right_hand,48,3,inferred_from_protocol,True,,train,run_holdout,-1
s41,s41_right_hand_049,right_hand,49,3,inferred_from_protocol,True,,train,run_holdout,-1
s41,s41_right_hand_050,right_hand,50,3,inferred_from_protocol,True,,train,run_holdout,-1
s41,s41_right_hand_051,right_hand,51,3,inferred_from_protocol,True,,train,run_holdout,-1
s41,s41_right_hand_052,right_hand,52,3,inferred_from_protocol,True,,train,run_holdout,-1
s41,s41_right_hand_053,right_hand,53,3,inferred_from_protocol,True,,train,run_holdout,-1
s41,s41_right_hand_054,right_hand,54,3,inferred_from_protocol,True,,train,run_holdout,-1
s41,s41_right_hand_055,right_hand,55,3,inferred_from_protocol,True,,train,run_holdout,-1
s41,s41_right_hand_056,right_hand,56,3,inferred_from_protocol,True,,train,run_holdout,-1
s41,s41_right_hand_057,right_hand,57,3,inferred_from_protocol,True,,train,run_holdout,-1
s41,s41_right_hand_058,right_hand,58,3,inferred_from_protocol,True,,train,run_holdout,-1
s41,s41_right_hand_059,right_hand,59,3,inferred_from_protocol,True,,train,run_holdout,-1
s41,s41_right_hand_060,right_hand,60,4,inferred_from_protocol,True,,val,run_holdout,-1
s41,s41_right_hand_061,right_hand,61,4,inferred_from_protocol,True,,val,run_holdout,-1
s41,s41_right_hand_062,right_hand,62,4,inferred_from_protocol,True,,val,run_holdout,-1
s41,s41_right_hand_063,right_hand,63,4,inferred_from_protocol,True,,val,run_holdout,-1
s41,s41_right_hand_064,right_hand,64,4,inferred_from_protocol,True,,val,run_holdout,-1
s41,s41_right_hand_065,right_hand,65,4,inferred_from_protocol,True,,val,run_holdout,-1
s41,s41_right_hand_066,right_hand,66,4,inferred_from_protocol,True,,val,run_holdout,-1
s41,s41_right_hand_067,right_hand,67,4,inferred_from_protocol,True,,val,run_holdout,-1
s41,s41_right_hand_068,right_hand,68,4,inferred_from_protocol,True,,val,run_holdout,-1
s41,s41_right_hand_069,right_hand,69,4,inferred_from_protocol,True,,val,run_holdout,-1
s41,s41_right_hand_070,right_hand,70,4,inferred_from_protocol,True,,val,run_holdout,-1
s41,s41_right_hand_071,right_hand,71,4,inferred_from_protocol,True,,val,run_holdout,-1
s41,s41_right_hand_072,right_hand,72,4,inferred_from_protocol,True,,val,run_holdout,-1
s41,s41_right_hand_073,right_hand,73,4,inferred_from_protocol,True,,val,run_holdout,-1
s41,s41_right_hand_074,right_hand,74,4,inferred_from_protocol,True,,val,run_holdout,-1
s41,s41_right_hand_075,right_hand,75,4,inferred_from_protocol,True,,val,run_holdout,-1
s41,s41_right_hand_076,right_hand,76,4,inferred_from_protocol,True,,val,run_holdout,-1
s41,s41_right_hand_077,right_hand,77,4,inferred_from_protocol,True,,val,run_holdout,-1
s41,s41_right_hand_078,right_hand,78,4,inferred_from_protocol,True,,val,run_holdout,-1
s41,s41_right_hand_079,right_hand,79,4,inferred_from_protocol,True,,val,run_holdout,-1
s41,s41_right_hand_080,right_hand,80,5,inferred_from_protocol,True,,test,run_holdout,-1
s41,s41_right_hand_081,right_hand,81,5,inferred_from_protocol,True,,test,run_holdout,-1
s41,s41_right_hand_082,right_hand,82,5,inferred_from_protocol,True,,test,run_holdout,-1
s41,s41_right_hand_083,right_hand,83,5,inferred_from_protocol,True,,test,run_holdout,-1
s41,s41_right_hand_084,right_hand,84,5,inferred_from_protocol,True,,test,run_holdout,-1
s41,s41_right_hand_085,right_hand,85,5,inferred_from_protocol,True,,test,run_holdout,-1
s41,s41_right_hand_086,right_hand,86,5,inferred_from_protocol,True,,test,run_holdout,-1
s41,s41_right_hand_087,right_hand,87,5,inferred_from_protocol,True,,test,run_holdout,-1
s41,s41_right_hand_088,right_hand,88,5,inferred_from_protocol,True,,test,run_holdout,-1
s41,s41_right_hand_089,right_hand,89,5,inferred_from_protocol,True,,test,run_holdout,-1
s41,s41_right_hand_090,right_hand,90,5,inferred_from_protocol,True,,test,run_holdout,-1
s41,s41_right_hand_091,right_hand,91,5,inferred_from_protocol,True,,test,run_holdout,-1
s41,s41_right_hand_092,right_hand,92,5,inferred_from_protocol,True,,test,run_holdout,-1
s41,s41_right_hand_093,right_hand,93,5,inferred_from_protocol,True,,test,run_holdout,-1
s41,s41_right_hand_094,right_hand,94,5,inferred_from_protocol,True,,test,run_holdout,-1
s41,s41_right_hand_095,right_hand,95,5,inferred_from_protocol,True,,test,run_holdout,-1
s41,s41_right_hand_096,right_hand,96,5,inferred_from_protocol,True,,test,run_holdout,-1
s41,s41_right_hand_097,right_hand,97,5,inferred_from_protocol,True,,test,run_holdout,-1
s41,s41_right_hand_098,right_hand,98,5,inferred_from_protocol,True,,test,run_holdout,-1
s41,s41_right_hand_099,right_hand,99,5,inferred_from_protocol,True,,test,run_holdout,-1
s42,s42_left_hand_000,left_hand,0,1,inferred_from_protocol,True,,train,run_holdout,-1
s42,s42_left_hand_001,left_hand,1,1,inferred_from_protocol,True,,train,run_holdout,-1
s42,s42_left_hand_002,left_hand,2,1,inferred_from_protocol,True,,train,run_holdout,-1
s42,s42_left_hand_003,left_hand,3,1,inferred_from_protocol,True,,train,run_holdout,-1
s42,s42_left_hand_004,left_hand,4,1,inferred_from_protocol,True,,train,run_holdout,-1
s42,s42_left_hand_005,left_hand,5,1,inferred_from_protocol,True,,train,run_holdout,-1
s42,s42_left_hand_006,left_hand,6,1,inferred_from_protocol,True,,train,run_holdout,-1
s42,s42_left_hand_007,left_hand,7,1,inferred_from_protocol,True,,train,run_holdout,-1
s42,s42_left_hand_008,left_hand,8,1,inferred_from_protocol,True,,train,run_holdout,-1
s42,s42_left_hand_009,left_hand,9,1,inferred_from_protocol,True,,train,run_holdout,-1
s42,s42_left_hand_010,left_hand,10,1,inferred_from_protocol,True,,train,run_holdout,-1
s42,s42_left_hand_011,left_hand,11,1,inferred_from_protocol,True,,train,run_holdout,-1
s42,s42_left_hand_012,left_hand,12,1,inferred_from_protocol,True,,train,run_holdout,-1
s42,s42_left_hand_013,left_hand,13,1,inferred_from_protocol,True,,train,run_holdout,-1
s42,s42_left_hand_014,left_hand,14,1,inferred_from_protocol,True,,train,run_holdout,-1
s42,s42_left_hand_015,left_hand,15,1,inferred_from_protocol,True,,train,run_holdout,-1
s42,s42_left_hand_016,left_hand,16,1,inferred_from_protocol,True,,train,run_holdout,-1
s42,s42_left_hand_017,left_hand,17,1,inferred_from_protocol,True,,train,run_holdout,-1
s42,s42_left_hand_018,left_hand,18,1,inferred_from_protocol,True,,train,run_holdout,-1
s42,s42_left_hand_019,left_hand,19,1,inferred_from_protocol,True,,train,run_holdout,-1
s42,s42_left_hand_020,left_hand,20,2,inferred_from_protocol,True,,train,run_holdout,-1
s42,s42_left_hand_021,left_hand,21,2,inferred_from_protocol,True,,train,run_holdout,-1
s42,s42_left_hand_022,left_hand,22,2,inferred_from_protocol,True,,train,run_holdout,-1
s42,s42_left_hand_023,left_hand,23,2,inferred_from_protocol,True,,train,run_holdout,-1
s42,s42_left_hand_024,left_hand,24,2,inferred_from_protocol,True,,train,run_holdout,-1
s42,s42_left_hand_025,left_hand,25,2,inferred_from_protocol,True,,train,run_holdout,-1
s42,s42_left_hand_026,left_hand,26,2,inferred_from_protocol,True,,train,run_holdout,-1
s42,s42_left_hand_027,left_hand,27,2,inferred_from_protocol,True,,train,run_holdout,-1
s42,s42_left_hand_028,left_hand,28,2,inferred_from_protocol,True,,train,run_holdout,-1
s42,s42_left_hand_029,left_hand,29,2,inferred_from_protocol,True,,train,run_holdout,-1
s42,s42_left_hand_030,left_hand,30,2,inferred_from_protocol,True,,train,run_holdout,-1
s42,s42_left_hand_031,left_hand,31,2,inferred_from_protocol,True,,train,run_holdout,-1
s42,s42_left_hand_032,left_hand,32,2,inferred_from_protocol,True,,train,run_holdout,-1
s42,s42_left_hand_033,left_hand,33,2,inferred_from_protocol,True,,train,run_holdout,-1
s42,s42_left_hand_034,left_hand,34,2,inferred_from_protocol,True,,train,run_holdout,-1
s42,s42_left_hand_035,left_hand,35,2,inferred_from_protocol,True,,train,run_holdout,-1
s42,s42_left_hand_036,left_hand,36,2,inferred_from_protocol,True,,train,run_holdout,-1
s42,s42_left_hand_037,left_hand,37,2,inferred_from_protocol,True,,train,run_holdout,-1
s42,s42_left_hand_038,left_hand,38,2,inferred_from_protocol,True,,train,run_holdout,-1
s42,s42_left_hand_039,left_hand,39,2,inferred_from_protocol,True,,train,run_holdout,-1
s42,s42_left_hand_040,left_hand,40,3,inferred_from_protocol,True,,train,run_holdout,-1
s42,s42_left_hand_041,left_hand,41,3,inferred_from_protocol,True,,train,run_holdout,-1
s42,s42_left_hand_042,left_hand,42,3,inferred_from_protocol,True,,train,run_holdout,-1
s42,s42_left_hand_043,left_hand,43,3,inferred_from_protocol,True,,train,run_holdout,-1
s42,s42_left_hand_044,left_hand,44,3,inferred_from_protocol,True,,train,run_holdout,-1
s42,s42_left_hand_045,left_hand,45,3,inferred_from_protocol,True,,train,run_holdout,-1
s42,s42_left_hand_046,left_hand,46,3,inferred_from_protocol,True,,train,run_holdout,-1
s42,s42_left_hand_047,left_hand,47,3,inferred_from_protocol,True,,train,run_holdout,-1
s42,s42_left_hand_048,left_hand,48,3,inferred_from_protocol,True,,train,run_holdout,-1
s42,s42_left_hand_049,left_hand,49,3,inferred_from_protocol,True,,train,run_holdout,-1
s42,s42_left_hand_050,left_hand,50,3,inferred_from_protocol,True,,train,run_holdout,-1
s42,s42_left_hand_051,left_hand,51,3,inferred_from_protocol,True,,train,run_holdout,-1
s42,s42_left_hand_052,left_hand,52,3,inferred_from_protocol,True,,train,run_holdout,-1
s42,s42_left_hand_053,left_hand,53,3,inferred_from_protocol,True,,train,run_holdout,-1
s42,s42_left_hand_054,left_hand,54,3,inferred_from_protocol,True,,train,run_holdout,-1
s42,s42_left_hand_055,left_hand,55,3,inferred_from_protocol,True,,train,run_holdout,-1
s42,s42_left_hand_056,left_hand,56,3,inferred_from_protocol,True,,train,run_holdout,-1
s42,s42_left_hand_057,left_hand,57,3,inferred_from_protocol,True,,train,run_holdout,-1
s42,s42_left_hand_058,left_hand,58,3,inferred_from_protocol,True,,train,run_holdout,-1
s42,s42_left_hand_059,left_hand,59,3,inferred_from_protocol,True,,train,run_holdout,-1
s42,s42_left_hand_060,left_hand,60,4,inferred_from_protocol,True,,val,run_holdout,-1
s42,s42_left_hand_061,left_hand,61,4,inferred_from_protocol,True,,val,run_holdout,-1
s42,s42_left_hand_062,left_hand,62,4,inferred_from_protocol,True,,val,run_holdout,-1
s42,s42_left_hand_063,left_hand,63,4,inferred_from_protocol,True,,val,run_holdout,-1
s42,s42_left_hand_064,left_hand,64,4,inferred_from_protocol,True,,val,run_holdout,-1
s42,s42_left_hand_065,left_hand,65,4,inferred_from_protocol,True,,val,run_holdout,-1
s42,s42_left_hand_066,left_hand,66,4,inferred_from_protocol,True,,val,run_holdout,-1
s42,s42_left_hand_067,left_hand,67,4,inferred_from_protocol,True,,val,run_holdout,-1
s42,s42_left_hand_068,left_hand,68,4,inferred_from_protocol,True,,val,run_holdout,-1
s42,s42_left_hand_069,left_hand,69,4,inferred_from_protocol,True,,val,run_holdout,-1
s42,s42_left_hand_070,left_hand,70,4,inferred_from_protocol,True,,val,run_holdout,-1
s42,s42_left_hand_071,left_hand,71,4,inferred_from_protocol,True,,val,run_holdout,-1
s42,s42_left_hand_072,left_hand,72,4,inferred_from_protocol,True,,val,run_holdout,-1
s42,s42_left_hand_073,left_hand,73,4,inferred_from_protocol,True,,val,run_holdout,-1
s42,s42_left_hand_074,left_hand,74,4,inferred_from_protocol,True,,val,run_holdout,-1
s42,s42_left_hand_075,left_hand,75,4,inferred_from_protocol,True,,val,run_holdout,-1
s42,s42_left_hand_076,left_hand,76,4,inferred_from_protocol,True,,val,run_holdout,-1
s42,s42_left_hand_077,left_hand,77,4,inferred_from_protocol,True,,val,run_holdout,-1
s42,s42_left_hand_078,left_hand,78,4,inferred_from_protocol,True,,val,run_holdout,-1
s42,s42_left_hand_079,left_hand,79,4,inferred_from_protocol,True,,val,run_holdout,-1
s42,s42_left_hand_080,left_hand,80,5,inferred_from_protocol,True,,test,run_holdout,-1
s42,s42_left_hand_081,left_hand,81,5,inferred_from_protocol,True,,test,run_holdout,-1
s42,s42_left_hand_082,left_hand,82,5,inferred_from_protocol,True,,test,run_holdout,-1
s42,s42_left_hand_083,left_hand,83,5,inferred_from_protocol,True,,test,run_holdout,-1
s42,s42_left_hand_084,left_hand,84,5,inferred_from_protocol,True,,test,run_holdout,-1
s42,s42_left_hand_085,left_hand,85,5,inferred_from_protocol,True,,test,run_holdout,-1
s42,s42_left_hand_086,left_hand,86,5,inferred_from_protocol,True,,test,run_holdout,-1
s42,s42_left_hand_087,left_hand,87,5,inferred_from_protocol,True,,test,run_holdout,-1
s42,s42_left_hand_088,left_hand,88,5,inferred_from_protocol,True,,test,run_holdout,-1
s42,s42_left_hand_089,left_hand,89,5,inferred_from_protocol,True,,test,run_holdout,-1
s42,s42_left_hand_090,left_hand,90,5,inferred_from_protocol,True,,test,run_holdout,-1
s42,s42_left_hand_091,left_hand,91,5,inferred_from_protocol,True,,test,run_holdout,-1
s42,s42_left_hand_092,left_hand,92,5,inferred_from_protocol,True,,test,run_holdout,-1
s42,s42_left_hand_093,left_hand,93,5,inferred_from_protocol,True,,test,run_holdout,-1
s42,s42_left_hand_094,left_hand,94,5,inferred_from_protocol,True,,test,run_holdout,-1
s42,s42_left_hand_095,left_hand,95,5,inferred_from_protocol,True,,test,run_holdout,-1
s42,s42_left_hand_096,left_hand,96,5,inferred_from_protocol,True,,test,run_holdout,-1
s42,s42_left_hand_097,left_hand,97,5,inferred_from_protocol,True,,test,run_holdout,-1
s42,s42_left_hand_098,left_hand,98,5,inferred_from_protocol,True,,test,run_holdout,-1
s42,s42_left_hand_099,left_hand,99,5,inferred_from_protocol,True,,test,run_holdout,-1
s42,s42_right_hand_000,right_hand,0,1,inferred_from_protocol,True,,train,run_holdout,-1
s42,s42_right_hand_001,right_hand,1,1,inferred_from_protocol,True,,train,run_holdout,-1
s42,s42_right_hand_002,right_hand,2,1,inferred_from_protocol,True,,train,run_holdout,-1
s42,s42_right_hand_003,right_hand,3,1,inferred_from_protocol,True,,train,run_holdout,-1
s42,s42_right_hand_004,right_hand,4,1,inferred_from_protocol,True,,train,run_holdout,-1
s42,s42_right_hand_005,right_hand,5,1,inferred_from_protocol,True,,train,run_holdout,-1
s42,s42_right_hand_006,right_hand,6,1,inferred_from_protocol,True,,train,run_holdout,-1
s42,s42_right_hand_007,right_hand,7,1,inferred_from_protocol,True,,train,run_holdout,-1
s42,s42_right_hand_008,right_hand,8,1,inferred_from_protocol,True,,train,run_holdout,-1
s42,s42_right_hand_009,right_hand,9,1,inferred_from_protocol,True,,train,run_holdout,-1
s42,s42_right_hand_010,right_hand,10,1,inferred_from_protocol,True,,train,run_holdout,-1
s42,s42_right_hand_011,right_hand,11,1,inferred_from_protocol,True,,train,run_holdout,-1
s42,s42_right_hand_012,right_hand,12,1,inferred_from_protocol,True,,train,run_holdout,-1
s42,s42_right_hand_013,right_hand,13,1,inferred_from_protocol,True,,train,run_holdout,-1
s42,s42_right_hand_014,right_hand,14,1,inferred_from_protocol,True,,train,run_holdout,-1
s42,s42_right_hand_015,right_hand,15,1,inferred_from_protocol,True,,train,run_holdout,-1
s42,s42_right_hand_016,right_hand,16,1,inferred_from_protocol,True,,train,run_holdout,-1
s42,s42_right_hand_017,right_hand,17,1,inferred_from_protocol,True,,train,run_holdout,-1
s42,s42_right_hand_018,right_hand,18,1,inferred_from_protocol,True,,train,run_holdout,-1
s42,s42_right_hand_019,right_hand,19,1,inferred_from_protocol,True,,train,run_holdout,-1
s42,s42_right_hand_020,right_hand,20,2,inferred_from_protocol,True,,train,run_holdout,-1
s42,s42_right_hand_021,right_hand,21,2,inferred_from_protocol,True,,train,run_holdout,-1
s42,s42_right_hand_022,right_hand,22,2,inferred_from_protocol,True,,train,run_holdout,-1
s42,s42_right_hand_023,right_hand,23,2,inferred_from_protocol,True,,train,run_holdout,-1
s42,s42_right_hand_024,right_hand,24,2,inferred_from_protocol,True,,train,run_holdout,-1
s42,s42_right_hand_025,right_hand,25,2,inferred_from_protocol,True,,train,run_holdout,-1
s42,s42_right_hand_026,right_hand,26,2,inferred_from_protocol,True,,train,run_holdout,-1
s42,s42_right_hand_027,right_hand,27,2,inferred_from_protocol,True,,train,run_holdout,-1
s42,s42_right_hand_028,right_hand,28,2,inferred_from_protocol,True,,train,run_holdout,-1
s42,s42_right_hand_029,right_hand,29,2,inferred_from_protocol,True,,train,run_holdout,-1
s42,s42_right_hand_030,right_hand,30,2,inferred_from_protocol,True,,train,run_holdout,-1
s42,s42_right_hand_031,right_hand,31,2,inferred_from_protocol,True,,train,run_holdout,-1
s42,s42_right_hand_032,right_hand,32,2,inferred_from_protocol,True,,train,run_holdout,-1
s42,s42_right_hand_033,right_hand,33,2,inferred_from_protocol,True,,train,run_holdout,-1
s42,s42_right_hand_034,right_hand,34,2,inferred_from_protocol,True,,train,run_holdout,-1
s42,s42_right_hand_035,right_hand,35,2,inferred_from_protocol,True,,train,run_holdout,-1
s42,s42_right_hand_036,right_hand,36,2,inferred_from_protocol,True,,train,run_holdout,-1
s42,s42_right_hand_037,right_hand,37,2,inferred_from_protocol,True,,train,run_holdout,-1
s42,s42_right_hand_038,right_hand,38,2,inferred_from_protocol,True,,train,run_holdout,-1
s42,s42_right_hand_039,right_hand,39,2,inferred_from_protocol,True,,train,run_holdout,-1
s42,s42_right_hand_040,right_hand,40,3,inferred_from_protocol,True,,train,run_holdout,-1
s42,s42_right_hand_041,right_hand,41,3,inferred_from_protocol,True,,train,run_holdout,-1
s42,s42_right_hand_042,right_hand,42,3,inferred_from_protocol,True,,train,run_holdout,-1
s42,s42_right_hand_043,right_hand,43,3,inferred_from_protocol,True,,train,run_holdout,-1
s42,s42_right_hand_044,right_hand,44,3,inferred_from_protocol,True,,train,run_holdout,-1
s42,s42_right_hand_045,right_hand,45,3,inferred_from_protocol,True,,train,run_holdout,-1
s42,s42_right_hand_046,right_hand,46,3,inferred_from_protocol,True,,train,run_holdout,-1
s42,s42_right_hand_047,right_hand,47,3,inferred_from_protocol,True,,train,run_holdout,-1
s42,s42_right_hand_048,right_hand,48,3,inferred_from_protocol,True,,train,run_holdout,-1
s42,s42_right_hand_049,right_hand,49,3,inferred_from_protocol,True,,train,run_holdout,-1
s42,s42_right_hand_050,right_hand,50,3,inferred_from_protocol,True,,train,run_holdout,-1
s42,s42_right_hand_051,right_hand,51,3,inferred_from_protocol,True,,train,run_holdout,-1
s42,s42_right_hand_052,right_hand,52,3,inferred_from_protocol,True,,train,run_holdout,-1
s42,s42_right_hand_053,right_hand,53,3,inferred_from_protocol,True,,train,run_holdout,-1
s42,s42_right_hand_054,right_hand,54,3,inferred_from_protocol,True,,train,run_holdout,-1
s42,s42_right_hand_055,right_hand,55,3,inferred_from_protocol,True,,train,run_holdout,-1
s42,s42_right_hand_056,right_hand,56,3,inferred_from_protocol,True,,train,run_holdout,-1
s42,s42_right_hand_057,right_hand,57,3,inferred_from_protocol,True,,train,run_holdout,-1
s42,s42_right_hand_058,right_hand,58,3,inferred_from_protocol,True,,train,run_holdout,-1
s42,s42_right_hand_059,right_hand,59,3,inferred_from_protocol,True,,train,run_holdout,-1
s42,s42_right_hand_060,right_hand,60,4,inferred_from_protocol,True,,val,run_holdout,-1
s42,s42_right_hand_061,right_hand,61,4,inferred_from_protocol,True,,val,run_holdout,-1
s42,s42_right_hand_062,right_hand,62,4,inferred_from_protocol,True,,val,run_holdout,-1
s42,s42_right_hand_063,right_hand,63,4,inferred_from_protocol,True,,val,run_holdout,-1
s42,s42_right_hand_064,right_hand,64,4,inferred_from_protocol,True,,val,run_holdout,-1
s42,s42_right_hand_065,right_hand,65,4,inferred_from_protocol,True,,val,run_holdout,-1
s42,s42_right_hand_066,right_hand,66,4,inferred_from_protocol,True,,val,run_holdout,-1
s42,s42_right_hand_067,right_hand,67,4,inferred_from_protocol,True,,val,run_holdout,-1
s42,s42_right_hand_068,right_hand,68,4,inferred_from_protocol,True,,val,run_holdout,-1
s42,s42_right_hand_069,right_hand,69,4,inferred_from_protocol,True,,val,run_holdout,-1
s42,s42_right_hand_070,right_hand,70,4,inferred_from_protocol,True,,val,run_holdout,-1
s42,s42_right_hand_071,right_hand,71,4,inferred_from_protocol,True,,val,run_holdout,-1
s42,s42_right_hand_072,right_hand,72,4,inferred_from_protocol,True,,val,run_holdout,-1
s42,s42_right_hand_073,right_hand,73,4,inferred_from_protocol,True,,val,run_holdout,-1
s42,s42_right_hand_074,right_hand,74,4,inferred_from_protocol,True,,val,run_holdout,-1
s42,s42_right_hand_075,right_hand,75,4,inferred_from_protocol,True,,val,run_holdout,-1
s42,s42_right_hand_076,right_hand,76,4,inferred_from_protocol,True,,val,run_holdout,-1
s42,s42_right_hand_077,right_hand,77,4,inferred_from_protocol,True,,val,run_holdout,-1
s42,s42_right_hand_078,right_hand,78,4,inferred_from_protocol,True,,val,run_holdout,-1
s42,s42_right_hand_079,right_hand,79,4,inferred_from_protocol,True,,val,run_holdout,-1
s42,s42_right_hand_080,right_hand,80,5,inferred_from_protocol,True,,test,run_holdout,-1
s42,s42_right_hand_081,right_hand,81,5,inferred_from_protocol,True,,test,run_holdout,-1
s42,s42_right_hand_082,right_hand,82,5,inferred_from_protocol,True,,test,run_holdout,-1
s42,s42_right_hand_083,right_hand,83,5,inferred_from_protocol,True,,test,run_holdout,-1
s42,s42_right_hand_084,right_hand,84,5,inferred_from_protocol,True,,test,run_holdout,-1
s42,s42_right_hand_085,right_hand,85,5,inferred_from_protocol,True,,test,run_holdout,-1
s42,s42_right_hand_086,right_hand,86,5,inferred_from_protocol,True,,test,run_holdout,-1
s42,s42_right_hand_087,right_hand,87,5,inferred_from_protocol,True,,test,run_holdout,-1
s42,s42_right_hand_088,right_hand,88,5,inferred_from_protocol,True,,test,run_holdout,-1
s42,s42_right_hand_089,right_hand,89,5,inferred_from_protocol,True,,test,run_holdout,-1
s42,s42_right_hand_090,right_hand,90,5,inferred_from_protocol,True,,test,run_holdout,-1
s42,s42_right_hand_091,right_hand,91,5,inferred_from_protocol,True,,test,run_holdout,-1
s42,s42_right_hand_092,right_hand,92,5,inferred_from_protocol,True,,test,run_holdout,-1
s42,s42_right_hand_093,right_hand,93,5,inferred_from_protocol,True,,test,run_holdout,-1
s42,s42_right_hand_094,right_hand,94,5,inferred_from_protocol,True,,test,run_holdout,-1
s42,s42_right_hand_095,right_hand,95,5,inferred_from_protocol,True,,test,run_holdout,-1
s42,s42_right_hand_096,right_hand,96,5,inferred_from_protocol,True,,test,run_holdout,-1
s42,s42_right_hand_097,right_hand,97,5,inferred_from_protocol,True,,test,run_holdout,-1
s42,s42_right_hand_098,right_hand,98,5,inferred_from_protocol,True,,test,run_holdout,-1
s42,s42_right_hand_099,right_hand,99,5,inferred_from_protocol,True,,test,run_holdout,-1
s43,s43_left_hand_000,left_hand,0,1,inferred_from_protocol,True,,train,run_holdout,-1
s43,s43_left_hand_001,left_hand,1,1,inferred_from_protocol,True,,train,run_holdout,-1
s43,s43_left_hand_002,left_hand,2,1,inferred_from_protocol,True,,train,run_holdout,-1
s43,s43_left_hand_003,left_hand,3,1,inferred_from_protocol,True,,train,run_holdout,-1
s43,s43_left_hand_004,left_hand,4,1,inferred_from_protocol,True,,train,run_holdout,-1
s43,s43_left_hand_005,left_hand,5,1,inferred_from_protocol,True,,train,run_holdout,-1
s43,s43_left_hand_006,left_hand,6,1,inferred_from_protocol,True,,train,run_holdout,-1
s43,s43_left_hand_007,left_hand,7,1,inferred_from_protocol,True,,train,run_holdout,-1
s43,s43_left_hand_008,left_hand,8,1,inferred_from_protocol,True,,train,run_holdout,-1
s43,s43_left_hand_009,left_hand,9,1,inferred_from_protocol,True,,train,run_holdout,-1
s43,s43_left_hand_010,left_hand,10,1,inferred_from_protocol,True,,train,run_holdout,-1
s43,s43_left_hand_011,left_hand,11,1,inferred_from_protocol,True,,train,run_holdout,-1
s43,s43_left_hand_012,left_hand,12,1,inferred_from_protocol,True,,train,run_holdout,-1
s43,s43_left_hand_013,left_hand,13,1,inferred_from_protocol,True,,train,run_holdout,-1
s43,s43_left_hand_014,left_hand,14,1,inferred_from_protocol,True,,train,run_holdout,-1
s43,s43_left_hand_015,left_hand,15,1,inferred_from_protocol,True,,train,run_holdout,-1
s43,s43_left_hand_016,left_hand,16,1,inferred_from_protocol,True,,train,run_holdout,-1
s43,s43_left_hand_017,left_hand,17,1,inferred_from_protocol,True,,train,run_holdout,-1
s43,s43_left_hand_018,left_hand,18,1,inferred_from_protocol,True,,train,run_holdout,-1
s43,s43_left_hand_019,left_hand,19,1,inferred_from_protocol,True,,train,run_holdout,-1
s43,s43_left_hand_020,left_hand,20,2,inferred_from_protocol,True,,train,run_holdout,-1
s43,s43_left_hand_021,left_hand,21,2,inferred_from_protocol,True,,train,run_holdout,-1
s43,s43_left_hand_022,left_hand,22,2,inferred_from_protocol,True,,train,run_holdout,-1
s43,s43_left_hand_023,left_hand,23,2,inferred_from_protocol,True,,train,run_holdout,-1
s43,s43_left_hand_024,left_hand,24,2,inferred_from_protocol,True,,train,run_holdout,-1
s43,s43_left_hand_025,left_hand,25,2,inferred_from_protocol,True,,train,run_holdout,-1
s43,s43_left_hand_026,left_hand,26,2,inferred_from_protocol,True,,train,run_holdout,-1
s43,s43_left_hand_027,left_hand,27,2,inferred_from_protocol,True,,train,run_holdout,-1
s43,s43_left_hand_028,left_hand,28,2,inferred_from_protocol,True,,train,run_holdout,-1
s43,s43_left_hand_029,left_hand,29,2,inferred_from_protocol,True,,train,run_holdout,-1
s43,s43_left_hand_030,left_hand,30,2,inferred_from_protocol,True,,train,run_holdout,-1
s43,s43_left_hand_031,left_hand,31,2,inferred_from_protocol,True,,train,run_holdout,-1
s43,s43_left_hand_032,left_hand,32,2,inferred_from_protocol,True,,train,run_holdout,-1
s43,s43_left_hand_033,left_hand,33,2,inferred_from_protocol,True,,train,run_holdout,-1
s43,s43_left_hand_034,left_hand,34,2,inferred_from_protocol,True,,train,run_holdout,-1
s43,s43_left_hand_035,left_hand,35,2,inferred_from_protocol,True,,train,run_holdout,-1
s43,s43_left_hand_036,left_hand,36,2,inferred_from_protocol,True,,train,run_holdout,-1
s43,s43_left_hand_037,left_hand,37,2,inferred_from_protocol,True,,train,run_holdout,-1
s43,s43_left_hand_038,left_hand,38,2,inferred_from_protocol,True,,train,run_holdout,-1
s43,s43_left_hand_039,left_hand,39,2,inferred_from_protocol,True,,train,run_holdout,-1
s43,s43_left_hand_040,left_hand,40,3,inferred_from_protocol,True,,train,run_holdout,-1
s43,s43_left_hand_041,left_hand,41,3,inferred_from_protocol,True,,train,run_holdout,-1
s43,s43_left_hand_042,left_hand,42,3,inferred_from_protocol,True,,train,run_holdout,-1
s43,s43_left_hand_043,left_hand,43,3,inferred_from_protocol,True,,train,run_holdout,-1
s43,s43_left_hand_044,left_hand,44,3,inferred_from_protocol,True,,train,run_holdout,-1
s43,s43_left_hand_045,left_hand,45,3,inferred_from_protocol,True,,train,run_holdout,-1
s43,s43_left_hand_046,left_hand,46,3,inferred_from_protocol,True,,train,run_holdout,-1
s43,s43_left_hand_047,left_hand,47,3,inferred_from_protocol,True,,train,run_holdout,-1
s43,s43_left_hand_048,left_hand,48,3,inferred_from_protocol,True,,train,run_holdout,-1
s43,s43_left_hand_049,left_hand,49,3,inferred_from_protocol,True,,train,run_holdout,-1
s43,s43_left_hand_050,left_hand,50,3,inferred_from_protocol,True,,train,run_holdout,-1
s43,s43_left_hand_051,left_hand,51,3,inferred_from_protocol,True,,train,run_holdout,-1
s43,s43_left_hand_052,left_hand,52,3,inferred_from_protocol,True,,train,run_holdout,-1
s43,s43_left_hand_053,left_hand,53,3,inferred_from_protocol,True,,train,run_holdout,-1
s43,s43_left_hand_054,left_hand,54,3,inferred_from_protocol,True,,train,run_holdout,-1
s43,s43_left_hand_055,left_hand,55,3,inferred_from_protocol,True,,train,run_holdout,-1
s43,s43_left_hand_056,left_hand,56,3,inferred_from_protocol,True,,train,run_holdout,-1
s43,s43_left_hand_057,left_hand,57,3,inferred_from_protocol,True,,train,run_holdout,-1
s43,s43_left_hand_058,left_hand,58,3,inferred_from_protocol,True,,train,run_holdout,-1
s43,s43_left_hand_059,left_hand,59,3,inferred_from_protocol,True,,train,run_holdout,-1
s43,s43_left_hand_060,left_hand,60,4,inferred_from_protocol,True,,val,run_holdout,-1
s43,s43_left_hand_061,left_hand,61,4,inferred_from_protocol,True,,val,run_holdout,-1
s43,s43_left_hand_062,left_hand,62,4,inferred_from_protocol,True,,val,run_holdout,-1
s43,s43_left_hand_063,left_hand,63,4,inferred_from_protocol,True,,val,run_holdout,-1
s43,s43_left_hand_064,left_hand,64,4,inferred_from_protocol,True,,val,run_holdout,-1
s43,s43_left_hand_065,left_hand,65,4,inferred_from_protocol,True,,val,run_holdout,-1
s43,s43_left_hand_066,left_hand,66,4,inferred_from_protocol,True,,val,run_holdout,-1
s43,s43_left_hand_067,left_hand,67,4,inferred_from_protocol,True,,val,run_holdout,-1
s43,s43_left_hand_068,left_hand,68,4,inferred_from_protocol,True,,val,run_holdout,-1
s43,s43_left_hand_069,left_hand,69,4,inferred_from_protocol,True,,val,run_holdout,-1
s43,s43_left_hand_070,left_hand,70,4,inferred_from_protocol,True,,val,run_holdout,-1
s43,s43_left_hand_071,left_hand,71,4,inferred_from_protocol,True,,val,run_holdout,-1
s43,s43_left_hand_072,left_hand,72,4,inferred_from_protocol,True,,val,run_holdout,-1
s43,s43_left_hand_073,left_hand,73,4,inferred_from_protocol,True,,val,run_holdout,-1
s43,s43_left_hand_074,left_hand,74,4,inferred_from_protocol,True,,val,run_holdout,-1
s43,s43_left_hand_075,left_hand,75,4,inferred_from_protocol,True,,val,run_holdout,-1
s43,s43_left_hand_076,left_hand,76,4,inferred_from_protocol,True,,val,run_holdout,-1
s43,s43_left_hand_077,left_hand,77,4,inferred_from_protocol,True,,val,run_holdout,-1
s43,s43_left_hand_078,left_hand,78,4,inferred_from_protocol,True,,val,run_holdout,-1
s43,s43_left_hand_079,left_hand,79,4,inferred_from_protocol,True,,val,run_holdout,-1
s43,s43_left_hand_080,left_hand,80,5,inferred_from_protocol,True,,test,run_holdout,-1
s43,s43_left_hand_081,left_hand,81,5,inferred_from_protocol,True,,test,run_holdout,-1
s43,s43_left_hand_082,left_hand,82,5,inferred_from_protocol,True,,test,run_holdout,-1
s43,s43_left_hand_083,left_hand,83,5,inferred_from_protocol,True,,test,run_holdout,-1
s43,s43_left_hand_084,left_hand,84,5,inferred_from_protocol,True,,test,run_holdout,-1
s43,s43_left_hand_085,left_hand,85,5,inferred_from_protocol,True,,test,run_holdout,-1
s43,s43_left_hand_086,left_hand,86,5,inferred_from_protocol,True,,test,run_holdout,-1
s43,s43_left_hand_087,left_hand,87,5,inferred_from_protocol,True,,test,run_holdout,-1
s43,s43_left_hand_088,left_hand,88,5,inferred_from_protocol,True,,test,run_holdout,-1
s43,s43_left_hand_089,left_hand,89,5,inferred_from_protocol,True,,test,run_holdout,-1
s43,s43_left_hand_090,left_hand,90,5,inferred_from_protocol,True,,test,run_holdout,-1
s43,s43_left_hand_091,left_hand,91,5,inferred_from_protocol,True,,test,run_holdout,-1
s43,s43_left_hand_092,left_hand,92,5,inferred_from_protocol,True,,test,run_holdout,-1
s43,s43_left_hand_093,left_hand,93,5,inferred_from_protocol,True,,test,run_holdout,-1
s43,s43_left_hand_094,left_hand,94,5,inferred_from_protocol,True,,test,run_holdout,-1
s43,s43_left_hand_095,left_hand,95,5,inferred_from_protocol,True,,test,run_holdout,-1
s43,s43_left_hand_096,left_hand,96,5,inferred_from_protocol,True,,test,run_holdout,-1
s43,s43_left_hand_097,left_hand,97,5,inferred_from_protocol,True,,test,run_holdout,-1
s43,s43_left_hand_098,left_hand,98,5,inferred_from_protocol,True,,test,run_holdout,-1
s43,s43_left_hand_099,left_hand,99,5,inferred_from_protocol,True,,test,run_holdout,-1
s43,s43_right_hand_000,right_hand,0,1,inferred_from_protocol,True,,train,run_holdout,-1
s43,s43_right_hand_001,right_hand,1,1,inferred_from_protocol,True,,train,run_holdout,-1
s43,s43_right_hand_002,right_hand,2,1,inferred_from_protocol,True,,train,run_holdout,-1
s43,s43_right_hand_003,right_hand,3,1,inferred_from_protocol,True,,train,run_holdout,-1
s43,s43_right_hand_004,right_hand,4,1,inferred_from_protocol,True,,train,run_holdout,-1
s43,s43_right_hand_005,right_hand,5,1,inferred_from_protocol,True,,train,run_holdout,-1
s43,s43_right_hand_006,right_hand,6,1,inferred_from_protocol,True,,train,run_holdout,-1
s43,s43_right_hand_007,right_hand,7,1,inferred_from_protocol,True,,train,run_holdout,-1
s43,s43_right_hand_008,right_hand,8,1,inferred_from_protocol,True,,train,run_holdout,-1
s43,s43_right_hand_009,right_hand,9,1,inferred_from_protocol,True,,train,run_holdout,-1
s43,s43_right_hand_010,right_hand,10,1,inferred_from_protocol,True,,train,run_holdout,-1
s43,s43_right_hand_011,right_hand,11,1,inferred_from_protocol,True,,train,run_holdout,-1
s43,s43_right_hand_012,right_hand,12,1,inferred_from_protocol,True,,train,run_holdout,-1
s43,s43_right_hand_013,right_hand,13,1,inferred_from_protocol,True,,train,run_holdout,-1
s43,s43_right_hand_014,right_hand,14,1,inferred_from_protocol,True,,train,run_holdout,-1
s43,s43_right_hand_015,right_hand,15,1,inferred_from_protocol,True,,train,run_holdout,-1
s43,s43_right_hand_016,right_hand,16,1,inferred_from_protocol,True,,train,run_holdout,-1
s43,s43_right_hand_017,right_hand,17,1,inferred_from_protocol,True,,train,run_holdout,-1
s43,s43_right_hand_018,right_hand,18,1,inferred_from_protocol,True,,train,run_holdout,-1
s43,s43_right_hand_019,right_hand,19,1,inferred_from_protocol,True,,train,run_holdout,-1
s43,s43_right_hand_020,right_hand,20,2,inferred_from_protocol,True,,train,run_holdout,-1
s43,s43_right_hand_021,right_hand,21,2,inferred_from_protocol,True,,train,run_holdout,-1
s43,s43_right_hand_022,right_hand,22,2,inferred_from_protocol,True,,train,run_holdout,-1
s43,s43_right_hand_023,right_hand,23,2,inferred_from_protocol,True,,train,run_holdout,-1
s43,s43_right_hand_024,right_hand,24,2,inferred_from_protocol,True,,train,run_holdout,-1
s43,s43_right_hand_025,right_hand,25,2,inferred_from_protocol,True,,train,run_holdout,-1
s43,s43_right_hand_026,right_hand,26,2,inferred_from_protocol,True,,train,run_holdout,-1
s43,s43_right_hand_027,right_hand,27,2,inferred_from_protocol,True,,train,run_holdout,-1
s43,s43_right_hand_028,right_hand,28,2,inferred_from_protocol,True,,train,run_holdout,-1
s43,s43_right_hand_029,right_hand,29,2,inferred_from_protocol,True,,train,run_holdout,-1
s43,s43_right_hand_030,right_hand,30,2,inferred_from_protocol,True,,train,run_holdout,-1
s43,s43_right_hand_031,right_hand,31,2,inferred_from_protocol,True,,train,run_holdout,-1
s43,s43_right_hand_032,right_hand,32,2,inferred_from_protocol,True,,train,run_holdout,-1
s43,s43_right_hand_033,right_hand,33,2,inferred_from_protocol,True,,train,run_holdout,-1
s43,s43_right_hand_034,right_hand,34,2,inferred_from_protocol,True,,train,run_holdout,-1
s43,s43_right_hand_035,right_hand,35,2,inferred_from_protocol,True,,train,run_holdout,-1
s43,s43_right_hand_036,right_hand,36,2,inferred_from_protocol,True,,train,run_holdout,-1
s43,s43_right_hand_037,right_hand,37,2,inferred_from_protocol,True,,train,run_holdout,-1
s43,s43_right_hand_038,right_hand,38,2,inferred_from_protocol,True,,train,run_holdout,-1
s43,s43_right_hand_039,right_hand,39,2,inferred_from_protocol,True,,train,run_holdout,-1
s43,s43_right_hand_040,right_hand,40,3,inferred_from_protocol,True,,train,run_holdout,-1
s43,s43_right_hand_041,right_hand,41,3,inferred_from_protocol,True,,train,run_holdout,-1
s43,s43_right_hand_042,right_hand,42,3,inferred_from_protocol,True,,train,run_holdout,-1
s43,s43_right_hand_043,right_hand,43,3,inferred_from_protocol,True,,train,run_holdout,-1
s43,s43_right_hand_044,right_hand,44,3,inferred_from_protocol,True,,train,run_holdout,-1
s43,s43_right_hand_045,right_hand,45,3,inferred_from_protocol,True,,train,run_holdout,-1
s43,s43_right_hand_046,right_hand,46,3,inferred_from_protocol,True,,train,run_holdout,-1
s43,s43_right_hand_047,right_hand,47,3,inferred_from_protocol,True,,train,run_holdout,-1
s43,s43_right_hand_048,right_hand,48,3,inferred_from_protocol,True,,train,run_holdout,-1
s43,s43_right_hand_049,right_hand,49,3,inferred_from_protocol,True,,train,run_holdout,-1
s43,s43_right_hand_050,right_hand,50,3,inferred_from_protocol,True,,train,run_holdout,-1
s43,s43_right_hand_051,right_hand,51,3,inferred_from_protocol,True,,train,run_holdout,-1
s43,s43_right_hand_052,right_hand,52,3,inferred_from_protocol,True,,train,run_holdout,-1
s43,s43_right_hand_053,right_hand,53,3,inferred_from_protocol,True,,train,run_holdout,-1
s43,s43_right_hand_054,right_hand,54,3,inferred_from_protocol,True,,train,run_holdout,-1
s43,s43_right_hand_055,right_hand,55,3,inferred_from_protocol,True,,train,run_holdout,-1
s43,s43_right_hand_056,right_hand,56,3,inferred_from_protocol,True,,train,run_holdout,-1
s43,s43_right_hand_057,right_hand,57,3,inferred_from_protocol,True,,train,run_holdout,-1
s43,s43_right_hand_058,right_hand,58,3,inferred_from_protocol,True,,train,run_holdout,-1
s43,s43_right_hand_059,right_hand,59,3,inferred_from_protocol,True,,train,run_holdout,-1
s43,s43_right_hand_060,right_hand,60,4,inferred_from_protocol,True,,val,run_holdout,-1
s43,s43_right_hand_061,right_hand,61,4,inferred_from_protocol,True,,val,run_holdout,-1
s43,s43_right_hand_062,right_hand,62,4,inferred_from_protocol,True,,val,run_holdout,-1
s43,s43_right_hand_063,right_hand,63,4,inferred_from_protocol,True,,val,run_holdout,-1
s43,s43_right_hand_064,right_hand,64,4,inferred_from_protocol,True,,val,run_holdout,-1
s43,s43_right_hand_065,right_hand,65,4,inferred_from_protocol,True,,val,run_holdout,-1
s43,s43_right_hand_066,right_hand,66,4,inferred_from_protocol,True,,val,run_holdout,-1
s43,s43_right_hand_067,right_hand,67,4,inferred_from_protocol,True,,val,run_holdout,-1
s43,s43_right_hand_068,right_hand,68,4,inferred_from_protocol,True,,val,run_holdout,-1
s43,s43_right_hand_069,right_hand,69,4,inferred_from_protocol,True,,val,run_holdout,-1
s43,s43_right_hand_070,right_hand,70,4,inferred_from_protocol,True,,val,run_holdout,-1
s43,s43_right_hand_071,right_hand,71,4,inferred_from_protocol,True,,val,run_holdout,-1
s43,s43_right_hand_072,right_hand,72,4,inferred_from_protocol,True,,val,run_holdout,-1
s43,s43_right_hand_073,right_hand,73,4,inferred_from_protocol,True,,val,run_holdout,-1
s43,s43_right_hand_074,right_hand,74,4,inferred_from_protocol,True,,val,run_holdout,-1
s43,s43_right_hand_075,right_hand,75,4,inferred_from_protocol,True,,val,run_holdout,-1
s43,s43_right_hand_076,right_hand,76,4,inferred_from_protocol,True,,val,run_holdout,-1
s43,s43_right_hand_077,right_hand,77,4,inferred_from_protocol,True,,val,run_holdout,-1
s43,s43_right_hand_078,right_hand,78,4,inferred_from_protocol,True,,val,run_holdout,-1
s43,s43_right_hand_079,right_hand,79,4,inferred_from_protocol,True,,val,run_holdout,-1
s43,s43_right_hand_080,right_hand,80,5,inferred_from_protocol,True,,test,run_holdout,-1
s43,s43_right_hand_081,right_hand,81,5,inferred_from_protocol,True,,test,run_holdout,-1
s43,s43_right_hand_082,right_hand,82,5,inferred_from_protocol,True,,test,run_holdout,-1
s43,s43_right_hand_083,right_hand,83,5,inferred_from_protocol,True,,test,run_holdout,-1
s43,s43_right_hand_084,right_hand,84,5,inferred_from_protocol,True,,test,run_holdout,-1
s43,s43_right_hand_085,right_hand,85,5,inferred_from_protocol,True,,test,run_holdout,-1
s43,s43_right_hand_086,right_hand,86,5,inferred_from_protocol,True,,test,run_holdout,-1
s43,s43_right_hand_087,right_hand,87,5,inferred_from_protocol,True,,test,run_holdout,-1
s43,s43_right_hand_088,right_hand,88,5,inferred_from_protocol,True,,test,run_holdout,-1
s43,s43_right_hand_089,right_hand,89,5,inferred_from_protocol,True,,test,run_holdout,-1
s43,s43_right_hand_090,right_hand,90,5,inferred_from_protocol,True,,test,run_holdout,-1
s43,s43_right_hand_091,right_hand,91,5,inferred_from_protocol,True,,test,run_holdout,-1
s43,s43_right_hand_092,right_hand,92,5,inferred_from_protocol,True,,test,run_holdout,-1
s43,s43_right_hand_093,right_hand,93,5,inferred_from_protocol,True,,test,run_holdout,-1
s43,s43_right_hand_094,right_hand,94,5,inferred_from_protocol,True,,test,run_holdout,-1
s43,s43_right_hand_095,right_hand,95,5,inferred_from_protocol,True,,test,run_holdout,-1
s43,s43_right_hand_096,right_hand,96,5,inferred_from_protocol,True,,test,run_holdout,-1
s43,s43_right_hand_097,right_hand,97,5,inferred_from_protocol,True,,test,run_holdout,-1
s43,s43_right_hand_098,right_hand,98,5,inferred_from_protocol,True,,test,run_holdout,-1
s43,s43_right_hand_099,right_hand,99,5,inferred_from_protocol,True,,test,run_holdout,-1
s44,s44_left_hand_000,left_hand,0,1,inferred_from_protocol,True,,train,run_holdout,-1
s44,s44_left_hand_001,left_hand,1,1,inferred_from_protocol,True,,train,run_holdout,-1
s44,s44_left_hand_002,left_hand,2,1,inferred_from_protocol,True,,train,run_holdout,-1
s44,s44_left_hand_003,left_hand,3,1,inferred_from_protocol,True,,train,run_holdout,-1
s44,s44_left_hand_004,left_hand,4,1,inferred_from_protocol,True,,train,run_holdout,-1
s44,s44_left_hand_005,left_hand,5,1,inferred_from_protocol,True,,train,run_holdout,-1
s44,s44_left_hand_006,left_hand,6,1,inferred_from_protocol,True,,train,run_holdout,-1
s44,s44_left_hand_007,left_hand,7,1,inferred_from_protocol,True,,train,run_holdout,-1
s44,s44_left_hand_008,left_hand,8,1,inferred_from_protocol,True,,train,run_holdout,-1
s44,s44_left_hand_009,left_hand,9,1,inferred_from_protocol,True,,train,run_holdout,-1
s44,s44_left_hand_010,left_hand,10,1,inferred_from_protocol,True,,train,run_holdout,-1
s44,s44_left_hand_011,left_hand,11,1,inferred_from_protocol,True,,train,run_holdout,-1
s44,s44_left_hand_012,left_hand,12,1,inferred_from_protocol,True,,train,run_holdout,-1
s44,s44_left_hand_013,left_hand,13,1,inferred_from_protocol,True,,train,run_holdout,-1
s44,s44_left_hand_014,left_hand,14,1,inferred_from_protocol,True,,train,run_holdout,-1
s44,s44_left_hand_015,left_hand,15,1,inferred_from_protocol,True,,train,run_holdout,-1
s44,s44_left_hand_016,left_hand,16,1,inferred_from_protocol,True,,train,run_holdout,-1
s44,s44_left_hand_017,left_hand,17,1,inferred_from_protocol,True,,train,run_holdout,-1
s44,s44_left_hand_018,left_hand,18,1,inferred_from_protocol,True,,train,run_holdout,-1
s44,s44_left_hand_019,left_hand,19,1,inferred_from_protocol,True,,train,run_holdout,-1
s44,s44_left_hand_020,left_hand,20,2,inferred_from_protocol,True,,train,run_holdout,-1
s44,s44_left_hand_021,left_hand,21,2,inferred_from_protocol,True,,train,run_holdout,-1
s44,s44_left_hand_022,left_hand,22,2,inferred_from_protocol,True,,train,run_holdout,-1
s44,s44_left_hand_023,left_hand,23,2,inferred_from_protocol,True,,train,run_holdout,-1
s44,s44_left_hand_024,left_hand,24,2,inferred_from_protocol,True,,train,run_holdout,-1
s44,s44_left_hand_025,left_hand,25,2,inferred_from_protocol,True,,train,run_holdout,-1
s44,s44_left_hand_026,left_hand,26,2,inferred_from_protocol,True,,train,run_holdout,-1
s44,s44_left_hand_027,left_hand,27,2,inferred_from_protocol,True,,train,run_holdout,-1
s44,s44_left_hand_028,left_hand,28,2,inferred_from_protocol,True,,train,run_holdout,-1
s44,s44_left_hand_029,left_hand,29,2,inferred_from_protocol,True,,train,run_holdout,-1
s44,s44_left_hand_030,left_hand,30,2,inferred_from_protocol,True,,train,run_holdout,-1
s44,s44_left_hand_031,left_hand,31,2,inferred_from_protocol,True,,train,run_holdout,-1
s44,s44_left_hand_032,left_hand,32,2,inferred_from_protocol,True,,train,run_holdout,-1
s44,s44_left_hand_033,left_hand,33,2,inferred_from_protocol,True,,train,run_holdout,-1
s44,s44_left_hand_034,left_hand,34,2,inferred_from_protocol,True,,train,run_holdout,-1
s44,s44_left_hand_035,left_hand,35,2,inferred_from_protocol,True,,train,run_holdout,-1
s44,s44_left_hand_036,left_hand,36,2,inferred_from_protocol,True,,train,run_holdout,-1
s44,s44_left_hand_037,left_hand,37,2,inferred_from_protocol,True,,train,run_holdout,-1
s44,s44_left_hand_038,left_hand,38,2,inferred_from_protocol,True,,train,run_holdout,-1
s44,s44_left_hand_039,left_hand,39,2,inferred_from_protocol,True,,train,run_holdout,-1
s44,s44_left_hand_040,left_hand,40,3,inferred_from_protocol,True,,train,run_holdout,-1
s44,s44_left_hand_041,left_hand,41,3,inferred_from_protocol,True,,train,run_holdout,-1
s44,s44_left_hand_042,left_hand,42,3,inferred_from_protocol,True,,train,run_holdout,-1
s44,s44_left_hand_043,left_hand,43,3,inferred_from_protocol,True,,train,run_holdout,-1
s44,s44_left_hand_044,left_hand,44,3,inferred_from_protocol,True,,train,run_holdout,-1
s44,s44_left_hand_045,left_hand,45,3,inferred_from_protocol,True,,train,run_holdout,-1
s44,s44_left_hand_046,left_hand,46,3,inferred_from_protocol,True,,train,run_holdout,-1
s44,s44_left_hand_047,left_hand,47,3,inferred_from_protocol,True,,train,run_holdout,-1
s44,s44_left_hand_048,left_hand,48,3,inferred_from_protocol,True,,train,run_holdout,-1
s44,s44_left_hand_049,left_hand,49,3,inferred_from_protocol,True,,train,run_holdout,-1
s44,s44_left_hand_050,left_hand,50,3,inferred_from_protocol,True,,train,run_holdout,-1
s44,s44_left_hand_051,left_hand,51,3,inferred_from_protocol,True,,train,run_holdout,-1
s44,s44_left_hand_052,left_hand,52,3,inferred_from_protocol,True,,train,run_holdout,-1
s44,s44_left_hand_053,left_hand,53,3,inferred_from_protocol,True,,train,run_holdout,-1
s44,s44_left_hand_054,left_hand,54,3,inferred_from_protocol,True,,train,run_holdout,-1
s44,s44_left_hand_055,left_hand,55,3,inferred_from_protocol,True,,train,run_holdout,-1
s44,s44_left_hand_056,left_hand,56,3,inferred_from_protocol,True,,train,run_holdout,-1
s44,s44_left_hand_057,left_hand,57,3,inferred_from_protocol,True,,train,run_holdout,-1
s44,s44_left_hand_058,left_hand,58,3,inferred_from_protocol,True,,train,run_holdout,-1
s44,s44_left_hand_059,left_hand,59,3,inferred_from_protocol,True,,train,run_holdout,-1
s44,s44_left_hand_060,left_hand,60,4,inferred_from_protocol,True,,val,run_holdout,-1
s44,s44_left_hand_061,left_hand,61,4,inferred_from_protocol,True,,val,run_holdout,-1
s44,s44_left_hand_062,left_hand,62,4,inferred_from_protocol,True,,val,run_holdout,-1
s44,s44_left_hand_063,left_hand,63,4,inferred_from_protocol,True,,val,run_holdout,-1
s44,s44_left_hand_064,left_hand,64,4,inferred_from_protocol,True,,val,run_holdout,-1
s44,s44_left_hand_065,left_hand,65,4,inferred_from_protocol,True,,val,run_holdout,-1
s44,s44_left_hand_066,left_hand,66,4,inferred_from_protocol,True,,val,run_holdout,-1
s44,s44_left_hand_067,left_hand,67,4,inferred_from_protocol,True,,val,run_holdout,-1
s44,s44_left_hand_068,left_hand,68,4,inferred_from_protocol,True,,val,run_holdout,-1
s44,s44_left_hand_069,left_hand,69,4,inferred_from_protocol,True,,val,run_holdout,-1
s44,s44_left_hand_070,left_hand,70,4,inferred_from_protocol,True,,val,run_holdout,-1
s44,s44_left_hand_071,left_hand,71,4,inferred_from_protocol,True,,val,run_holdout,-1
s44,s44_left_hand_072,left_hand,72,4,inferred_from_protocol,True,,val,run_holdout,-1
s44,s44_left_hand_073,left_hand,73,4,inferred_from_protocol,True,,val,run_holdout,-1
s44,s44_left_hand_074,left_hand,74,4,inferred_from_protocol,True,,val,run_holdout,-1
s44,s44_left_hand_075,left_hand,75,4,inferred_from_protocol,True,,val,run_holdout,-1
s44,s44_left_hand_076,left_hand,76,4,inferred_from_protocol,True,,val,run_holdout,-1
s44,s44_left_hand_077,left_hand,77,4,inferred_from_protocol,True,,val,run_holdout,-1
s44,s44_left_hand_078,left_hand,78,4,inferred_from_protocol,True,,val,run_holdout,-1
s44,s44_left_hand_079,left_hand,79,4,inferred_from_protocol,True,,val,run_holdout,-1
s44,s44_left_hand_080,left_hand,80,5,inferred_from_protocol,True,,test,run_holdout,-1
s44,s44_left_hand_081,left_hand,81,5,inferred_from_protocol,True,,test,run_holdout,-1
s44,s44_left_hand_082,left_hand,82,5,inferred_from_protocol,True,,test,run_holdout,-1
s44,s44_left_hand_083,left_hand,83,5,inferred_from_protocol,True,,test,run_holdout,-1
s44,s44_left_hand_084,left_hand,84,5,inferred_from_protocol,True,,test,run_holdout,-1
s44,s44_left_hand_085,left_hand,85,5,inferred_from_protocol,True,,test,run_holdout,-1
s44,s44_left_hand_086,left_hand,86,5,inferred_from_protocol,True,,test,run_holdout,-1
s44,s44_left_hand_087,left_hand,87,5,inferred_from_protocol,True,,test,run_holdout,-1
s44,s44_left_hand_088,left_hand,88,5,inferred_from_protocol,True,,test,run_holdout,-1
s44,s44_left_hand_089,left_hand,89,5,inferred_from_protocol,True,,test,run_holdout,-1
s44,s44_left_hand_090,left_hand,90,5,inferred_from_protocol,True,,test,run_holdout,-1
s44,s44_left_hand_091,left_hand,91,5,inferred_from_protocol,True,,test,run_holdout,-1
s44,s44_left_hand_092,left_hand,92,5,inferred_from_protocol,True,,test,run_holdout,-1
s44,s44_left_hand_093,left_hand,93,5,inferred_from_protocol,True,,test,run_holdout,-1
s44,s44_left_hand_094,left_hand,94,5,inferred_from_protocol,True,,test,run_holdout,-1
s44,s44_left_hand_095,left_hand,95,5,inferred_from_protocol,True,,test,run_holdout,-1
s44,s44_left_hand_096,left_hand,96,5,inferred_from_protocol,True,,test,run_holdout,-1
s44,s44_left_hand_097,left_hand,97,5,inferred_from_protocol,True,,test,run_holdout,-1
s44,s44_left_hand_098,left_hand,98,5,inferred_from_protocol,True,,test,run_holdout,-1
s44,s44_left_hand_099,left_hand,99,5,inferred_from_protocol,True,,test,run_holdout,-1
s44,s44_right_hand_000,right_hand,0,1,inferred_from_protocol,True,,train,run_holdout,-1
s44,s44_right_hand_001,right_hand,1,1,inferred_from_protocol,True,,train,run_holdout,-1
s44,s44_right_hand_002,right_hand,2,1,inferred_from_protocol,True,,train,run_holdout,-1
s44,s44_right_hand_003,right_hand,3,1,inferred_from_protocol,True,,train,run_holdout,-1
s44,s44_right_hand_004,right_hand,4,1,inferred_from_protocol,True,,train,run_holdout,-1
s44,s44_right_hand_005,right_hand,5,1,inferred_from_protocol,True,,train,run_holdout,-1
s44,s44_right_hand_006,right_hand,6,1,inferred_from_protocol,True,,train,run_holdout,-1
s44,s44_right_hand_007,right_hand,7,1,inferred_from_protocol,True,,train,run_holdout,-1
s44,s44_right_hand_008,right_hand,8,1,inferred_from_protocol,True,,train,run_holdout,-1
s44,s44_right_hand_009,right_hand,9,1,inferred_from_protocol,True,,train,run_holdout,-1
s44,s44_right_hand_010,right_hand,10,1,inferred_from_protocol,True,,train,run_holdout,-1
s44,s44_right_hand_011,right_hand,11,1,inferred_from_protocol,True,,train,run_holdout,-1
s44,s44_right_hand_012,right_hand,12,1,inferred_from_protocol,True,,train,run_holdout,-1
s44,s44_right_hand_013,right_hand,13,1,inferred_from_protocol,False,amplitude,train,run_holdout,-1
s44,s44_right_hand_014,right_hand,14,1,inferred_from_protocol,True,,train,run_holdout,-1
s44,s44_right_hand_015,right_hand,15,1,inferred_from_protocol,True,,train,run_holdout,-1
s44,s44_right_hand_016,right_hand,16,1,inferred_from_protocol,True,,train,run_holdout,-1
s44,s44_right_hand_017,right_hand,17,1,inferred_from_protocol,True,,train,run_holdout,-1
s44,s44_right_hand_018,right_hand,18,1,inferred_from_protocol,True,,train,run_holdout,-1
s44,s44_right_hand_019,right_hand,19,1,inferred_from_protocol,False,amplitude,train,run_holdout,-1
s44,s44_right_hand_020,right_hand,20,2,inferred_from_protocol,True,,train,run_holdout,-1
s44,s44_right_hand_021,right_hand,21,2,inferred_from_protocol,True,,train,run_holdout,-1
s44,s44_right_hand_022,right_hand,22,2,inferred_from_protocol,True,,train,run_holdout,-1
s44,s44_right_hand_023,right_hand,23,2,inferred_from_protocol,True,,train,run_holdout,-1
s44,s44_right_hand_024,right_hand,24,2,inferred_from_protocol,True,,train,run_holdout,-1
s44,s44_right_hand_025,right_hand,25,2,inferred_from_protocol,True,,train,run_holdout,-1
s44,s44_right_hand_026,right_hand,26,2,inferred_from_protocol,True,,train,run_holdout,-1
s44,s44_right_hand_027,right_hand,27,2,inferred_from_protocol,True,,train,run_holdout,-1
s44,s44_right_hand_028,right_hand,28,2,inferred_from_protocol,True,,train,run_holdout,-1
s44,s44_right_hand_029,right_hand,29,2,inferred_from_protocol,True,,train,run_holdout,-1
s44,s44_right_hand_030,right_hand,30,2,inferred_from_protocol,True,,train,run_holdout,-1
s44,s44_right_hand_031,right_hand,31,2,inferred_from_protocol,True,,train,run_holdout,-1
s44,s44_right_hand_032,right_hand,32,2,inferred_from_protocol,True,,train,run_holdout,-1
s44,s44_right_hand_033,right_hand,33,2,inferred_from_protocol,True,,train,run_holdout,-1
s44,s44_right_hand_034,right_hand,34,2,inferred_from_protocol,True,,train,run_holdout,-1
s44,s44_right_hand_035,right_hand,35,2,inferred_from_protocol,True,,train,run_holdout,-1
s44,s44_right_hand_036,right_hand,36,2,inferred_from_protocol,True,,train,run_holdout,-1
s44,s44_right_hand_037,right_hand,37,2,inferred_from_protocol,True,,train,run_holdout,-1
s44,s44_right_hand_038,right_hand,38,2,inferred_from_protocol,True,,train,run_holdout,-1
s44,s44_right_hand_039,right_hand,39,2,inferred_from_protocol,True,,train,run_holdout,-1
s44,s44_right_hand_040,right_hand,40,3,inferred_from_protocol,True,,train,run_holdout,-1
s44,s44_right_hand_041,right_hand,41,3,inferred_from_protocol,True,,train,run_holdout,-1
s44,s44_right_hand_042,right_hand,42,3,inferred_from_protocol,True,,train,run_holdout,-1
s44,s44_right_hand_043,right_hand,43,3,inferred_from_protocol,True,,train,run_holdout,-1
s44,s44_right_hand_044,right_hand,44,3,inferred_from_protocol,True,,train,run_holdout,-1
s44,s44_right_hand_045,right_hand,45,3,inferred_from_protocol,True,,train,run_holdout,-1
s44,s44_right_hand_046,right_hand,46,3,inferred_from_protocol,True,,train,run_holdout,-1
s44,s44_right_hand_047,right_hand,47,3,inferred_from_protocol,True,,train,run_holdout,-1
s44,s44_right_hand_048,right_hand,48,3,inferred_from_protocol,True,,train,run_holdout,-1
s44,s44_right_hand_049,right_hand,49,3,inferred_from_protocol,True,,train,run_holdout,-1
s44,s44_right_hand_050,right_hand,50,3,inferred_from_protocol,True,,train,run_holdout,-1
s44,s44_right_hand_051,right_hand,51,3,inferred_from_protocol,True,,train,run_holdout,-1
s44,s44_right_hand_052,right_hand,52,3,inferred_from_protocol,True,,train,run_holdout,-1
s44,s44_right_hand_053,right_hand,53,3,inferred_from_protocol,True,,train,run_holdout,-1
s44,s44_right_hand_054,right_hand,54,3,inferred_from_protocol,True,,train,run_holdout,-1
s44,s44_right_hand_055,right_hand,55,3,inferred_from_protocol,True,,train,run_holdout,-1
s44,s44_right_hand_056,right_hand,56,3,inferred_from_protocol,True,,train,run_holdout,-1
s44,s44_right_hand_057,right_hand,57,3,inferred_from_protocol,True,,train,run_holdout,-1
s44,s44_right_hand_058,right_hand,58,3,inferred_from_protocol,True,,train,run_holdout,-1
s44,s44_right_hand_059,right_hand,59,3,inferred_from_protocol,True,,train,run_holdout,-1
s44,s44_right_hand_060,right_hand,60,4,inferred_from_protocol,True,,val,run_holdout,-1
s44,s44_right_hand_061,right_hand,61,4,inferred_from_protocol,True,,val,run_holdout,-1
s44,s44_right_hand_062,right_hand,62,4,inferred_from_protocol,True,,val,run_holdout,-1
s44,s44_right_hand_063,right_hand,63,4,inferred_from_protocol,True,,val,run_holdout,-1
s44,s44_right_hand_064,right_hand,64,4,inferred_from_protocol,True,,val,run_holdout,-1
s44,s44_right_hand_065,right_hand,65,4,inferred_from_protocol,True,,val,run_holdout,-1
s44,s44_right_hand_066,right_hand,66,4,inferred_from_protocol,True,,val,run_holdout,-1
s44,s44_right_hand_067,right_hand,67,4,inferred_from_protocol,True,,val,run_holdout,-1
s44,s44_right_hand_068,right_hand,68,4,inferred_from_protocol,True,,val,run_holdout,-1
s44,s44_right_hand_069,right_hand,69,4,inferred_from_protocol,True,,val,run_holdout,-1
s44,s44_right_hand_070,right_hand,70,4,inferred_from_protocol,True,,val,run_holdout,-1
s44,s44_right_hand_071,right_hand,71,4,inferred_from_protocol,True,,val,run_holdout,-1
s44,s44_right_hand_072,right_hand,72,4,inferred_from_protocol,True,,val,run_holdout,-1
s44,s44_right_hand_073,right_hand,73,4,inferred_from_protocol,True,,val,run_holdout,-1
s44,s44_right_hand_074,right_hand,74,4,inferred_from_protocol,True,,val,run_holdout,-1
s44,s44_right_hand_075,right_hand,75,4,inferred_from_protocol,True,,val,run_holdout,-1
s44,s44_right_hand_076,right_hand,76,4,inferred_from_protocol,True,,val,run_holdout,-1
s44,s44_right_hand_077,right_hand,77,4,inferred_from_protocol,True,,val,run_holdout,-1
s44,s44_right_hand_078,right_hand,78,4,inferred_from_protocol,True,,val,run_holdout,-1
s44,s44_right_hand_079,right_hand,79,4,inferred_from_protocol,True,,val,run_holdout,-1
s44,s44_right_hand_080,right_hand,80,5,inferred_from_protocol,True,,test,run_holdout,-1
s44,s44_right_hand_081,right_hand,81,5,inferred_from_protocol,True,,test,run_holdout,-1
s44,s44_right_hand_082,right_hand,82,5,inferred_from_protocol,True,,test,run_holdout,-1
s44,s44_right_hand_083,right_hand,83,5,inferred_from_protocol,True,,test,run_holdout,-1
s44,s44_right_hand_084,right_hand,84,5,inferred_from_protocol,True,,test,run_holdout,-1
s44,s44_right_hand_085,right_hand,85,5,inferred_from_protocol,True,,test,run_holdout,-1
s44,s44_right_hand_086,right_hand,86,5,inferred_from_protocol,True,,test,run_holdout,-1
s44,s44_right_hand_087,right_hand,87,5,inferred_from_protocol,True,,test,run_holdout,-1
s44,s44_right_hand_088,right_hand,88,5,inferred_from_protocol,True,,test,run_holdout,-1
s44,s44_right_hand_089,right_hand,89,5,inferred_from_protocol,True,,test,run_holdout,-1
s44,s44_right_hand_090,right_hand,90,5,inferred_from_protocol,True,,test,run_holdout,-1
s44,s44_right_hand_091,right_hand,91,5,inferred_from_protocol,True,,test,run_holdout,-1
s44,s44_right_hand_092,right_hand,92,5,inferred_from_protocol,True,,test,run_holdout,-1
s44,s44_right_hand_093,right_hand,93,5,inferred_from_protocol,True,,test,run_holdout,-1
s44,s44_right_hand_094,right_hand,94,5,inferred_from_protocol,True,,test,run_holdout,-1
s44,s44_right_hand_095,right_hand,95,5,inferred_from_protocol,True,,test,run_holdout,-1
s44,s44_right_hand_096,right_hand,96,5,inferred_from_protocol,True,,test,run_holdout,-1
s44,s44_right_hand_097,right_hand,97,5,inferred_from_protocol,True,,test,run_holdout,-1
s44,s44_right_hand_098,right_hand,98,5,inferred_from_protocol,True,,test,run_holdout,-1
s44,s44_right_hand_099,right_hand,99,5,inferred_from_protocol,True,,test,run_holdout,-1
s45,s45_left_hand_000,left_hand,0,1,inferred_from_protocol,True,,train,run_holdout,-1
s45,s45_left_hand_001,left_hand,1,1,inferred_from_protocol,True,,train,run_holdout,-1
s45,s45_left_hand_002,left_hand,2,1,inferred_from_protocol,True,,train,run_holdout,-1
s45,s45_left_hand_003,left_hand,3,1,inferred_from_protocol,True,,train,run_holdout,-1
s45,s45_left_hand_004,left_hand,4,1,inferred_from_protocol,True,,train,run_holdout,-1
s45,s45_left_hand_005,left_hand,5,1,inferred_from_protocol,True,,train,run_holdout,-1
s45,s45_left_hand_006,left_hand,6,1,inferred_from_protocol,True,,train,run_holdout,-1
s45,s45_left_hand_007,left_hand,7,1,inferred_from_protocol,True,,train,run_holdout,-1
s45,s45_left_hand_008,left_hand,8,1,inferred_from_protocol,True,,train,run_holdout,-1
s45,s45_left_hand_009,left_hand,9,1,inferred_from_protocol,True,,train,run_holdout,-1
s45,s45_left_hand_010,left_hand,10,1,inferred_from_protocol,True,,train,run_holdout,-1
s45,s45_left_hand_011,left_hand,11,1,inferred_from_protocol,True,,train,run_holdout,-1
s45,s45_left_hand_012,left_hand,12,1,inferred_from_protocol,True,,train,run_holdout,-1
s45,s45_left_hand_013,left_hand,13,1,inferred_from_protocol,True,,train,run_holdout,-1
s45,s45_left_hand_014,left_hand,14,1,inferred_from_protocol,True,,train,run_holdout,-1
s45,s45_left_hand_015,left_hand,15,1,inferred_from_protocol,True,,train,run_holdout,-1
s45,s45_left_hand_016,left_hand,16,1,inferred_from_protocol,True,,train,run_holdout,-1
s45,s45_left_hand_017,left_hand,17,1,inferred_from_protocol,True,,train,run_holdout,-1
s45,s45_left_hand_018,left_hand,18,1,inferred_from_protocol,True,,train,run_holdout,-1
s45,s45_left_hand_019,left_hand,19,1,inferred_from_protocol,True,,train,run_holdout,-1
s45,s45_left_hand_020,left_hand,20,2,inferred_from_protocol,True,,train,run_holdout,-1
s45,s45_left_hand_021,left_hand,21,2,inferred_from_protocol,True,,train,run_holdout,-1
s45,s45_left_hand_022,left_hand,22,2,inferred_from_protocol,True,,train,run_holdout,-1
s45,s45_left_hand_023,left_hand,23,2,inferred_from_protocol,True,,train,run_holdout,-1
s45,s45_left_hand_024,left_hand,24,2,inferred_from_protocol,True,,train,run_holdout,-1
s45,s45_left_hand_025,left_hand,25,2,inferred_from_protocol,True,,train,run_holdout,-1
s45,s45_left_hand_026,left_hand,26,2,inferred_from_protocol,True,,train,run_holdout,-1
s45,s45_left_hand_027,left_hand,27,2,inferred_from_protocol,True,,train,run_holdout,-1
s45,s45_left_hand_028,left_hand,28,2,inferred_from_protocol,True,,train,run_holdout,-1
s45,s45_left_hand_029,left_hand,29,2,inferred_from_protocol,True,,train,run_holdout,-1
s45,s45_left_hand_030,left_hand,30,2,inferred_from_protocol,True,,train,run_holdout,-1
s45,s45_left_hand_031,left_hand,31,2,inferred_from_protocol,False,amplitude,train,run_holdout,-1
s45,s45_left_hand_032,left_hand,32,2,inferred_from_protocol,True,,train,run_holdout,-1
s45,s45_left_hand_033,left_hand,33,2,inferred_from_protocol,True,,train,run_holdout,-1
s45,s45_left_hand_034,left_hand,34,2,inferred_from_protocol,True,,train,run_holdout,-1
s45,s45_left_hand_035,left_hand,35,2,inferred_from_protocol,True,,train,run_holdout,-1
s45,s45_left_hand_036,left_hand,36,2,inferred_from_protocol,True,,train,run_holdout,-1
s45,s45_left_hand_037,left_hand,37,2,inferred_from_protocol,True,,train,run_holdout,-1
s45,s45_left_hand_038,left_hand,38,2,inferred_from_protocol,True,,train,run_holdout,-1
s45,s45_left_hand_039,left_hand,39,2,inferred_from_protocol,True,,train,run_holdout,-1
s45,s45_left_hand_040,left_hand,40,3,inferred_from_protocol,True,,train,run_holdout,-1
s45,s45_left_hand_041,left_hand,41,3,inferred_from_protocol,True,,train,run_holdout,-1
s45,s45_left_hand_042,left_hand,42,3,inferred_from_protocol,True,,train,run_holdout,-1
s45,s45_left_hand_043,left_hand,43,3,inferred_from_protocol,True,,train,run_holdout,-1
s45,s45_left_hand_044,left_hand,44,3,inferred_from_protocol,True,,train,run_holdout,-1
s45,s45_left_hand_045,left_hand,45,3,inferred_from_protocol,True,,train,run_holdout,-1
s45,s45_left_hand_046,left_hand,46,3,inferred_from_protocol,True,,train,run_holdout,-1
s45,s45_left_hand_047,left_hand,47,3,inferred_from_protocol,True,,train,run_holdout,-1
s45,s45_left_hand_048,left_hand,48,3,inferred_from_protocol,True,,train,run_holdout,-1
s45,s45_left_hand_049,left_hand,49,3,inferred_from_protocol,True,,train,run_holdout,-1
s45,s45_left_hand_050,left_hand,50,3,inferred_from_protocol,True,,train,run_holdout,-1
s45,s45_left_hand_051,left_hand,51,3,inferred_from_protocol,True,,train,run_holdout,-1
s45,s45_left_hand_052,left_hand,52,3,inferred_from_protocol,True,,train,run_holdout,-1
s45,s45_left_hand_053,left_hand,53,3,inferred_from_protocol,True,,train,run_holdout,-1
s45,s45_left_hand_054,left_hand,54,3,inferred_from_protocol,True,,train,run_holdout,-1
s45,s45_left_hand_055,left_hand,55,3,inferred_from_protocol,True,,train,run_holdout,-1
s45,s45_left_hand_056,left_hand,56,3,inferred_from_protocol,True,,train,run_holdout,-1
s45,s45_left_hand_057,left_hand,57,3,inferred_from_protocol,True,,train,run_holdout,-1
s45,s45_left_hand_058,left_hand,58,3,inferred_from_protocol,True,,train,run_holdout,-1
s45,s45_left_hand_059,left_hand,59,3,inferred_from_protocol,True,,train,run_holdout,-1
s45,s45_left_hand_060,left_hand,60,4,inferred_from_protocol,True,,val,run_holdout,-1
s45,s45_left_hand_061,left_hand,61,4,inferred_from_protocol,True,,val,run_holdout,-1
s45,s45_left_hand_062,left_hand,62,4,inferred_from_protocol,True,,val,run_holdout,-1
s45,s45_left_hand_063,left_hand,63,4,inferred_from_protocol,True,,val,run_holdout,-1
s45,s45_left_hand_064,left_hand,64,4,inferred_from_protocol,True,,val,run_holdout,-1
s45,s45_left_hand_065,left_hand,65,4,inferred_from_protocol,True,,val,run_holdout,-1
s45,s45_left_hand_066,left_hand,66,4,inferred_from_protocol,True,,val,run_holdout,-1
s45,s45_left_hand_067,left_hand,67,4,inferred_from_protocol,True,,val,run_holdout,-1
s45,s45_left_hand_068,left_hand,68,4,inferred_from_protocol,True,,val,run_holdout,-1
s45,s45_left_hand_069,left_hand,69,4,inferred_from_protocol,True,,val,run_holdout,-1
s45,s45_left_hand_070,left_hand,70,4,inferred_from_protocol,True,,val,run_holdout,-1
s45,s45_left_hand_071,left_hand,71,4,inferred_from_protocol,True,,val,run_holdout,-1
s45,s45_left_hand_072,left_hand,72,4,inferred_from_protocol,True,,val,run_holdout,-1
s45,s45_left_hand_073,left_hand,73,4,inferred_from_protocol,True,,val,run_holdout,-1
s45,s45_left_hand_074,left_hand,74,4,inferred_from_protocol,True,,val,run_holdout,-1
s45,s45_left_hand_075,left_hand,75,4,inferred_from_protocol,True,,val,run_holdout,-1
s45,s45_left_hand_076,left_hand,76,4,inferred_from_protocol,True,,val,run_holdout,-1
s45,s45_left_hand_077,left_hand,77,4,inferred_from_protocol,True,,val,run_holdout,-1
s45,s45_left_hand_078,left_hand,78,4,inferred_from_protocol,True,,val,run_holdout,-1
s45,s45_left_hand_079,left_hand,79,4,inferred_from_protocol,True,,val,run_holdout,-1
s45,s45_left_hand_080,left_hand,80,5,inferred_from_protocol,True,,test,run_holdout,-1
s45,s45_left_hand_081,left_hand,81,5,inferred_from_protocol,True,,test,run_holdout,-1
s45,s45_left_hand_082,left_hand,82,5,inferred_from_protocol,True,,test,run_holdout,-1
s45,s45_left_hand_083,left_hand,83,5,inferred_from_protocol,True,,test,run_holdout,-1
s45,s45_left_hand_084,left_hand,84,5,inferred_from_protocol,True,,test,run_holdout,-1
s45,s45_left_hand_085,left_hand,85,5,inferred_from_protocol,True,,test,run_holdout,-1
s45,s45_left_hand_086,left_hand,86,5,inferred_from_protocol,True,,test,run_holdout,-1
s45,s45_left_hand_087,left_hand,87,5,inferred_from_protocol,True,,test,run_holdout,-1
s45,s45_left_hand_088,left_hand,88,5,inferred_from_protocol,True,,test,run_holdout,-1
s45,s45_left_hand_089,left_hand,89,5,inferred_from_protocol,True,,test,run_holdout,-1
s45,s45_left_hand_090,left_hand,90,5,inferred_from_protocol,True,,test,run_holdout,-1
s45,s45_left_hand_091,left_hand,91,5,inferred_from_protocol,True,,test,run_holdout,-1
s45,s45_left_hand_092,left_hand,92,5,inferred_from_protocol,True,,test,run_holdout,-1
s45,s45_left_hand_093,left_hand,93,5,inferred_from_protocol,True,,test,run_holdout,-1
s45,s45_left_hand_094,left_hand,94,5,inferred_from_protocol,True,,test,run_holdout,-1
s45,s45_left_hand_095,left_hand,95,5,inferred_from_protocol,True,,test,run_holdout,-1
s45,s45_left_hand_096,left_hand,96,5,inferred_from_protocol,True,,test,run_holdout,-1
s45,s45_left_hand_097,left_hand,97,5,inferred_from_protocol,True,,test,run_holdout,-1
s45,s45_left_hand_098,left_hand,98,5,inferred_from_protocol,True,,test,run_holdout,-1
s45,s45_left_hand_099,left_hand,99,5,inferred_from_protocol,True,,test,run_holdout,-1
s45,s45_right_hand_000,right_hand,0,1,inferred_from_protocol,True,,train,run_holdout,-1
s45,s45_right_hand_001,right_hand,1,1,inferred_from_protocol,True,,train,run_holdout,-1
s45,s45_right_hand_002,right_hand,2,1,inferred_from_protocol,True,,train,run_holdout,-1
s45,s45_right_hand_003,right_hand,3,1,inferred_from_protocol,True,,train,run_holdout,-1
s45,s45_right_hand_004,right_hand,4,1,inferred_from_protocol,True,,train,run_holdout,-1
s45,s45_right_hand_005,right_hand,5,1,inferred_from_protocol,True,,train,run_holdout,-1
s45,s45_right_hand_006,right_hand,6,1,inferred_from_protocol,True,,train,run_holdout,-1
s45,s45_right_hand_007,right_hand,7,1,inferred_from_protocol,True,,train,run_holdout,-1
s45,s45_right_hand_008,right_hand,8,1,inferred_from_protocol,True,,train,run_holdout,-1
s45,s45_right_hand_009,right_hand,9,1,inferred_from_protocol,True,,train,run_holdout,-1
s45,s45_right_hand_010,right_hand,10,1,inferred_from_protocol,True,,train,run_holdout,-1
s45,s45_right_hand_011,right_hand,11,1,inferred_from_protocol,True,,train,run_holdout,-1
s45,s45_right_hand_012,right_hand,12,1,inferred_from_protocol,True,,train,run_holdout,-1
s45,s45_right_hand_013,right_hand,13,1,inferred_from_protocol,True,,train,run_holdout,-1
s45,s45_right_hand_014,right_hand,14,1,inferred_from_protocol,True,,train,run_holdout,-1
s45,s45_right_hand_015,right_hand,15,1,inferred_from_protocol,True,,train,run_holdout,-1
s45,s45_right_hand_016,right_hand,16,1,inferred_from_protocol,True,,train,run_holdout,-1
s45,s45_right_hand_017,right_hand,17,1,inferred_from_protocol,True,,train,run_holdout,-1
s45,s45_right_hand_018,right_hand,18,1,inferred_from_protocol,True,,train,run_holdout,-1
s45,s45_right_hand_019,right_hand,19,1,inferred_from_protocol,False,amplitude,train,run_holdout,-1
s45,s45_right_hand_020,right_hand,20,2,inferred_from_protocol,True,,train,run_holdout,-1
s45,s45_right_hand_021,right_hand,21,2,inferred_from_protocol,True,,train,run_holdout,-1
s45,s45_right_hand_022,right_hand,22,2,inferred_from_protocol,True,,train,run_holdout,-1
s45,s45_right_hand_023,right_hand,23,2,inferred_from_protocol,True,,train,run_holdout,-1
s45,s45_right_hand_024,right_hand,24,2,inferred_from_protocol,True,,train,run_holdout,-1
s45,s45_right_hand_025,right_hand,25,2,inferred_from_protocol,True,,train,run_holdout,-1
s45,s45_right_hand_026,right_hand,26,2,inferred_from_protocol,True,,train,run_holdout,-1
s45,s45_right_hand_027,right_hand,27,2,inferred_from_protocol,True,,train,run_holdout,-1
s45,s45_right_hand_028,right_hand,28,2,inferred_from_protocol,True,,train,run_holdout,-1
s45,s45_right_hand_029,right_hand,29,2,inferred_from_protocol,True,,train,run_holdout,-1
s45,s45_right_hand_030,right_hand,30,2,inferred_from_protocol,True,,train,run_holdout,-1
s45,s45_right_hand_031,right_hand,31,2,inferred_from_protocol,True,,train,run_holdout,-1
s45,s45_right_hand_032,right_hand,32,2,inferred_from_protocol,True,,train,run_holdout,-1
s45,s45_right_hand_033,right_hand,33,2,inferred_from_protocol,True,,train,run_holdout,-1
s45,s45_right_hand_034,right_hand,34,2,inferred_from_protocol,True,,train,run_holdout,-1
s45,s45_right_hand_035,right_hand,35,2,inferred_from_protocol,True,,train,run_holdout,-1
s45,s45_right_hand_036,right_hand,36,2,inferred_from_protocol,True,,train,run_holdout,-1
s45,s45_right_hand_037,right_hand,37,2,inferred_from_protocol,True,,train,run_holdout,-1
s45,s45_right_hand_038,right_hand,38,2,inferred_from_protocol,True,,train,run_holdout,-1
s45,s45_right_hand_039,right_hand,39,2,inferred_from_protocol,True,,train,run_holdout,-1
s45,s45_right_hand_040,right_hand,40,3,inferred_from_protocol,False,amplitude,train,run_holdout,-1
s45,s45_right_hand_041,right_hand,41,3,inferred_from_protocol,True,,train,run_holdout,-1
s45,s45_right_hand_042,right_hand,42,3,inferred_from_protocol,True,,train,run_holdout,-1
s45,s45_right_hand_043,right_hand,43,3,inferred_from_protocol,True,,train,run_holdout,-1
s45,s45_right_hand_044,right_hand,44,3,inferred_from_protocol,True,,train,run_holdout,-1
s45,s45_right_hand_045,right_hand,45,3,inferred_from_protocol,True,,train,run_holdout,-1
s45,s45_right_hand_046,right_hand,46,3,inferred_from_protocol,True,,train,run_holdout,-1
s45,s45_right_hand_047,right_hand,47,3,inferred_from_protocol,True,,train,run_holdout,-1
s45,s45_right_hand_048,right_hand,48,3,inferred_from_protocol,True,,train,run_holdout,-1
s45,s45_right_hand_049,right_hand,49,3,inferred_from_protocol,True,,train,run_holdout,-1
s45,s45_right_hand_050,right_hand,50,3,inferred_from_protocol,True,,train,run_holdout,-1
s45,s45_right_hand_051,right_hand,51,3,inferred_from_protocol,True,,train,run_holdout,-1
s45,s45_right_hand_052,right_hand,52,3,inferred_from_protocol,True,,train,run_holdout,-1
s45,s45_right_hand_053,right_hand,53,3,inferred_from_protocol,True,,train,run_holdout,-1
s45,s45_right_hand_054,right_hand,54,3,inferred_from_protocol,True,,train,run_holdout,-1
s45,s45_right_hand_055,right_hand,55,3,inferred_from_protocol,True,,train,run_holdout,-1
s45,s45_right_hand_056,right_hand,56,3,inferred_from_protocol,True,,train,run_holdout,-1
s45,s45_right_hand_057,right_hand,57,3,inferred_from_protocol,True,,train,run_holdout,-1
s45,s45_right_hand_058,right_hand,58,3,inferred_from_protocol,True,,train,run_holdout,-1
s45,s45_right_hand_059,right_hand,59,3,inferred_from_protocol,True,,train,run_holdout,-1
s45,s45_right_hand_060,right_hand,60,4,inferred_from_protocol,True,,val,run_holdout,-1
s45,s45_right_hand_061,right_hand,61,4,inferred_from_protocol,True,,val,run_holdout,-1
s45,s45_right_hand_062,right_hand,62,4,inferred_from_protocol,True,,val,run_holdout,-1
s45,s45_right_hand_063,right_hand,63,4,inferred_from_protocol,True,,val,run_holdout,-1
s45,s45_right_hand_064,right_hand,64,4,inferred_from_protocol,True,,val,run_holdout,-1
s45,s45_right_hand_065,right_hand,65,4,inferred_from_protocol,True,,val,run_holdout,-1
s45,s45_right_hand_066,right_hand,66,4,inferred_from_protocol,True,,val,run_holdout,-1
s45,s45_right_hand_067,right_hand,67,4,inferred_from_protocol,False,amplitude,val,run_holdout,-1
s45,s45_right_hand_068,right_hand,68,4,inferred_from_protocol,True,,val,run_holdout,-1
s45,s45_right_hand_069,right_hand,69,4,inferred_from_protocol,True,,val,run_holdout,-1
s45,s45_right_hand_070,right_hand,70,4,inferred_from_protocol,True,,val,run_holdout,-1
s45,s45_right_hand_071,right_hand,71,4,inferred_from_protocol,True,,val,run_holdout,-1
s45,s45_right_hand_072,right_hand,72,4,inferred_from_protocol,True,,val,run_holdout,-1
s45,s45_right_hand_073,right_hand,73,4,inferred_from_protocol,True,,val,run_holdout,-1
s45,s45_right_hand_074,right_hand,74,4,inferred_from_protocol,True,,val,run_holdout,-1
s45,s45_right_hand_075,right_hand,75,4,inferred_from_protocol,True,,val,run_holdout,-1
s45,s45_right_hand_076,right_hand,76,4,inferred_from_protocol,True,,val,run_holdout,-1
s45,s45_right_hand_077,right_hand,77,4,inferred_from_protocol,True,,val,run_holdout,-1
s45,s45_right_hand_078,right_hand,78,4,inferred_from_protocol,True,,val,run_holdout,-1
s45,s45_right_hand_079,right_hand,79,4,inferred_from_protocol,True,,val,run_holdout,-1
s45,s45_right_hand_080,right_hand,80,5,inferred_from_protocol,True,,test,run_holdout,-1
s45,s45_right_hand_081,right_hand,81,5,inferred_from_protocol,True,,test,run_holdout,-1
s45,s45_right_hand_082,right_hand,82,5,inferred_from_protocol,True,,test,run_holdout,-1
s45,s45_right_hand_083,right_hand,83,5,inferred_from_protocol,True,,test,run_holdout,-1
s45,s45_right_hand_084,right_hand,84,5,inferred_from_protocol,True,,test,run_holdout,-1
s45,s45_right_hand_085,right_hand,85,5,inferred_from_protocol,True,,test,run_holdout,-1
s45,s45_right_hand_086,right_hand,86,5,inferred_from_protocol,True,,test,run_holdout,-1
s45,s45_right_hand_087,right_hand,87,5,inferred_from_protocol,True,,test,run_holdout,-1
s45,s45_right_hand_088,right_hand,88,5,inferred_from_protocol,True,,test,run_holdout,-1
s45,s45_right_hand_089,right_hand,89,5,inferred_from_protocol,True,,test,run_holdout,-1
s45,s45_right_hand_090,right_hand,90,5,inferred_from_protocol,True,,test,run_holdout,-1
s45,s45_right_hand_091,right_hand,91,5,inferred_from_protocol,True,,test,run_holdout,-1
s45,s45_right_hand_092,right_hand,92,5,inferred_from_protocol,True,,test,run_holdout,-1
s45,s45_right_hand_093,right_hand,93,5,inferred_from_protocol,True,,test,run_holdout,-1
s45,s45_right_hand_094,right_hand,94,5,inferred_from_protocol,True,,test,run_holdout,-1
s45,s45_right_hand_095,right_hand,95,5,inferred_from_protocol,True,,test,run_holdout,-1
s45,s45_right_hand_096,right_hand,96,5,inferred_from_protocol,True,,test,run_holdout,-1
s45,s45_right_hand_097,right_hand,97,5,inferred_from_protocol,True,,test,run_holdout,-1
s45,s45_right_hand_098,right_hand,98,5,inferred_from_protocol,True,,test,run_holdout,-1
s45,s45_right_hand_099,right_hand,99,5,inferred_from_protocol,True,,test,run_holdout,-1
s46,s46_left_hand_000,left_hand,0,1,inferred_from_protocol,True,,train,run_holdout,-1
s46,s46_left_hand_001,left_hand,1,1,inferred_from_protocol,True,,train,run_holdout,-1
s46,s46_left_hand_002,left_hand,2,1,inferred_from_protocol,True,,train,run_holdout,-1
s46,s46_left_hand_003,left_hand,3,1,inferred_from_protocol,True,,train,run_holdout,-1
s46,s46_left_hand_004,left_hand,4,1,inferred_from_protocol,True,,train,run_holdout,-1
s46,s46_left_hand_005,left_hand,5,1,inferred_from_protocol,True,,train,run_holdout,-1
s46,s46_left_hand_006,left_hand,6,1,inferred_from_protocol,True,,train,run_holdout,-1
s46,s46_left_hand_007,left_hand,7,1,inferred_from_protocol,True,,train,run_holdout,-1
s46,s46_left_hand_008,left_hand,8,1,inferred_from_protocol,True,,train,run_holdout,-1
s46,s46_left_hand_009,left_hand,9,1,inferred_from_protocol,True,,train,run_holdout,-1
s46,s46_left_hand_010,left_hand,10,1,inferred_from_protocol,True,,train,run_holdout,-1
s46,s46_left_hand_011,left_hand,11,1,inferred_from_protocol,True,,train,run_holdout,-1
s46,s46_left_hand_012,left_hand,12,1,inferred_from_protocol,True,,train,run_holdout,-1
s46,s46_left_hand_013,left_hand,13,1,inferred_from_protocol,True,,train,run_holdout,-1
s46,s46_left_hand_014,left_hand,14,1,inferred_from_protocol,True,,train,run_holdout,-1
s46,s46_left_hand_015,left_hand,15,1,inferred_from_protocol,True,,train,run_holdout,-1
s46,s46_left_hand_016,left_hand,16,1,inferred_from_protocol,True,,train,run_holdout,-1
s46,s46_left_hand_017,left_hand,17,1,inferred_from_protocol,True,,train,run_holdout,-1
s46,s46_left_hand_018,left_hand,18,1,inferred_from_protocol,True,,train,run_holdout,-1
s46,s46_left_hand_019,left_hand,19,1,inferred_from_protocol,True,,train,run_holdout,-1
s46,s46_left_hand_020,left_hand,20,2,inferred_from_protocol,True,,train,run_holdout,-1
s46,s46_left_hand_021,left_hand,21,2,inferred_from_protocol,True,,train,run_holdout,-1
s46,s46_left_hand_022,left_hand,22,2,inferred_from_protocol,True,,train,run_holdout,-1
s46,s46_left_hand_023,left_hand,23,2,inferred_from_protocol,True,,train,run_holdout,-1
s46,s46_left_hand_024,left_hand,24,2,inferred_from_protocol,True,,train,run_holdout,-1
s46,s46_left_hand_025,left_hand,25,2,inferred_from_protocol,True,,train,run_holdout,-1
s46,s46_left_hand_026,left_hand,26,2,inferred_from_protocol,True,,train,run_holdout,-1
s46,s46_left_hand_027,left_hand,27,2,inferred_from_protocol,True,,train,run_holdout,-1
s46,s46_left_hand_028,left_hand,28,2,inferred_from_protocol,True,,train,run_holdout,-1
s46,s46_left_hand_029,left_hand,29,2,inferred_from_protocol,True,,train,run_holdout,-1
s46,s46_left_hand_030,left_hand,30,2,inferred_from_protocol,True,,train,run_holdout,-1
s46,s46_left_hand_031,left_hand,31,2,inferred_from_protocol,True,,train,run_holdout,-1
s46,s46_left_hand_032,left_hand,32,2,inferred_from_protocol,True,,train,run_holdout,-1
s46,s46_left_hand_033,left_hand,33,2,inferred_from_protocol,True,,train,run_holdout,-1
s46,s46_left_hand_034,left_hand,34,2,inferred_from_protocol,True,,train,run_holdout,-1
s46,s46_left_hand_035,left_hand,35,2,inferred_from_protocol,True,,train,run_holdout,-1
s46,s46_left_hand_036,left_hand,36,2,inferred_from_protocol,True,,train,run_holdout,-1
s46,s46_left_hand_037,left_hand,37,2,inferred_from_protocol,True,,train,run_holdout,-1
s46,s46_left_hand_038,left_hand,38,2,inferred_from_protocol,True,,train,run_holdout,-1
s46,s46_left_hand_039,left_hand,39,2,inferred_from_protocol,True,,train,run_holdout,-1
s46,s46_left_hand_040,left_hand,40,3,inferred_from_protocol,True,,train,run_holdout,-1
s46,s46_left_hand_041,left_hand,41,3,inferred_from_protocol,True,,train,run_holdout,-1
s46,s46_left_hand_042,left_hand,42,3,inferred_from_protocol,True,,train,run_holdout,-1
s46,s46_left_hand_043,left_hand,43,3,inferred_from_protocol,True,,train,run_holdout,-1
s46,s46_left_hand_044,left_hand,44,3,inferred_from_protocol,True,,train,run_holdout,-1
s46,s46_left_hand_045,left_hand,45,3,inferred_from_protocol,True,,train,run_holdout,-1
s46,s46_left_hand_046,left_hand,46,3,inferred_from_protocol,True,,train,run_holdout,-1
s46,s46_left_hand_047,left_hand,47,3,inferred_from_protocol,True,,train,run_holdout,-1
s46,s46_left_hand_048,left_hand,48,3,inferred_from_protocol,True,,train,run_holdout,-1
s46,s46_left_hand_049,left_hand,49,3,inferred_from_protocol,True,,train,run_holdout,-1
s46,s46_left_hand_050,left_hand,50,3,inferred_from_protocol,True,,train,run_holdout,-1
s46,s46_left_hand_051,left_hand,51,3,inferred_from_protocol,True,,train,run_holdout,-1
s46,s46_left_hand_052,left_hand,52,3,inferred_from_protocol,True,,train,run_holdout,-1
s46,s46_left_hand_053,left_hand,53,3,inferred_from_protocol,True,,train,run_holdout,-1
s46,s46_left_hand_054,left_hand,54,3,inferred_from_protocol,True,,train,run_holdout,-1
s46,s46_left_hand_055,left_hand,55,3,inferred_from_protocol,True,,train,run_holdout,-1
s46,s46_left_hand_056,left_hand,56,3,inferred_from_protocol,True,,train,run_holdout,-1
s46,s46_left_hand_057,left_hand,57,3,inferred_from_protocol,True,,train,run_holdout,-1
s46,s46_left_hand_058,left_hand,58,3,inferred_from_protocol,True,,train,run_holdout,-1
s46,s46_left_hand_059,left_hand,59,3,inferred_from_protocol,True,,train,run_holdout,-1
s46,s46_left_hand_060,left_hand,60,4,inferred_from_protocol,True,,train,run_holdout,-1
s46,s46_left_hand_061,left_hand,61,4,inferred_from_protocol,True,,train,run_holdout,-1
s46,s46_left_hand_062,left_hand,62,4,inferred_from_protocol,True,,train,run_holdout,-1
s46,s46_left_hand_063,left_hand,63,4,inferred_from_protocol,True,,train,run_holdout,-1
s46,s46_left_hand_064,left_hand,64,4,inferred_from_protocol,True,,train,run_holdout,-1
s46,s46_left_hand_065,left_hand,65,4,inferred_from_protocol,True,,train,run_holdout,-1
s46,s46_left_hand_066,left_hand,66,4,inferred_from_protocol,True,,train,run_holdout,-1
s46,s46_left_hand_067,left_hand,67,4,inferred_from_protocol,True,,train,run_holdout,-1
s46,s46_left_hand_068,left_hand,68,4,inferred_from_protocol,True,,train,run_holdout,-1
s46,s46_left_hand_069,left_hand,69,4,inferred_from_protocol,True,,train,run_holdout,-1
s46,s46_left_hand_070,left_hand,70,4,inferred_from_protocol,True,,train,run_holdout,-1
s46,s46_left_hand_071,left_hand,71,4,inferred_from_protocol,True,,train,run_holdout,-1
s46,s46_left_hand_072,left_hand,72,4,inferred_from_protocol,True,,train,run_holdout,-1
s46,s46_left_hand_073,left_hand,73,4,inferred_from_protocol,True,,train,run_holdout,-1
s46,s46_left_hand_074,left_hand,74,4,inferred_from_protocol,True,,train,run_holdout,-1
s46,s46_left_hand_075,left_hand,75,4,inferred_from_protocol,True,,train,run_holdout,-1
s46,s46_left_hand_076,left_hand,76,4,inferred_from_protocol,True,,train,run_holdout,-1
s46,s46_left_hand_077,left_hand,77,4,inferred_from_protocol,False,emg_correlation,train,run_holdout,-1
s46,s46_left_hand_078,left_hand,78,4,inferred_from_protocol,True,,train,run_holdout,-1
s46,s46_left_hand_079,left_hand,79,4,inferred_from_protocol,True,,train,run_holdout,-1
s46,s46_left_hand_080,left_hand,80,5,inferred_from_protocol,True,,val,run_holdout,-1
s46,s46_left_hand_081,left_hand,81,5,inferred_from_protocol,True,,val,run_holdout,-1
s46,s46_left_hand_082,left_hand,82,5,inferred_from_protocol,True,,val,run_holdout,-1
s46,s46_left_hand_083,left_hand,83,5,inferred_from_protocol,True,,val,run_holdout,-1
s46,s46_left_hand_084,left_hand,84,5,inferred_from_protocol,True,,val,run_holdout,-1
s46,s46_left_hand_085,left_hand,85,5,inferred_from_protocol,True,,val,run_holdout,-1
s46,s46_left_hand_086,left_hand,86,5,inferred_from_protocol,True,,val,run_holdout,-1
s46,s46_left_hand_087,left_hand,87,5,inferred_from_protocol,True,,val,run_holdout,-1
s46,s46_left_hand_088,left_hand,88,5,inferred_from_protocol,True,,val,run_holdout,-1
s46,s46_left_hand_089,left_hand,89,5,inferred_from_protocol,True,,val,run_holdout,-1
s46,s46_left_hand_090,left_hand,90,5,inferred_from_protocol,True,,val,run_holdout,-1
s46,s46_left_hand_091,left_hand,91,5,inferred_from_protocol,True,,val,run_holdout,-1
s46,s46_left_hand_092,left_hand,92,5,inferred_from_protocol,True,,val,run_holdout,-1
s46,s46_left_hand_093,left_hand,93,5,inferred_from_protocol,True,,val,run_holdout,-1
s46,s46_left_hand_094,left_hand,94,5,inferred_from_protocol,True,,val,run_holdout,-1
s46,s46_left_hand_095,left_hand,95,5,inferred_from_protocol,True,,val,run_holdout,-1
s46,s46_left_hand_096,left_hand,96,5,inferred_from_protocol,True,,val,run_holdout,-1
s46,s46_left_hand_097,left_hand,97,5,inferred_from_protocol,True,,val,run_holdout,-1
s46,s46_left_hand_098,left_hand,98,5,inferred_from_protocol,True,,val,run_holdout,-1
s46,s46_left_hand_099,left_hand,99,5,inferred_from_protocol,True,,val,run_holdout,-1
s46,s46_left_hand_100,left_hand,100,6,inferred_from_protocol,True,,test,run_holdout,-1
s46,s46_left_hand_101,left_hand,101,6,inferred_from_protocol,True,,test,run_holdout,-1
s46,s46_left_hand_102,left_hand,102,6,inferred_from_protocol,True,,test,run_holdout,-1
s46,s46_left_hand_103,left_hand,103,6,inferred_from_protocol,True,,test,run_holdout,-1
s46,s46_left_hand_104,left_hand,104,6,inferred_from_protocol,True,,test,run_holdout,-1
s46,s46_left_hand_105,left_hand,105,6,inferred_from_protocol,True,,test,run_holdout,-1
s46,s46_left_hand_106,left_hand,106,6,inferred_from_protocol,True,,test,run_holdout,-1
s46,s46_left_hand_107,left_hand,107,6,inferred_from_protocol,True,,test,run_holdout,-1
s46,s46_left_hand_108,left_hand,108,6,inferred_from_protocol,True,,test,run_holdout,-1
s46,s46_left_hand_109,left_hand,109,6,inferred_from_protocol,True,,test,run_holdout,-1
s46,s46_left_hand_110,left_hand,110,6,inferred_from_protocol,True,,test,run_holdout,-1
s46,s46_left_hand_111,left_hand,111,6,inferred_from_protocol,True,,test,run_holdout,-1
s46,s46_left_hand_112,left_hand,112,6,inferred_from_protocol,True,,test,run_holdout,-1
s46,s46_left_hand_113,left_hand,113,6,inferred_from_protocol,True,,test,run_holdout,-1
s46,s46_left_hand_114,left_hand,114,6,inferred_from_protocol,True,,test,run_holdout,-1
s46,s46_left_hand_115,left_hand,115,6,inferred_from_protocol,True,,test,run_holdout,-1
s46,s46_left_hand_116,left_hand,116,6,inferred_from_protocol,True,,test,run_holdout,-1
s46,s46_left_hand_117,left_hand,117,6,inferred_from_protocol,True,,test,run_holdout,-1
s46,s46_left_hand_118,left_hand,118,6,inferred_from_protocol,True,,test,run_holdout,-1
s46,s46_left_hand_119,left_hand,119,6,inferred_from_protocol,True,,test,run_holdout,-1
s46,s46_right_hand_000,right_hand,0,1,inferred_from_protocol,True,,train,run_holdout,-1
s46,s46_right_hand_001,right_hand,1,1,inferred_from_protocol,True,,train,run_holdout,-1
s46,s46_right_hand_002,right_hand,2,1,inferred_from_protocol,True,,train,run_holdout,-1
s46,s46_right_hand_003,right_hand,3,1,inferred_from_protocol,True,,train,run_holdout,-1
s46,s46_right_hand_004,right_hand,4,1,inferred_from_protocol,True,,train,run_holdout,-1
s46,s46_right_hand_005,right_hand,5,1,inferred_from_protocol,True,,train,run_holdout,-1
s46,s46_right_hand_006,right_hand,6,1,inferred_from_protocol,True,,train,run_holdout,-1
s46,s46_right_hand_007,right_hand,7,1,inferred_from_protocol,True,,train,run_holdout,-1
s46,s46_right_hand_008,right_hand,8,1,inferred_from_protocol,True,,train,run_holdout,-1
s46,s46_right_hand_009,right_hand,9,1,inferred_from_protocol,True,,train,run_holdout,-1
s46,s46_right_hand_010,right_hand,10,1,inferred_from_protocol,True,,train,run_holdout,-1
s46,s46_right_hand_011,right_hand,11,1,inferred_from_protocol,True,,train,run_holdout,-1
s46,s46_right_hand_012,right_hand,12,1,inferred_from_protocol,True,,train,run_holdout,-1
s46,s46_right_hand_013,right_hand,13,1,inferred_from_protocol,True,,train,run_holdout,-1
s46,s46_right_hand_014,right_hand,14,1,inferred_from_protocol,True,,train,run_holdout,-1
s46,s46_right_hand_015,right_hand,15,1,inferred_from_protocol,True,,train,run_holdout,-1
s46,s46_right_hand_016,right_hand,16,1,inferred_from_protocol,True,,train,run_holdout,-1
s46,s46_right_hand_017,right_hand,17,1,inferred_from_protocol,True,,train,run_holdout,-1
s46,s46_right_hand_018,right_hand,18,1,inferred_from_protocol,True,,train,run_holdout,-1
s46,s46_right_hand_019,right_hand,19,1,inferred_from_protocol,True,,train,run_holdout,-1
s46,s46_right_hand_020,right_hand,20,2,inferred_from_protocol,True,,train,run_holdout,-1
s46,s46_right_hand_021,right_hand,21,2,inferred_from_protocol,True,,train,run_holdout,-1
s46,s46_right_hand_022,right_hand,22,2,inferred_from_protocol,True,,train,run_holdout,-1
s46,s46_right_hand_023,right_hand,23,2,inferred_from_protocol,True,,train,run_holdout,-1
s46,s46_right_hand_024,right_hand,24,2,inferred_from_protocol,True,,train,run_holdout,-1
s46,s46_right_hand_025,right_hand,25,2,inferred_from_protocol,True,,train,run_holdout,-1
s46,s46_right_hand_026,right_hand,26,2,inferred_from_protocol,True,,train,run_holdout,-1
s46,s46_right_hand_027,right_hand,27,2,inferred_from_protocol,True,,train,run_holdout,-1
s46,s46_right_hand_028,right_hand,28,2,inferred_from_protocol,True,,train,run_holdout,-1
s46,s46_right_hand_029,right_hand,29,2,inferred_from_protocol,True,,train,run_holdout,-1
s46,s46_right_hand_030,right_hand,30,2,inferred_from_protocol,True,,train,run_holdout,-1
s46,s46_right_hand_031,right_hand,31,2,inferred_from_protocol,True,,train,run_holdout,-1
s46,s46_right_hand_032,right_hand,32,2,inferred_from_protocol,True,,train,run_holdout,-1
s46,s46_right_hand_033,right_hand,33,2,inferred_from_protocol,True,,train,run_holdout,-1
s46,s46_right_hand_034,right_hand,34,2,inferred_from_protocol,True,,train,run_holdout,-1
s46,s46_right_hand_035,right_hand,35,2,inferred_from_protocol,True,,train,run_holdout,-1
s46,s46_right_hand_036,right_hand,36,2,inferred_from_protocol,True,,train,run_holdout,-1
s46,s46_right_hand_037,right_hand,37,2,inferred_from_protocol,True,,train,run_holdout,-1
s46,s46_right_hand_038,right_hand,38,2,inferred_from_protocol,True,,train,run_holdout,-1
s46,s46_right_hand_039,right_hand,39,2,inferred_from_protocol,True,,train,run_holdout,-1
s46,s46_right_hand_040,right_hand,40,3,inferred_from_protocol,True,,train,run_holdout,-1
s46,s46_right_hand_041,right_hand,41,3,inferred_from_protocol,True,,train,run_holdout,-1
s46,s46_right_hand_042,right_hand,42,3,inferred_from_protocol,True,,train,run_holdout,-1
s46,s46_right_hand_043,right_hand,43,3,inferred_from_protocol,True,,train,run_holdout,-1
s46,s46_right_hand_044,right_hand,44,3,inferred_from_protocol,True,,train,run_holdout,-1
s46,s46_right_hand_045,right_hand,45,3,inferred_from_protocol,True,,train,run_holdout,-1
s46,s46_right_hand_046,right_hand,46,3,inferred_from_protocol,True,,train,run_holdout,-1
s46,s46_right_hand_047,right_hand,47,3,inferred_from_protocol,True,,train,run_holdout,-1
s46,s46_right_hand_048,right_hand,48,3,inferred_from_protocol,True,,train,run_holdout,-1
s46,s46_right_hand_049,right_hand,49,3,inferred_from_protocol,True,,train,run_holdout,-1
s46,s46_right_hand_050,right_hand,50,3,inferred_from_protocol,True,,train,run_holdout,-1
s46,s46_right_hand_051,right_hand,51,3,inferred_from_protocol,True,,train,run_holdout,-1
s46,s46_right_hand_052,right_hand,52,3,inferred_from_protocol,True,,train,run_holdout,-1
s46,s46_right_hand_053,right_hand,53,3,inferred_from_protocol,True,,train,run_holdout,-1
s46,s46_right_hand_054,right_hand,54,3,inferred_from_protocol,True,,train,run_holdout,-1
s46,s46_right_hand_055,right_hand,55,3,inferred_from_protocol,True,,train,run_holdout,-1
s46,s46_right_hand_056,right_hand,56,3,inferred_from_protocol,True,,train,run_holdout,-1
s46,s46_right_hand_057,right_hand,57,3,inferred_from_protocol,True,,train,run_holdout,-1
s46,s46_right_hand_058,right_hand,58,3,inferred_from_protocol,True,,train,run_holdout,-1
s46,s46_right_hand_059,right_hand,59,3,inferred_from_protocol,True,,train,run_holdout,-1
s46,s46_right_hand_060,right_hand,60,4,inferred_from_protocol,True,,train,run_holdout,-1
s46,s46_right_hand_061,right_hand,61,4,inferred_from_protocol,True,,train,run_holdout,-1
s46,s46_right_hand_062,right_hand,62,4,inferred_from_protocol,True,,train,run_holdout,-1
s46,s46_right_hand_063,right_hand,63,4,inferred_from_protocol,True,,train,run_holdout,-1
s46,s46_right_hand_064,right_hand,64,4,inferred_from_protocol,True,,train,run_holdout,-1
s46,s46_right_hand_065,right_hand,65,4,inferred_from_protocol,True,,train,run_holdout,-1
s46,s46_right_hand_066,right_hand,66,4,inferred_from_protocol,True,,train,run_holdout,-1
s46,s46_right_hand_067,right_hand,67,4,inferred_from_protocol,True,,train,run_holdout,-1
s46,s46_right_hand_068,right_hand,68,4,inferred_from_protocol,True,,train,run_holdout,-1
s46,s46_right_hand_069,right_hand,69,4,inferred_from_protocol,True,,train,run_holdout,-1
s46,s46_right_hand_070,right_hand,70,4,inferred_from_protocol,True,,train,run_holdout,-1
s46,s46_right_hand_071,right_hand,71,4,inferred_from_protocol,True,,train,run_holdout,-1
s46,s46_right_hand_072,right_hand,72,4,inferred_from_protocol,True,,train,run_holdout,-1
s46,s46_right_hand_073,right_hand,73,4,inferred_from_protocol,True,,train,run_holdout,-1
s46,s46_right_hand_074,right_hand,74,4,inferred_from_protocol,True,,train,run_holdout,-1
s46,s46_right_hand_075,right_hand,75,4,inferred_from_protocol,True,,train,run_holdout,-1
s46,s46_right_hand_076,right_hand,76,4,inferred_from_protocol,True,,train,run_holdout,-1
s46,s46_right_hand_077,right_hand,77,4,inferred_from_protocol,True,,train,run_holdout,-1
s46,s46_right_hand_078,right_hand,78,4,inferred_from_protocol,True,,train,run_holdout,-1
s46,s46_right_hand_079,right_hand,79,4,inferred_from_protocol,True,,train,run_holdout,-1
s46,s46_right_hand_080,right_hand,80,5,inferred_from_protocol,True,,val,run_holdout,-1
s46,s46_right_hand_081,right_hand,81,5,inferred_from_protocol,True,,val,run_holdout,-1
s46,s46_right_hand_082,right_hand,82,5,inferred_from_protocol,True,,val,run_holdout,-1
s46,s46_right_hand_083,right_hand,83,5,inferred_from_protocol,True,,val,run_holdout,-1
s46,s46_right_hand_084,right_hand,84,5,inferred_from_protocol,True,,val,run_holdout,-1
s46,s46_right_hand_085,right_hand,85,5,inferred_from_protocol,True,,val,run_holdout,-1
s46,s46_right_hand_086,right_hand,86,5,inferred_from_protocol,True,,val,run_holdout,-1
s46,s46_right_hand_087,right_hand,87,5,inferred_from_protocol,True,,val,run_holdout,-1
s46,s46_right_hand_088,right_hand,88,5,inferred_from_protocol,True,,val,run_holdout,-1
s46,s46_right_hand_089,right_hand,89,5,inferred_from_protocol,True,,val,run_holdout,-1
s46,s46_right_hand_090,right_hand,90,5,inferred_from_protocol,True,,val,run_holdout,-1
s46,s46_right_hand_091,right_hand,91,5,inferred_from_protocol,True,,val,run_holdout,-1
s46,s46_right_hand_092,right_hand,92,5,inferred_from_protocol,True,,val,run_holdout,-1
s46,s46_right_hand_093,right_hand,93,5,inferred_from_protocol,True,,val,run_holdout,-1
s46,s46_right_hand_094,right_hand,94,5,inferred_from_protocol,True,,val,run_holdout,-1
s46,s46_right_hand_095,right_hand,95,5,inferred_from_protocol,True,,val,run_holdout,-1
s46,s46_right_hand_096,right_hand,96,5,inferred_from_protocol,True,,val,run_holdout,-1
s46,s46_right_hand_097,right_hand,97,5,inferred_from_protocol,True,,val,run_holdout,-1
s46,s46_right_hand_098,right_hand,98,5,inferred_from_protocol,True,,val,run_holdout,-1
s46,s46_right_hand_099,right_hand,99,5,inferred_from_protocol,True,,val,run_holdout,-1
s46,s46_right_hand_100,right_hand,100,6,inferred_from_protocol,True,,test,run_holdout,-1
s46,s46_right_hand_101,right_hand,101,6,inferred_from_protocol,True,,test,run_holdout,-1
s46,s46_right_hand_102,right_hand,102,6,inferred_from_protocol,True,,test,run_holdout,-1
s46,s46_right_hand_103,right_hand,103,6,inferred_from_protocol,True,,test,run_holdout,-1
s46,s46_right_hand_104,right_hand,104,6,inferred_from_protocol,True,,test,run_holdout,-1
s46,s46_right_hand_105,right_hand,105,6,inferred_from_protocol,True,,test,run_holdout,-1
s46,s46_right_hand_106,right_hand,106,6,inferred_from_protocol,True,,test,run_holdout,-1
s46,s46_right_hand_107,right_hand,107,6,inferred_from_protocol,True,,test,run_holdout,-1
s46,s46_right_hand_108,right_hand,108,6,inferred_from_protocol,True,,test,run_holdout,-1
s46,s46_right_hand_109,right_hand,109,6,inferred_from_protocol,True,,test,run_holdout,-1
s46,s46_right_hand_110,right_hand,110,6,inferred_from_protocol,True,,test,run_holdout,-1
s46,s46_right_hand_111,right_hand,111,6,inferred_from_protocol,True,,test,run_holdout,-1
s46,s46_right_hand_112,right_hand,112,6,inferred_from_protocol,True,,test,run_holdout,-1
s46,s46_right_hand_113,right_hand,113,6,inferred_from_protocol,True,,test,run_holdout,-1
s46,s46_right_hand_114,right_hand,114,6,inferred_from_protocol,True,,test,run_holdout,-1
s46,s46_right_hand_115,right_hand,115,6,inferred_from_protocol,True,,test,run_holdout,-1
s46,s46_right_hand_116,right_hand,116,6,inferred_from_protocol,True,,test,run_holdout,-1
s46,s46_right_hand_117,right_hand,117,6,inferred_from_protocol,True,,test,run_holdout,-1
s46,s46_right_hand_118,right_hand,118,6,inferred_from_protocol,True,,test,run_holdout,-1
s46,s46_right_hand_119,right_hand,119,6,inferred_from_protocol,True,,test,run_holdout,-1
s47,s47_left_hand_000,left_hand,0,1,inferred_from_protocol,True,,train,run_holdout,-1
s47,s47_left_hand_001,left_hand,1,1,inferred_from_protocol,True,,train,run_holdout,-1
s47,s47_left_hand_002,left_hand,2,1,inferred_from_protocol,True,,train,run_holdout,-1
s47,s47_left_hand_003,left_hand,3,1,inferred_from_protocol,True,,train,run_holdout,-1
s47,s47_left_hand_004,left_hand,4,1,inferred_from_protocol,True,,train,run_holdout,-1
s47,s47_left_hand_005,left_hand,5,1,inferred_from_protocol,True,,train,run_holdout,-1
s47,s47_left_hand_006,left_hand,6,1,inferred_from_protocol,True,,train,run_holdout,-1
s47,s47_left_hand_007,left_hand,7,1,inferred_from_protocol,True,,train,run_holdout,-1
s47,s47_left_hand_008,left_hand,8,1,inferred_from_protocol,True,,train,run_holdout,-1
s47,s47_left_hand_009,left_hand,9,1,inferred_from_protocol,True,,train,run_holdout,-1
s47,s47_left_hand_010,left_hand,10,1,inferred_from_protocol,True,,train,run_holdout,-1
s47,s47_left_hand_011,left_hand,11,1,inferred_from_protocol,True,,train,run_holdout,-1
s47,s47_left_hand_012,left_hand,12,1,inferred_from_protocol,True,,train,run_holdout,-1
s47,s47_left_hand_013,left_hand,13,1,inferred_from_protocol,True,,train,run_holdout,-1
s47,s47_left_hand_014,left_hand,14,1,inferred_from_protocol,True,,train,run_holdout,-1
s47,s47_left_hand_015,left_hand,15,1,inferred_from_protocol,True,,train,run_holdout,-1
s47,s47_left_hand_016,left_hand,16,1,inferred_from_protocol,True,,train,run_holdout,-1
s47,s47_left_hand_017,left_hand,17,1,inferred_from_protocol,True,,train,run_holdout,-1
s47,s47_left_hand_018,left_hand,18,1,inferred_from_protocol,True,,train,run_holdout,-1
s47,s47_left_hand_019,left_hand,19,1,inferred_from_protocol,True,,train,run_holdout,-1
s47,s47_left_hand_020,left_hand,20,2,inferred_from_protocol,True,,train,run_holdout,-1
s47,s47_left_hand_021,left_hand,21,2,inferred_from_protocol,True,,train,run_holdout,-1
s47,s47_left_hand_022,left_hand,22,2,inferred_from_protocol,True,,train,run_holdout,-1
s47,s47_left_hand_023,left_hand,23,2,inferred_from_protocol,True,,train,run_holdout,-1
s47,s47_left_hand_024,left_hand,24,2,inferred_from_protocol,True,,train,run_holdout,-1
s47,s47_left_hand_025,left_hand,25,2,inferred_from_protocol,True,,train,run_holdout,-1
s47,s47_left_hand_026,left_hand,26,2,inferred_from_protocol,True,,train,run_holdout,-1
s47,s47_left_hand_027,left_hand,27,2,inferred_from_protocol,True,,train,run_holdout,-1
s47,s47_left_hand_028,left_hand,28,2,inferred_from_protocol,True,,train,run_holdout,-1
s47,s47_left_hand_029,left_hand,29,2,inferred_from_protocol,True,,train,run_holdout,-1
s47,s47_left_hand_030,left_hand,30,2,inferred_from_protocol,True,,train,run_holdout,-1
s47,s47_left_hand_031,left_hand,31,2,inferred_from_protocol,True,,train,run_holdout,-1
s47,s47_left_hand_032,left_hand,32,2,inferred_from_protocol,True,,train,run_holdout,-1
s47,s47_left_hand_033,left_hand,33,2,inferred_from_protocol,True,,train,run_holdout,-1
s47,s47_left_hand_034,left_hand,34,2,inferred_from_protocol,True,,train,run_holdout,-1
s47,s47_left_hand_035,left_hand,35,2,inferred_from_protocol,True,,train,run_holdout,-1
s47,s47_left_hand_036,left_hand,36,2,inferred_from_protocol,True,,train,run_holdout,-1
s47,s47_left_hand_037,left_hand,37,2,inferred_from_protocol,True,,train,run_holdout,-1
s47,s47_left_hand_038,left_hand,38,2,inferred_from_protocol,True,,train,run_holdout,-1
s47,s47_left_hand_039,left_hand,39,2,inferred_from_protocol,True,,train,run_holdout,-1
s47,s47_left_hand_040,left_hand,40,3,inferred_from_protocol,True,,train,run_holdout,-1
s47,s47_left_hand_041,left_hand,41,3,inferred_from_protocol,True,,train,run_holdout,-1
s47,s47_left_hand_042,left_hand,42,3,inferred_from_protocol,True,,train,run_holdout,-1
s47,s47_left_hand_043,left_hand,43,3,inferred_from_protocol,True,,train,run_holdout,-1
s47,s47_left_hand_044,left_hand,44,3,inferred_from_protocol,True,,train,run_holdout,-1
s47,s47_left_hand_045,left_hand,45,3,inferred_from_protocol,True,,train,run_holdout,-1
s47,s47_left_hand_046,left_hand,46,3,inferred_from_protocol,False,emg_correlation,train,run_holdout,-1
s47,s47_left_hand_047,left_hand,47,3,inferred_from_protocol,True,,train,run_holdout,-1
s47,s47_left_hand_048,left_hand,48,3,inferred_from_protocol,True,,train,run_holdout,-1
s47,s47_left_hand_049,left_hand,49,3,inferred_from_protocol,False,emg_correlation,train,run_holdout,-1
s47,s47_left_hand_050,left_hand,50,3,inferred_from_protocol,True,,train,run_holdout,-1
s47,s47_left_hand_051,left_hand,51,3,inferred_from_protocol,True,,train,run_holdout,-1
s47,s47_left_hand_052,left_hand,52,3,inferred_from_protocol,True,,train,run_holdout,-1
s47,s47_left_hand_053,left_hand,53,3,inferred_from_protocol,True,,train,run_holdout,-1
s47,s47_left_hand_054,left_hand,54,3,inferred_from_protocol,True,,train,run_holdout,-1
s47,s47_left_hand_055,left_hand,55,3,inferred_from_protocol,True,,train,run_holdout,-1
s47,s47_left_hand_056,left_hand,56,3,inferred_from_protocol,True,,train,run_holdout,-1
s47,s47_left_hand_057,left_hand,57,3,inferred_from_protocol,True,,train,run_holdout,-1
s47,s47_left_hand_058,left_hand,58,3,inferred_from_protocol,True,,train,run_holdout,-1
s47,s47_left_hand_059,left_hand,59,3,inferred_from_protocol,True,,train,run_holdout,-1
s47,s47_left_hand_060,left_hand,60,4,inferred_from_protocol,True,,val,run_holdout,-1
s47,s47_left_hand_061,left_hand,61,4,inferred_from_protocol,True,,val,run_holdout,-1
s47,s47_left_hand_062,left_hand,62,4,inferred_from_protocol,True,,val,run_holdout,-1
s47,s47_left_hand_063,left_hand,63,4,inferred_from_protocol,True,,val,run_holdout,-1
s47,s47_left_hand_064,left_hand,64,4,inferred_from_protocol,True,,val,run_holdout,-1
s47,s47_left_hand_065,left_hand,65,4,inferred_from_protocol,True,,val,run_holdout,-1
s47,s47_left_hand_066,left_hand,66,4,inferred_from_protocol,True,,val,run_holdout,-1
s47,s47_left_hand_067,left_hand,67,4,inferred_from_protocol,True,,val,run_holdout,-1
s47,s47_left_hand_068,left_hand,68,4,inferred_from_protocol,True,,val,run_holdout,-1
s47,s47_left_hand_069,left_hand,69,4,inferred_from_protocol,False,emg_correlation,val,run_holdout,-1
s47,s47_left_hand_070,left_hand,70,4,inferred_from_protocol,True,,val,run_holdout,-1
s47,s47_left_hand_071,left_hand,71,4,inferred_from_protocol,True,,val,run_holdout,-1
s47,s47_left_hand_072,left_hand,72,4,inferred_from_protocol,True,,val,run_holdout,-1
s47,s47_left_hand_073,left_hand,73,4,inferred_from_protocol,True,,val,run_holdout,-1
s47,s47_left_hand_074,left_hand,74,4,inferred_from_protocol,True,,val,run_holdout,-1
s47,s47_left_hand_075,left_hand,75,4,inferred_from_protocol,True,,val,run_holdout,-1
s47,s47_left_hand_076,left_hand,76,4,inferred_from_protocol,True,,val,run_holdout,-1
s47,s47_left_hand_077,left_hand,77,4,inferred_from_protocol,True,,val,run_holdout,-1
s47,s47_left_hand_078,left_hand,78,4,inferred_from_protocol,True,,val,run_holdout,-1
s47,s47_left_hand_079,left_hand,79,4,inferred_from_protocol,True,,val,run_holdout,-1
s47,s47_left_hand_080,left_hand,80,5,inferred_from_protocol,True,,test,run_holdout,-1
s47,s47_left_hand_081,left_hand,81,5,inferred_from_protocol,True,,test,run_holdout,-1
s47,s47_left_hand_082,left_hand,82,5,inferred_from_protocol,False,emg_correlation,test,run_holdout,-1
s47,s47_left_hand_083,left_hand,83,5,inferred_from_protocol,True,,test,run_holdout,-1
s47,s47_left_hand_084,left_hand,84,5,inferred_from_protocol,True,,test,run_holdout,-1
s47,s47_left_hand_085,left_hand,85,5,inferred_from_protocol,True,,test,run_holdout,-1
s47,s47_left_hand_086,left_hand,86,5,inferred_from_protocol,False,emg_correlation,test,run_holdout,-1
s47,s47_left_hand_087,left_hand,87,5,inferred_from_protocol,True,,test,run_holdout,-1
s47,s47_left_hand_088,left_hand,88,5,inferred_from_protocol,True,,test,run_holdout,-1
s47,s47_left_hand_089,left_hand,89,5,inferred_from_protocol,True,,test,run_holdout,-1
s47,s47_left_hand_090,left_hand,90,5,inferred_from_protocol,True,,test,run_holdout,-1
s47,s47_left_hand_091,left_hand,91,5,inferred_from_protocol,True,,test,run_holdout,-1
s47,s47_left_hand_092,left_hand,92,5,inferred_from_protocol,True,,test,run_holdout,-1
s47,s47_left_hand_093,left_hand,93,5,inferred_from_protocol,True,,test,run_holdout,-1
s47,s47_left_hand_094,left_hand,94,5,inferred_from_protocol,True,,test,run_holdout,-1
s47,s47_left_hand_095,left_hand,95,5,inferred_from_protocol,True,,test,run_holdout,-1
s47,s47_left_hand_096,left_hand,96,5,inferred_from_protocol,True,,test,run_holdout,-1
s47,s47_left_hand_097,left_hand,97,5,inferred_from_protocol,True,,test,run_holdout,-1
s47,s47_left_hand_098,left_hand,98,5,inferred_from_protocol,False,emg_correlation,test,run_holdout,-1
s47,s47_left_hand_099,left_hand,99,5,inferred_from_protocol,True,,test,run_holdout,-1
s47,s47_right_hand_000,right_hand,0,1,inferred_from_protocol,True,,train,run_holdout,-1
s47,s47_right_hand_001,right_hand,1,1,inferred_from_protocol,True,,train,run_holdout,-1
s47,s47_right_hand_002,right_hand,2,1,inferred_from_protocol,True,,train,run_holdout,-1
s47,s47_right_hand_003,right_hand,3,1,inferred_from_protocol,True,,train,run_holdout,-1
s47,s47_right_hand_004,right_hand,4,1,inferred_from_protocol,True,,train,run_holdout,-1
s47,s47_right_hand_005,right_hand,5,1,inferred_from_protocol,True,,train,run_holdout,-1
s47,s47_right_hand_006,right_hand,6,1,inferred_from_protocol,True,,train,run_holdout,-1
s47,s47_right_hand_007,right_hand,7,1,inferred_from_protocol,True,,train,run_holdout,-1
s47,s47_right_hand_008,right_hand,8,1,inferred_from_protocol,True,,train,run_holdout,-1
s47,s47_right_hand_009,right_hand,9,1,inferred_from_protocol,True,,train,run_holdout,-1
s47,s47_right_hand_010,right_hand,10,1,inferred_from_protocol,True,,train,run_holdout,-1
s47,s47_right_hand_011,right_hand,11,1,inferred_from_protocol,True,,train,run_holdout,-1
s47,s47_right_hand_012,right_hand,12,1,inferred_from_protocol,True,,train,run_holdout,-1
s47,s47_right_hand_013,right_hand,13,1,inferred_from_protocol,True,,train,run_holdout,-1
s47,s47_right_hand_014,right_hand,14,1,inferred_from_protocol,True,,train,run_holdout,-1
s47,s47_right_hand_015,right_hand,15,1,inferred_from_protocol,True,,train,run_holdout,-1
s47,s47_right_hand_016,right_hand,16,1,inferred_from_protocol,True,,train,run_holdout,-1
s47,s47_right_hand_017,right_hand,17,1,inferred_from_protocol,True,,train,run_holdout,-1
s47,s47_right_hand_018,right_hand,18,1,inferred_from_protocol,True,,train,run_holdout,-1
s47,s47_right_hand_019,right_hand,19,1,inferred_from_protocol,True,,train,run_holdout,-1
s47,s47_right_hand_020,right_hand,20,2,inferred_from_protocol,True,,train,run_holdout,-1
s47,s47_right_hand_021,right_hand,21,2,inferred_from_protocol,True,,train,run_holdout,-1
s47,s47_right_hand_022,right_hand,22,2,inferred_from_protocol,True,,train,run_holdout,-1
s47,s47_right_hand_023,right_hand,23,2,inferred_from_protocol,True,,train,run_holdout,-1
s47,s47_right_hand_024,right_hand,24,2,inferred_from_protocol,True,,train,run_holdout,-1
s47,s47_right_hand_025,right_hand,25,2,inferred_from_protocol,True,,train,run_holdout,-1
s47,s47_right_hand_026,right_hand,26,2,inferred_from_protocol,True,,train,run_holdout,-1
s47,s47_right_hand_027,right_hand,27,2,inferred_from_protocol,True,,train,run_holdout,-1
s47,s47_right_hand_028,right_hand,28,2,inferred_from_protocol,True,,train,run_holdout,-1
s47,s47_right_hand_029,right_hand,29,2,inferred_from_protocol,True,,train,run_holdout,-1
s47,s47_right_hand_030,right_hand,30,2,inferred_from_protocol,True,,train,run_holdout,-1
s47,s47_right_hand_031,right_hand,31,2,inferred_from_protocol,True,,train,run_holdout,-1
s47,s47_right_hand_032,right_hand,32,2,inferred_from_protocol,True,,train,run_holdout,-1
s47,s47_right_hand_033,right_hand,33,2,inferred_from_protocol,True,,train,run_holdout,-1
s47,s47_right_hand_034,right_hand,34,2,inferred_from_protocol,True,,train,run_holdout,-1
s47,s47_right_hand_035,right_hand,35,2,inferred_from_protocol,True,,train,run_holdout,-1
s47,s47_right_hand_036,right_hand,36,2,inferred_from_protocol,True,,train,run_holdout,-1
s47,s47_right_hand_037,right_hand,37,2,inferred_from_protocol,True,,train,run_holdout,-1
s47,s47_right_hand_038,right_hand,38,2,inferred_from_protocol,True,,train,run_holdout,-1
s47,s47_right_hand_039,right_hand,39,2,inferred_from_protocol,True,,train,run_holdout,-1
s47,s47_right_hand_040,right_hand,40,3,inferred_from_protocol,True,,train,run_holdout,-1
s47,s47_right_hand_041,right_hand,41,3,inferred_from_protocol,True,,train,run_holdout,-1
s47,s47_right_hand_042,right_hand,42,3,inferred_from_protocol,True,,train,run_holdout,-1
s47,s47_right_hand_043,right_hand,43,3,inferred_from_protocol,True,,train,run_holdout,-1
s47,s47_right_hand_044,right_hand,44,3,inferred_from_protocol,True,,train,run_holdout,-1
s47,s47_right_hand_045,right_hand,45,3,inferred_from_protocol,True,,train,run_holdout,-1
s47,s47_right_hand_046,right_hand,46,3,inferred_from_protocol,True,,train,run_holdout,-1
s47,s47_right_hand_047,right_hand,47,3,inferred_from_protocol,True,,train,run_holdout,-1
s47,s47_right_hand_048,right_hand,48,3,inferred_from_protocol,True,,train,run_holdout,-1
s47,s47_right_hand_049,right_hand,49,3,inferred_from_protocol,True,,train,run_holdout,-1
s47,s47_right_hand_050,right_hand,50,3,inferred_from_protocol,True,,train,run_holdout,-1
s47,s47_right_hand_051,right_hand,51,3,inferred_from_protocol,True,,train,run_holdout,-1
s47,s47_right_hand_052,right_hand,52,3,inferred_from_protocol,True,,train,run_holdout,-1
s47,s47_right_hand_053,right_hand,53,3,inferred_from_protocol,False,emg_correlation,train,run_holdout,-1
s47,s47_right_hand_054,right_hand,54,3,inferred_from_protocol,True,,train,run_holdout,-1
s47,s47_right_hand_055,right_hand,55,3,inferred_from_protocol,True,,train,run_holdout,-1
s47,s47_right_hand_056,right_hand,56,3,inferred_from_protocol,True,,train,run_holdout,-1
s47,s47_right_hand_057,right_hand,57,3,inferred_from_protocol,True,,train,run_holdout,-1
s47,s47_right_hand_058,right_hand,58,3,inferred_from_protocol,True,,train,run_holdout,-1
s47,s47_right_hand_059,right_hand,59,3,inferred_from_protocol,True,,train,run_holdout,-1
s47,s47_right_hand_060,right_hand,60,4,inferred_from_protocol,True,,val,run_holdout,-1
s47,s47_right_hand_061,right_hand,61,4,inferred_from_protocol,True,,val,run_holdout,-1
s47,s47_right_hand_062,right_hand,62,4,inferred_from_protocol,True,,val,run_holdout,-1
s47,s47_right_hand_063,right_hand,63,4,inferred_from_protocol,True,,val,run_holdout,-1
s47,s47_right_hand_064,right_hand,64,4,inferred_from_protocol,True,,val,run_holdout,-1
s47,s47_right_hand_065,right_hand,65,4,inferred_from_protocol,True,,val,run_holdout,-1
s47,s47_right_hand_066,right_hand,66,4,inferred_from_protocol,True,,val,run_holdout,-1
s47,s47_right_hand_067,right_hand,67,4,inferred_from_protocol,True,,val,run_holdout,-1
s47,s47_right_hand_068,right_hand,68,4,inferred_from_protocol,True,,val,run_holdout,-1
s47,s47_right_hand_069,right_hand,69,4,inferred_from_protocol,True,,val,run_holdout,-1
s47,s47_right_hand_070,right_hand,70,4,inferred_from_protocol,True,,val,run_holdout,-1
s47,s47_right_hand_071,right_hand,71,4,inferred_from_protocol,True,,val,run_holdout,-1
s47,s47_right_hand_072,right_hand,72,4,inferred_from_protocol,True,,val,run_holdout,-1
s47,s47_right_hand_073,right_hand,73,4,inferred_from_protocol,False,emg_correlation,val,run_holdout,-1
s47,s47_right_hand_074,right_hand,74,4,inferred_from_protocol,True,,val,run_holdout,-1
s47,s47_right_hand_075,right_hand,75,4,inferred_from_protocol,True,,val,run_holdout,-1
s47,s47_right_hand_076,right_hand,76,4,inferred_from_protocol,True,,val,run_holdout,-1
s47,s47_right_hand_077,right_hand,77,4,inferred_from_protocol,True,,val,run_holdout,-1
s47,s47_right_hand_078,right_hand,78,4,inferred_from_protocol,True,,val,run_holdout,-1
s47,s47_right_hand_079,right_hand,79,4,inferred_from_protocol,True,,val,run_holdout,-1
s47,s47_right_hand_080,right_hand,80,5,inferred_from_protocol,True,,test,run_holdout,-1
s47,s47_right_hand_081,right_hand,81,5,inferred_from_protocol,True,,test,run_holdout,-1
s47,s47_right_hand_082,right_hand,82,5,inferred_from_protocol,True,,test,run_holdout,-1
s47,s47_right_hand_083,right_hand,83,5,inferred_from_protocol,True,,test,run_holdout,-1
s47,s47_right_hand_084,right_hand,84,5,inferred_from_protocol,True,,test,run_holdout,-1
s47,s47_right_hand_085,right_hand,85,5,inferred_from_protocol,True,,test,run_holdout,-1
s47,s47_right_hand_086,right_hand,86,5,inferred_from_protocol,True,,test,run_holdout,-1
s47,s47_right_hand_087,right_hand,87,5,inferred_from_protocol,True,,test,run_holdout,-1
s47,s47_right_hand_088,right_hand,88,5,inferred_from_protocol,True,,test,run_holdout,-1
s47,s47_right_hand_089,right_hand,89,5,inferred_from_protocol,True,,test,run_holdout,-1
s47,s47_right_hand_090,right_hand,90,5,inferred_from_protocol,True,,test,run_holdout,-1
s47,s47_right_hand_091,right_hand,91,5,inferred_from_protocol,True,,test,run_holdout,-1
s47,s47_right_hand_092,right_hand,92,5,inferred_from_protocol,True,,test,run_holdout,-1
s47,s47_right_hand_093,right_hand,93,5,inferred_from_protocol,True,,test,run_holdout,-1
s47,s47_right_hand_094,right_hand,94,5,inferred_from_protocol,True,,test,run_holdout,-1
s47,s47_right_hand_095,right_hand,95,5,inferred_from_protocol,True,,test,run_holdout,-1
s47,s47_right_hand_096,right_hand,96,5,inferred_from_protocol,True,,test,run_holdout,-1
s47,s47_right_hand_097,right_hand,97,5,inferred_from_protocol,True,,test,run_holdout,-1
s47,s47_right_hand_098,right_hand,98,5,inferred_from_protocol,True,,test,run_holdout,-1
s47,s47_right_hand_099,right_hand,99,5,inferred_from_protocol,True,,test,run_holdout,-1
s48,s48_left_hand_000,left_hand,0,1,inferred_from_protocol,True,,train,run_holdout,-1
s48,s48_left_hand_001,left_hand,1,1,inferred_from_protocol,True,,train,run_holdout,-1
s48,s48_left_hand_002,left_hand,2,1,inferred_from_protocol,True,,train,run_holdout,-1
s48,s48_left_hand_003,left_hand,3,1,inferred_from_protocol,True,,train,run_holdout,-1
s48,s48_left_hand_004,left_hand,4,1,inferred_from_protocol,True,,train,run_holdout,-1
s48,s48_left_hand_005,left_hand,5,1,inferred_from_protocol,True,,train,run_holdout,-1
s48,s48_left_hand_006,left_hand,6,1,inferred_from_protocol,True,,train,run_holdout,-1
s48,s48_left_hand_007,left_hand,7,1,inferred_from_protocol,True,,train,run_holdout,-1
s48,s48_left_hand_008,left_hand,8,1,inferred_from_protocol,True,,train,run_holdout,-1
s48,s48_left_hand_009,left_hand,9,1,inferred_from_protocol,True,,train,run_holdout,-1
s48,s48_left_hand_010,left_hand,10,1,inferred_from_protocol,True,,train,run_holdout,-1
s48,s48_left_hand_011,left_hand,11,1,inferred_from_protocol,True,,train,run_holdout,-1
s48,s48_left_hand_012,left_hand,12,1,inferred_from_protocol,True,,train,run_holdout,-1
s48,s48_left_hand_013,left_hand,13,1,inferred_from_protocol,True,,train,run_holdout,-1
s48,s48_left_hand_014,left_hand,14,1,inferred_from_protocol,True,,train,run_holdout,-1
s48,s48_left_hand_015,left_hand,15,1,inferred_from_protocol,True,,train,run_holdout,-1
s48,s48_left_hand_016,left_hand,16,1,inferred_from_protocol,True,,train,run_holdout,-1
s48,s48_left_hand_017,left_hand,17,1,inferred_from_protocol,True,,train,run_holdout,-1
s48,s48_left_hand_018,left_hand,18,1,inferred_from_protocol,True,,train,run_holdout,-1
s48,s48_left_hand_019,left_hand,19,1,inferred_from_protocol,True,,train,run_holdout,-1
s48,s48_left_hand_020,left_hand,20,2,inferred_from_protocol,True,,train,run_holdout,-1
s48,s48_left_hand_021,left_hand,21,2,inferred_from_protocol,True,,train,run_holdout,-1
s48,s48_left_hand_022,left_hand,22,2,inferred_from_protocol,True,,train,run_holdout,-1
s48,s48_left_hand_023,left_hand,23,2,inferred_from_protocol,True,,train,run_holdout,-1
s48,s48_left_hand_024,left_hand,24,2,inferred_from_protocol,True,,train,run_holdout,-1
s48,s48_left_hand_025,left_hand,25,2,inferred_from_protocol,True,,train,run_holdout,-1
s48,s48_left_hand_026,left_hand,26,2,inferred_from_protocol,True,,train,run_holdout,-1
s48,s48_left_hand_027,left_hand,27,2,inferred_from_protocol,True,,train,run_holdout,-1
s48,s48_left_hand_028,left_hand,28,2,inferred_from_protocol,True,,train,run_holdout,-1
s48,s48_left_hand_029,left_hand,29,2,inferred_from_protocol,True,,train,run_holdout,-1
s48,s48_left_hand_030,left_hand,30,2,inferred_from_protocol,True,,train,run_holdout,-1
s48,s48_left_hand_031,left_hand,31,2,inferred_from_protocol,True,,train,run_holdout,-1
s48,s48_left_hand_032,left_hand,32,2,inferred_from_protocol,True,,train,run_holdout,-1
s48,s48_left_hand_033,left_hand,33,2,inferred_from_protocol,True,,train,run_holdout,-1
s48,s48_left_hand_034,left_hand,34,2,inferred_from_protocol,True,,train,run_holdout,-1
s48,s48_left_hand_035,left_hand,35,2,inferred_from_protocol,True,,train,run_holdout,-1
s48,s48_left_hand_036,left_hand,36,2,inferred_from_protocol,True,,train,run_holdout,-1
s48,s48_left_hand_037,left_hand,37,2,inferred_from_protocol,True,,train,run_holdout,-1
s48,s48_left_hand_038,left_hand,38,2,inferred_from_protocol,True,,train,run_holdout,-1
s48,s48_left_hand_039,left_hand,39,2,inferred_from_protocol,True,,train,run_holdout,-1
s48,s48_left_hand_040,left_hand,40,3,inferred_from_protocol,True,,train,run_holdout,-1
s48,s48_left_hand_041,left_hand,41,3,inferred_from_protocol,True,,train,run_holdout,-1
s48,s48_left_hand_042,left_hand,42,3,inferred_from_protocol,True,,train,run_holdout,-1
s48,s48_left_hand_043,left_hand,43,3,inferred_from_protocol,True,,train,run_holdout,-1
s48,s48_left_hand_044,left_hand,44,3,inferred_from_protocol,True,,train,run_holdout,-1
s48,s48_left_hand_045,left_hand,45,3,inferred_from_protocol,True,,train,run_holdout,-1
s48,s48_left_hand_046,left_hand,46,3,inferred_from_protocol,True,,train,run_holdout,-1
s48,s48_left_hand_047,left_hand,47,3,inferred_from_protocol,True,,train,run_holdout,-1
s48,s48_left_hand_048,left_hand,48,3,inferred_from_protocol,True,,train,run_holdout,-1
s48,s48_left_hand_049,left_hand,49,3,inferred_from_protocol,True,,train,run_holdout,-1
s48,s48_left_hand_050,left_hand,50,3,inferred_from_protocol,True,,train,run_holdout,-1
s48,s48_left_hand_051,left_hand,51,3,inferred_from_protocol,True,,train,run_holdout,-1
s48,s48_left_hand_052,left_hand,52,3,inferred_from_protocol,True,,train,run_holdout,-1
s48,s48_left_hand_053,left_hand,53,3,inferred_from_protocol,True,,train,run_holdout,-1
s48,s48_left_hand_054,left_hand,54,3,inferred_from_protocol,True,,train,run_holdout,-1
s48,s48_left_hand_055,left_hand,55,3,inferred_from_protocol,True,,train,run_holdout,-1
s48,s48_left_hand_056,left_hand,56,3,inferred_from_protocol,True,,train,run_holdout,-1
s48,s48_left_hand_057,left_hand,57,3,inferred_from_protocol,True,,train,run_holdout,-1
s48,s48_left_hand_058,left_hand,58,3,inferred_from_protocol,True,,train,run_holdout,-1
s48,s48_left_hand_059,left_hand,59,3,inferred_from_protocol,True,,train,run_holdout,-1
s48,s48_left_hand_060,left_hand,60,4,inferred_from_protocol,True,,val,run_holdout,-1
s48,s48_left_hand_061,left_hand,61,4,inferred_from_protocol,True,,val,run_holdout,-1
s48,s48_left_hand_062,left_hand,62,4,inferred_from_protocol,True,,val,run_holdout,-1
s48,s48_left_hand_063,left_hand,63,4,inferred_from_protocol,True,,val,run_holdout,-1
s48,s48_left_hand_064,left_hand,64,4,inferred_from_protocol,True,,val,run_holdout,-1
s48,s48_left_hand_065,left_hand,65,4,inferred_from_protocol,True,,val,run_holdout,-1
s48,s48_left_hand_066,left_hand,66,4,inferred_from_protocol,True,,val,run_holdout,-1
s48,s48_left_hand_067,left_hand,67,4,inferred_from_protocol,True,,val,run_holdout,-1
s48,s48_left_hand_068,left_hand,68,4,inferred_from_protocol,True,,val,run_holdout,-1
s48,s48_left_hand_069,left_hand,69,4,inferred_from_protocol,True,,val,run_holdout,-1
s48,s48_left_hand_070,left_hand,70,4,inferred_from_protocol,True,,val,run_holdout,-1
s48,s48_left_hand_071,left_hand,71,4,inferred_from_protocol,True,,val,run_holdout,-1
s48,s48_left_hand_072,left_hand,72,4,inferred_from_protocol,True,,val,run_holdout,-1
s48,s48_left_hand_073,left_hand,73,4,inferred_from_protocol,True,,val,run_holdout,-1
s48,s48_left_hand_074,left_hand,74,4,inferred_from_protocol,True,,val,run_holdout,-1
s48,s48_left_hand_075,left_hand,75,4,inferred_from_protocol,True,,val,run_holdout,-1
s48,s48_left_hand_076,left_hand,76,4,inferred_from_protocol,True,,val,run_holdout,-1
s48,s48_left_hand_077,left_hand,77,4,inferred_from_protocol,True,,val,run_holdout,-1
s48,s48_left_hand_078,left_hand,78,4,inferred_from_protocol,True,,val,run_holdout,-1
s48,s48_left_hand_079,left_hand,79,4,inferred_from_protocol,True,,val,run_holdout,-1
s48,s48_left_hand_080,left_hand,80,5,inferred_from_protocol,True,,test,run_holdout,-1
s48,s48_left_hand_081,left_hand,81,5,inferred_from_protocol,True,,test,run_holdout,-1
s48,s48_left_hand_082,left_hand,82,5,inferred_from_protocol,True,,test,run_holdout,-1
s48,s48_left_hand_083,left_hand,83,5,inferred_from_protocol,True,,test,run_holdout,-1
s48,s48_left_hand_084,left_hand,84,5,inferred_from_protocol,True,,test,run_holdout,-1
s48,s48_left_hand_085,left_hand,85,5,inferred_from_protocol,True,,test,run_holdout,-1
s48,s48_left_hand_086,left_hand,86,5,inferred_from_protocol,True,,test,run_holdout,-1
s48,s48_left_hand_087,left_hand,87,5,inferred_from_protocol,True,,test,run_holdout,-1
s48,s48_left_hand_088,left_hand,88,5,inferred_from_protocol,True,,test,run_holdout,-1
s48,s48_left_hand_089,left_hand,89,5,inferred_from_protocol,True,,test,run_holdout,-1
s48,s48_left_hand_090,left_hand,90,5,inferred_from_protocol,True,,test,run_holdout,-1
s48,s48_left_hand_091,left_hand,91,5,inferred_from_protocol,True,,test,run_holdout,-1
s48,s48_left_hand_092,left_hand,92,5,inferred_from_protocol,True,,test,run_holdout,-1
s48,s48_left_hand_093,left_hand,93,5,inferred_from_protocol,True,,test,run_holdout,-1
s48,s48_left_hand_094,left_hand,94,5,inferred_from_protocol,True,,test,run_holdout,-1
s48,s48_left_hand_095,left_hand,95,5,inferred_from_protocol,True,,test,run_holdout,-1
s48,s48_left_hand_096,left_hand,96,5,inferred_from_protocol,True,,test,run_holdout,-1
s48,s48_left_hand_097,left_hand,97,5,inferred_from_protocol,True,,test,run_holdout,-1
s48,s48_left_hand_098,left_hand,98,5,inferred_from_protocol,True,,test,run_holdout,-1
s48,s48_left_hand_099,left_hand,99,5,inferred_from_protocol,True,,test,run_holdout,-1
s48,s48_right_hand_000,right_hand,0,1,inferred_from_protocol,True,,train,run_holdout,-1
s48,s48_right_hand_001,right_hand,1,1,inferred_from_protocol,True,,train,run_holdout,-1
s48,s48_right_hand_002,right_hand,2,1,inferred_from_protocol,True,,train,run_holdout,-1
s48,s48_right_hand_003,right_hand,3,1,inferred_from_protocol,True,,train,run_holdout,-1
s48,s48_right_hand_004,right_hand,4,1,inferred_from_protocol,True,,train,run_holdout,-1
s48,s48_right_hand_005,right_hand,5,1,inferred_from_protocol,True,,train,run_holdout,-1
s48,s48_right_hand_006,right_hand,6,1,inferred_from_protocol,True,,train,run_holdout,-1
s48,s48_right_hand_007,right_hand,7,1,inferred_from_protocol,True,,train,run_holdout,-1
s48,s48_right_hand_008,right_hand,8,1,inferred_from_protocol,True,,train,run_holdout,-1
s48,s48_right_hand_009,right_hand,9,1,inferred_from_protocol,True,,train,run_holdout,-1
s48,s48_right_hand_010,right_hand,10,1,inferred_from_protocol,True,,train,run_holdout,-1
s48,s48_right_hand_011,right_hand,11,1,inferred_from_protocol,True,,train,run_holdout,-1
s48,s48_right_hand_012,right_hand,12,1,inferred_from_protocol,True,,train,run_holdout,-1
s48,s48_right_hand_013,right_hand,13,1,inferred_from_protocol,True,,train,run_holdout,-1
s48,s48_right_hand_014,right_hand,14,1,inferred_from_protocol,True,,train,run_holdout,-1
s48,s48_right_hand_015,right_hand,15,1,inferred_from_protocol,True,,train,run_holdout,-1
s48,s48_right_hand_016,right_hand,16,1,inferred_from_protocol,True,,train,run_holdout,-1
s48,s48_right_hand_017,right_hand,17,1,inferred_from_protocol,True,,train,run_holdout,-1
s48,s48_right_hand_018,right_hand,18,1,inferred_from_protocol,True,,train,run_holdout,-1
s48,s48_right_hand_019,right_hand,19,1,inferred_from_protocol,True,,train,run_holdout,-1
s48,s48_right_hand_020,right_hand,20,2,inferred_from_protocol,True,,train,run_holdout,-1
s48,s48_right_hand_021,right_hand,21,2,inferred_from_protocol,True,,train,run_holdout,-1
s48,s48_right_hand_022,right_hand,22,2,inferred_from_protocol,True,,train,run_holdout,-1
s48,s48_right_hand_023,right_hand,23,2,inferred_from_protocol,True,,train,run_holdout,-1
s48,s48_right_hand_024,right_hand,24,2,inferred_from_protocol,True,,train,run_holdout,-1
s48,s48_right_hand_025,right_hand,25,2,inferred_from_protocol,True,,train,run_holdout,-1
s48,s48_right_hand_026,right_hand,26,2,inferred_from_protocol,True,,train,run_holdout,-1
s48,s48_right_hand_027,right_hand,27,2,inferred_from_protocol,True,,train,run_holdout,-1
s48,s48_right_hand_028,right_hand,28,2,inferred_from_protocol,True,,train,run_holdout,-1
s48,s48_right_hand_029,right_hand,29,2,inferred_from_protocol,True,,train,run_holdout,-1
s48,s48_right_hand_030,right_hand,30,2,inferred_from_protocol,True,,train,run_holdout,-1
s48,s48_right_hand_031,right_hand,31,2,inferred_from_protocol,True,,train,run_holdout,-1
s48,s48_right_hand_032,right_hand,32,2,inferred_from_protocol,True,,train,run_holdout,-1
s48,s48_right_hand_033,right_hand,33,2,inferred_from_protocol,True,,train,run_holdout,-1
s48,s48_right_hand_034,right_hand,34,2,inferred_from_protocol,True,,train,run_holdout,-1
s48,s48_right_hand_035,right_hand,35,2,inferred_from_protocol,True,,train,run_holdout,-1
s48,s48_right_hand_036,right_hand,36,2,inferred_from_protocol,True,,train,run_holdout,-1
s48,s48_right_hand_037,right_hand,37,2,inferred_from_protocol,True,,train,run_holdout,-1
s48,s48_right_hand_038,right_hand,38,2,inferred_from_protocol,True,,train,run_holdout,-1
s48,s48_right_hand_039,right_hand,39,2,inferred_from_protocol,False,emg_correlation,train,run_holdout,-1
s48,s48_right_hand_040,right_hand,40,3,inferred_from_protocol,True,,train,run_holdout,-1
s48,s48_right_hand_041,right_hand,41,3,inferred_from_protocol,True,,train,run_holdout,-1
s48,s48_right_hand_042,right_hand,42,3,inferred_from_protocol,True,,train,run_holdout,-1
s48,s48_right_hand_043,right_hand,43,3,inferred_from_protocol,True,,train,run_holdout,-1
s48,s48_right_hand_044,right_hand,44,3,inferred_from_protocol,True,,train,run_holdout,-1
s48,s48_right_hand_045,right_hand,45,3,inferred_from_protocol,True,,train,run_holdout,-1
s48,s48_right_hand_046,right_hand,46,3,inferred_from_protocol,True,,train,run_holdout,-1
s48,s48_right_hand_047,right_hand,47,3,inferred_from_protocol,True,,train,run_holdout,-1
s48,s48_right_hand_048,right_hand,48,3,inferred_from_protocol,True,,train,run_holdout,-1
s48,s48_right_hand_049,right_hand,49,3,inferred_from_protocol,True,,train,run_holdout,-1
s48,s48_right_hand_050,right_hand,50,3,inferred_from_protocol,True,,train,run_holdout,-1
s48,s48_right_hand_051,right_hand,51,3,inferred_from_protocol,True,,train,run_holdout,-1
s48,s48_right_hand_052,right_hand,52,3,inferred_from_protocol,True,,train,run_holdout,-1
s48,s48_right_hand_053,right_hand,53,3,inferred_from_protocol,True,,train,run_holdout,-1
s48,s48_right_hand_054,right_hand,54,3,inferred_from_protocol,True,,train,run_holdout,-1
s48,s48_right_hand_055,right_hand,55,3,inferred_from_protocol,True,,train,run_holdout,-1
s48,s48_right_hand_056,right_hand,56,3,inferred_from_protocol,True,,train,run_holdout,-1
s48,s48_right_hand_057,right_hand,57,3,inferred_from_protocol,True,,train,run_holdout,-1
s48,s48_right_hand_058,right_hand,58,3,inferred_from_protocol,True,,train,run_holdout,-1
s48,s48_right_hand_059,right_hand,59,3,inferred_from_protocol,True,,train,run_holdout,-1
s48,s48_right_hand_060,right_hand,60,4,inferred_from_protocol,True,,val,run_holdout,-1
s48,s48_right_hand_061,right_hand,61,4,inferred_from_protocol,True,,val,run_holdout,-1
s48,s48_right_hand_062,right_hand,62,4,inferred_from_protocol,True,,val,run_holdout,-1
s48,s48_right_hand_063,right_hand,63,4,inferred_from_protocol,True,,val,run_holdout,-1
s48,s48_right_hand_064,right_hand,64,4,inferred_from_protocol,True,,val,run_holdout,-1
s48,s48_right_hand_065,right_hand,65,4,inferred_from_protocol,True,,val,run_holdout,-1
s48,s48_right_hand_066,right_hand,66,4,inferred_from_protocol,True,,val,run_holdout,-1
s48,s48_right_hand_067,right_hand,67,4,inferred_from_protocol,True,,val,run_holdout,-1
s48,s48_right_hand_068,right_hand,68,4,inferred_from_protocol,True,,val,run_holdout,-1
s48,s48_right_hand_069,right_hand,69,4,inferred_from_protocol,True,,val,run_holdout,-1
s48,s48_right_hand_070,right_hand,70,4,inferred_from_protocol,True,,val,run_holdout,-1
s48,s48_right_hand_071,right_hand,71,4,inferred_from_protocol,True,,val,run_holdout,-1
s48,s48_right_hand_072,right_hand,72,4,inferred_from_protocol,True,,val,run_holdout,-1
s48,s48_right_hand_073,right_hand,73,4,inferred_from_protocol,True,,val,run_holdout,-1
s48,s48_right_hand_074,right_hand,74,4,inferred_from_protocol,True,,val,run_holdout,-1
s48,s48_right_hand_075,right_hand,75,4,inferred_from_protocol,True,,val,run_holdout,-1
s48,s48_right_hand_076,right_hand,76,4,inferred_from_protocol,True,,val,run_holdout,-1
s48,s48_right_hand_077,right_hand,77,4,inferred_from_protocol,True,,val,run_holdout,-1
s48,s48_right_hand_078,right_hand,78,4,inferred_from_protocol,True,,val,run_holdout,-1
s48,s48_right_hand_079,right_hand,79,4,inferred_from_protocol,True,,val,run_holdout,-1
s48,s48_right_hand_080,right_hand,80,5,inferred_from_protocol,True,,test,run_holdout,-1
s48,s48_right_hand_081,right_hand,81,5,inferred_from_protocol,True,,test,run_holdout,-1
s48,s48_right_hand_082,right_hand,82,5,inferred_from_protocol,True,,test,run_holdout,-1
s48,s48_right_hand_083,right_hand,83,5,inferred_from_protocol,True,,test,run_holdout,-1
s48,s48_right_hand_084,right_hand,84,5,inferred_from_protocol,True,,test,run_holdout,-1
s48,s48_right_hand_085,right_hand,85,5,inferred_from_protocol,True,,test,run_holdout,-1
s48,s48_right_hand_086,right_hand,86,5,inferred_from_protocol,True,,test,run_holdout,-1
s48,s48_right_hand_087,right_hand,87,5,inferred_from_protocol,True,,test,run_holdout,-1
s48,s48_right_hand_088,right_hand,88,5,inferred_from_protocol,True,,test,run_holdout,-1
s48,s48_right_hand_089,right_hand,89,5,inferred_from_protocol,True,,test,run_holdout,-1
s48,s48_right_hand_090,right_hand,90,5,inferred_from_protocol,True,,test,run_holdout,-1
s48,s48_right_hand_091,right_hand,91,5,inferred_from_protocol,True,,test,run_holdout,-1
s48,s48_right_hand_092,right_hand,92,5,inferred_from_protocol,True,,test,run_holdout,-1
s48,s48_right_hand_093,right_hand,93,5,inferred_from_protocol,True,,test,run_holdout,-1
s48,s48_right_hand_094,right_hand,94,5,inferred_from_protocol,True,,test,run_holdout,-1
s48,s48_right_hand_095,right_hand,95,5,inferred_from_protocol,True,,test,run_holdout,-1
s48,s48_right_hand_096,right_hand,96,5,inferred_from_protocol,True,,test,run_holdout,-1
s48,s48_right_hand_097,right_hand,97,5,inferred_from_protocol,True,,test,run_holdout,-1
s48,s48_right_hand_098,right_hand,98,5,inferred_from_protocol,True,,test,run_holdout,-1
s48,s48_right_hand_099,right_hand,99,5,inferred_from_protocol,True,,test,run_holdout,-1
s49,s49_left_hand_000,left_hand,0,1,inferred_from_protocol,False,emg_correlation,train,run_holdout,-1
s49,s49_left_hand_001,left_hand,1,1,inferred_from_protocol,True,,train,run_holdout,-1
s49,s49_left_hand_002,left_hand,2,1,inferred_from_protocol,True,,train,run_holdout,-1
s49,s49_left_hand_003,left_hand,3,1,inferred_from_protocol,True,,train,run_holdout,-1
s49,s49_left_hand_004,left_hand,4,1,inferred_from_protocol,True,,train,run_holdout,-1
s49,s49_left_hand_005,left_hand,5,1,inferred_from_protocol,True,,train,run_holdout,-1
s49,s49_left_hand_006,left_hand,6,1,inferred_from_protocol,False,emg_correlation,train,run_holdout,-1
s49,s49_left_hand_007,left_hand,7,1,inferred_from_protocol,False,emg_correlation,train,run_holdout,-1
s49,s49_left_hand_008,left_hand,8,1,inferred_from_protocol,True,,train,run_holdout,-1
s49,s49_left_hand_009,left_hand,9,1,inferred_from_protocol,True,,train,run_holdout,-1
s49,s49_left_hand_010,left_hand,10,1,inferred_from_protocol,True,,train,run_holdout,-1
s49,s49_left_hand_011,left_hand,11,1,inferred_from_protocol,True,,train,run_holdout,-1
s49,s49_left_hand_012,left_hand,12,1,inferred_from_protocol,True,,train,run_holdout,-1
s49,s49_left_hand_013,left_hand,13,1,inferred_from_protocol,False,emg_correlation,train,run_holdout,-1
s49,s49_left_hand_014,left_hand,14,1,inferred_from_protocol,False,emg_correlation,train,run_holdout,-1
s49,s49_left_hand_015,left_hand,15,1,inferred_from_protocol,True,,train,run_holdout,-1
s49,s49_left_hand_016,left_hand,16,1,inferred_from_protocol,False,emg_correlation,train,run_holdout,-1
s49,s49_left_hand_017,left_hand,17,1,inferred_from_protocol,True,,train,run_holdout,-1
s49,s49_left_hand_018,left_hand,18,1,inferred_from_protocol,True,,train,run_holdout,-1
s49,s49_left_hand_019,left_hand,19,1,inferred_from_protocol,False,emg_correlation,train,run_holdout,-1
s49,s49_left_hand_020,left_hand,20,2,inferred_from_protocol,True,,train,run_holdout,-1
s49,s49_left_hand_021,left_hand,21,2,inferred_from_protocol,True,,train,run_holdout,-1
s49,s49_left_hand_022,left_hand,22,2,inferred_from_protocol,True,,train,run_holdout,-1
s49,s49_left_hand_023,left_hand,23,2,inferred_from_protocol,True,,train,run_holdout,-1
s49,s49_left_hand_024,left_hand,24,2,inferred_from_protocol,True,,train,run_holdout,-1
s49,s49_left_hand_025,left_hand,25,2,inferred_from_protocol,True,,train,run_holdout,-1
s49,s49_left_hand_026,left_hand,26,2,inferred_from_protocol,True,,train,run_holdout,-1
s49,s49_left_hand_027,left_hand,27,2,inferred_from_protocol,True,,train,run_holdout,-1
s49,s49_left_hand_028,left_hand,28,2,inferred_from_protocol,True,,train,run_holdout,-1
s49,s49_left_hand_029,left_hand,29,2,inferred_from_protocol,True,,train,run_holdout,-1
s49,s49_left_hand_030,left_hand,30,2,inferred_from_protocol,True,,train,run_holdout,-1
s49,s49_left_hand_031,left_hand,31,2,inferred_from_protocol,True,,train,run_holdout,-1
s49,s49_left_hand_032,left_hand,32,2,inferred_from_protocol,True,,train,run_holdout,-1
s49,s49_left_hand_033,left_hand,33,2,inferred_from_protocol,True,,train,run_holdout,-1
s49,s49_left_hand_034,left_hand,34,2,inferred_from_protocol,True,,train,run_holdout,-1
s49,s49_left_hand_035,left_hand,35,2,inferred_from_protocol,True,,train,run_holdout,-1
s49,s49_left_hand_036,left_hand,36,2,inferred_from_protocol,True,,train,run_holdout,-1
s49,s49_left_hand_037,left_hand,37,2,inferred_from_protocol,True,,train,run_holdout,-1
s49,s49_left_hand_038,left_hand,38,2,inferred_from_protocol,True,,train,run_holdout,-1
s49,s49_left_hand_039,left_hand,39,2,inferred_from_protocol,True,,train,run_holdout,-1
s49,s49_left_hand_040,left_hand,40,3,inferred_from_protocol,True,,train,run_holdout,-1
s49,s49_left_hand_041,left_hand,41,3,inferred_from_protocol,True,,train,run_holdout,-1
s49,s49_left_hand_042,left_hand,42,3,inferred_from_protocol,True,,train,run_holdout,-1
s49,s49_left_hand_043,left_hand,43,3,inferred_from_protocol,True,,train,run_holdout,-1
s49,s49_left_hand_044,left_hand,44,3,inferred_from_protocol,True,,train,run_holdout,-1
s49,s49_left_hand_045,left_hand,45,3,inferred_from_protocol,True,,train,run_holdout,-1
s49,s49_left_hand_046,left_hand,46,3,inferred_from_protocol,True,,train,run_holdout,-1
s49,s49_left_hand_047,left_hand,47,3,inferred_from_protocol,True,,train,run_holdout,-1
s49,s49_left_hand_048,left_hand,48,3,inferred_from_protocol,True,,train,run_holdout,-1
s49,s49_left_hand_049,left_hand,49,3,inferred_from_protocol,True,,train,run_holdout,-1
s49,s49_left_hand_050,left_hand,50,3,inferred_from_protocol,True,,train,run_holdout,-1
s49,s49_left_hand_051,left_hand,51,3,inferred_from_protocol,True,,train,run_holdout,-1
s49,s49_left_hand_052,left_hand,52,3,inferred_from_protocol,True,,train,run_holdout,-1
s49,s49_left_hand_053,left_hand,53,3,inferred_from_protocol,True,,train,run_holdout,-1
s49,s49_left_hand_054,left_hand,54,3,inferred_from_protocol,True,,train,run_holdout,-1
s49,s49_left_hand_055,left_hand,55,3,inferred_from_protocol,True,,train,run_holdout,-1
s49,s49_left_hand_056,left_hand,56,3,inferred_from_protocol,True,,train,run_holdout,-1
s49,s49_left_hand_057,left_hand,57,3,inferred_from_protocol,True,,train,run_holdout,-1
s49,s49_left_hand_058,left_hand,58,3,inferred_from_protocol,True,,train,run_holdout,-1
s49,s49_left_hand_059,left_hand,59,3,inferred_from_protocol,True,,train,run_holdout,-1
s49,s49_left_hand_060,left_hand,60,4,inferred_from_protocol,True,,val,run_holdout,-1
s49,s49_left_hand_061,left_hand,61,4,inferred_from_protocol,True,,val,run_holdout,-1
s49,s49_left_hand_062,left_hand,62,4,inferred_from_protocol,True,,val,run_holdout,-1
s49,s49_left_hand_063,left_hand,63,4,inferred_from_protocol,True,,val,run_holdout,-1
s49,s49_left_hand_064,left_hand,64,4,inferred_from_protocol,True,,val,run_holdout,-1
s49,s49_left_hand_065,left_hand,65,4,inferred_from_protocol,True,,val,run_holdout,-1
s49,s49_left_hand_066,left_hand,66,4,inferred_from_protocol,True,,val,run_holdout,-1
s49,s49_left_hand_067,left_hand,67,4,inferred_from_protocol,True,,val,run_holdout,-1
s49,s49_left_hand_068,left_hand,68,4,inferred_from_protocol,True,,val,run_holdout,-1
s49,s49_left_hand_069,left_hand,69,4,inferred_from_protocol,True,,val,run_holdout,-1
s49,s49_left_hand_070,left_hand,70,4,inferred_from_protocol,True,,val,run_holdout,-1
s49,s49_left_hand_071,left_hand,71,4,inferred_from_protocol,True,,val,run_holdout,-1
s49,s49_left_hand_072,left_hand,72,4,inferred_from_protocol,True,,val,run_holdout,-1
s49,s49_left_hand_073,left_hand,73,4,inferred_from_protocol,True,,val,run_holdout,-1
s49,s49_left_hand_074,left_hand,74,4,inferred_from_protocol,True,,val,run_holdout,-1
s49,s49_left_hand_075,left_hand,75,4,inferred_from_protocol,True,,val,run_holdout,-1
s49,s49_left_hand_076,left_hand,76,4,inferred_from_protocol,True,,val,run_holdout,-1
s49,s49_left_hand_077,left_hand,77,4,inferred_from_protocol,False,emg_correlation,val,run_holdout,-1
s49,s49_left_hand_078,left_hand,78,4,inferred_from_protocol,True,,val,run_holdout,-1
s49,s49_left_hand_079,left_hand,79,4,inferred_from_protocol,True,,val,run_holdout,-1
s49,s49_left_hand_080,left_hand,80,5,inferred_from_protocol,True,,test,run_holdout,-1
s49,s49_left_hand_081,left_hand,81,5,inferred_from_protocol,True,,test,run_holdout,-1
s49,s49_left_hand_082,left_hand,82,5,inferred_from_protocol,True,,test,run_holdout,-1
s49,s49_left_hand_083,left_hand,83,5,inferred_from_protocol,True,,test,run_holdout,-1
s49,s49_left_hand_084,left_hand,84,5,inferred_from_protocol,True,,test,run_holdout,-1
s49,s49_left_hand_085,left_hand,85,5,inferred_from_protocol,True,,test,run_holdout,-1
s49,s49_left_hand_086,left_hand,86,5,inferred_from_protocol,True,,test,run_holdout,-1
s49,s49_left_hand_087,left_hand,87,5,inferred_from_protocol,True,,test,run_holdout,-1
s49,s49_left_hand_088,left_hand,88,5,inferred_from_protocol,True,,test,run_holdout,-1
s49,s49_left_hand_089,left_hand,89,5,inferred_from_protocol,True,,test,run_holdout,-1
s49,s49_left_hand_090,left_hand,90,5,inferred_from_protocol,True,,test,run_holdout,-1
s49,s49_left_hand_091,left_hand,91,5,inferred_from_protocol,True,,test,run_holdout,-1
s49,s49_left_hand_092,left_hand,92,5,inferred_from_protocol,True,,test,run_holdout,-1
s49,s49_left_hand_093,left_hand,93,5,inferred_from_protocol,True,,test,run_holdout,-1
s49,s49_left_hand_094,left_hand,94,5,inferred_from_protocol,True,,test,run_holdout,-1
s49,s49_left_hand_095,left_hand,95,5,inferred_from_protocol,True,,test,run_holdout,-1
s49,s49_left_hand_096,left_hand,96,5,inferred_from_protocol,True,,test,run_holdout,-1
s49,s49_left_hand_097,left_hand,97,5,inferred_from_protocol,True,,test,run_holdout,-1
s49,s49_left_hand_098,left_hand,98,5,inferred_from_protocol,True,,test,run_holdout,-1
s49,s49_left_hand_099,left_hand,99,5,inferred_from_protocol,True,,test,run_holdout,-1
s49,s49_right_hand_000,right_hand,0,1,inferred_from_protocol,True,,train,run_holdout,-1
s49,s49_right_hand_001,right_hand,1,1,inferred_from_protocol,True,,train,run_holdout,-1
s49,s49_right_hand_002,right_hand,2,1,inferred_from_protocol,True,,train,run_holdout,-1
s49,s49_right_hand_003,right_hand,3,1,inferred_from_protocol,True,,train,run_holdout,-1
s49,s49_right_hand_004,right_hand,4,1,inferred_from_protocol,True,,train,run_holdout,-1
s49,s49_right_hand_005,right_hand,5,1,inferred_from_protocol,True,,train,run_holdout,-1
s49,s49_right_hand_006,right_hand,6,1,inferred_from_protocol,True,,train,run_holdout,-1
s49,s49_right_hand_007,right_hand,7,1,inferred_from_protocol,True,,train,run_holdout,-1
s49,s49_right_hand_008,right_hand,8,1,inferred_from_protocol,True,,train,run_holdout,-1
s49,s49_right_hand_009,right_hand,9,1,inferred_from_protocol,True,,train,run_holdout,-1
s49,s49_right_hand_010,right_hand,10,1,inferred_from_protocol,True,,train,run_holdout,-1
s49,s49_right_hand_011,right_hand,11,1,inferred_from_protocol,True,,train,run_holdout,-1
s49,s49_right_hand_012,right_hand,12,1,inferred_from_protocol,True,,train,run_holdout,-1
s49,s49_right_hand_013,right_hand,13,1,inferred_from_protocol,True,,train,run_holdout,-1
s49,s49_right_hand_014,right_hand,14,1,inferred_from_protocol,True,,train,run_holdout,-1
s49,s49_right_hand_015,right_hand,15,1,inferred_from_protocol,True,,train,run_holdout,-1
s49,s49_right_hand_016,right_hand,16,1,inferred_from_protocol,True,,train,run_holdout,-1
s49,s49_right_hand_017,right_hand,17,1,inferred_from_protocol,True,,train,run_holdout,-1
s49,s49_right_hand_018,right_hand,18,1,inferred_from_protocol,True,,train,run_holdout,-1
s49,s49_right_hand_019,right_hand,19,1,inferred_from_protocol,True,,train,run_holdout,-1
s49,s49_right_hand_020,right_hand,20,2,inferred_from_protocol,True,,train,run_holdout,-1
s49,s49_right_hand_021,right_hand,21,2,inferred_from_protocol,True,,train,run_holdout,-1
s49,s49_right_hand_022,right_hand,22,2,inferred_from_protocol,True,,train,run_holdout,-1
s49,s49_right_hand_023,right_hand,23,2,inferred_from_protocol,True,,train,run_holdout,-1
s49,s49_right_hand_024,right_hand,24,2,inferred_from_protocol,True,,train,run_holdout,-1
s49,s49_right_hand_025,right_hand,25,2,inferred_from_protocol,True,,train,run_holdout,-1
s49,s49_right_hand_026,right_hand,26,2,inferred_from_protocol,True,,train,run_holdout,-1
s49,s49_right_hand_027,right_hand,27,2,inferred_from_protocol,True,,train,run_holdout,-1
s49,s49_right_hand_028,right_hand,28,2,inferred_from_protocol,True,,train,run_holdout,-1
s49,s49_right_hand_029,right_hand,29,2,inferred_from_protocol,True,,train,run_holdout,-1
s49,s49_right_hand_030,right_hand,30,2,inferred_from_protocol,True,,train,run_holdout,-1
s49,s49_right_hand_031,right_hand,31,2,inferred_from_protocol,True,,train,run_holdout,-1
s49,s49_right_hand_032,right_hand,32,2,inferred_from_protocol,True,,train,run_holdout,-1
s49,s49_right_hand_033,right_hand,33,2,inferred_from_protocol,True,,train,run_holdout,-1
s49,s49_right_hand_034,right_hand,34,2,inferred_from_protocol,True,,train,run_holdout,-1
s49,s49_right_hand_035,right_hand,35,2,inferred_from_protocol,True,,train,run_holdout,-1
s49,s49_right_hand_036,right_hand,36,2,inferred_from_protocol,True,,train,run_holdout,-1
s49,s49_right_hand_037,right_hand,37,2,inferred_from_protocol,True,,train,run_holdout,-1
s49,s49_right_hand_038,right_hand,38,2,inferred_from_protocol,True,,train,run_holdout,-1
s49,s49_right_hand_039,right_hand,39,2,inferred_from_protocol,True,,train,run_holdout,-1
s49,s49_right_hand_040,right_hand,40,3,inferred_from_protocol,True,,train,run_holdout,-1
s49,s49_right_hand_041,right_hand,41,3,inferred_from_protocol,True,,train,run_holdout,-1
s49,s49_right_hand_042,right_hand,42,3,inferred_from_protocol,True,,train,run_holdout,-1
s49,s49_right_hand_043,right_hand,43,3,inferred_from_protocol,True,,train,run_holdout,-1
s49,s49_right_hand_044,right_hand,44,3,inferred_from_protocol,True,,train,run_holdout,-1
s49,s49_right_hand_045,right_hand,45,3,inferred_from_protocol,True,,train,run_holdout,-1
s49,s49_right_hand_046,right_hand,46,3,inferred_from_protocol,True,,train,run_holdout,-1
s49,s49_right_hand_047,right_hand,47,3,inferred_from_protocol,True,,train,run_holdout,-1
s49,s49_right_hand_048,right_hand,48,3,inferred_from_protocol,True,,train,run_holdout,-1
s49,s49_right_hand_049,right_hand,49,3,inferred_from_protocol,True,,train,run_holdout,-1
s49,s49_right_hand_050,right_hand,50,3,inferred_from_protocol,True,,train,run_holdout,-1
s49,s49_right_hand_051,right_hand,51,3,inferred_from_protocol,True,,train,run_holdout,-1
s49,s49_right_hand_052,right_hand,52,3,inferred_from_protocol,True,,train,run_holdout,-1
s49,s49_right_hand_053,right_hand,53,3,inferred_from_protocol,True,,train,run_holdout,-1
s49,s49_right_hand_054,right_hand,54,3,inferred_from_protocol,True,,train,run_holdout,-1
s49,s49_right_hand_055,right_hand,55,3,inferred_from_protocol,True,,train,run_holdout,-1
s49,s49_right_hand_056,right_hand,56,3,inferred_from_protocol,True,,train,run_holdout,-1
s49,s49_right_hand_057,right_hand,57,3,inferred_from_protocol,True,,train,run_holdout,-1
s49,s49_right_hand_058,right_hand,58,3,inferred_from_protocol,True,,train,run_holdout,-1
s49,s49_right_hand_059,right_hand,59,3,inferred_from_protocol,True,,train,run_holdout,-1
s49,s49_right_hand_060,right_hand,60,4,inferred_from_protocol,True,,val,run_holdout,-1
s49,s49_right_hand_061,right_hand,61,4,inferred_from_protocol,True,,val,run_holdout,-1
s49,s49_right_hand_062,right_hand,62,4,inferred_from_protocol,True,,val,run_holdout,-1
s49,s49_right_hand_063,right_hand,63,4,inferred_from_protocol,True,,val,run_holdout,-1
s49,s49_right_hand_064,right_hand,64,4,inferred_from_protocol,True,,val,run_holdout,-1
s49,s49_right_hand_065,right_hand,65,4,inferred_from_protocol,True,,val,run_holdout,-1
s49,s49_right_hand_066,right_hand,66,4,inferred_from_protocol,True,,val,run_holdout,-1
s49,s49_right_hand_067,right_hand,67,4,inferred_from_protocol,True,,val,run_holdout,-1
s49,s49_right_hand_068,right_hand,68,4,inferred_from_protocol,True,,val,run_holdout,-1
s49,s49_right_hand_069,right_hand,69,4,inferred_from_protocol,True,,val,run_holdout,-1
s49,s49_right_hand_070,right_hand,70,4,inferred_from_protocol,True,,val,run_holdout,-1
s49,s49_right_hand_071,right_hand,71,4,inferred_from_protocol,True,,val,run_holdout,-1
s49,s49_right_hand_072,right_hand,72,4,inferred_from_protocol,True,,val,run_holdout,-1
s49,s49_right_hand_073,right_hand,73,4,inferred_from_protocol,True,,val,run_holdout,-1
s49,s49_right_hand_074,right_hand,74,4,inferred_from_protocol,True,,val,run_holdout,-1
s49,s49_right_hand_075,right_hand,75,4,inferred_from_protocol,True,,val,run_holdout,-1
s49,s49_right_hand_076,right_hand,76,4,inferred_from_protocol,True,,val,run_holdout,-1
s49,s49_right_hand_077,right_hand,77,4,inferred_from_protocol,True,,val,run_holdout,-1
s49,s49_right_hand_078,right_hand,78,4,inferred_from_protocol,True,,val,run_holdout,-1
s49,s49_right_hand_079,right_hand,79,4,inferred_from_protocol,True,,val,run_holdout,-1
s49,s49_right_hand_080,right_hand,80,5,inferred_from_protocol,True,,test,run_holdout,-1
s49,s49_right_hand_081,right_hand,81,5,inferred_from_protocol,True,,test,run_holdout,-1
s49,s49_right_hand_082,right_hand,82,5,inferred_from_protocol,True,,test,run_holdout,-1
s49,s49_right_hand_083,right_hand,83,5,inferred_from_protocol,True,,test,run_holdout,-1
s49,s49_right_hand_084,right_hand,84,5,inferred_from_protocol,True,,test,run_holdout,-1
s49,s49_right_hand_085,right_hand,85,5,inferred_from_protocol,True,,test,run_holdout,-1
s49,s49_right_hand_086,right_hand,86,5,inferred_from_protocol,True,,test,run_holdout,-1
s49,s49_right_hand_087,right_hand,87,5,inferred_from_protocol,True,,test,run_holdout,-1
s49,s49_right_hand_088,right_hand,88,5,inferred_from_protocol,True,,test,run_holdout,-1
s49,s49_right_hand_089,right_hand,89,5,inferred_from_protocol,True,,test,run_holdout,-1
s49,s49_right_hand_090,right_hand,90,5,inferred_from_protocol,True,,test,run_holdout,-1
s49,s49_right_hand_091,right_hand,91,5,inferred_from_protocol,True,,test,run_holdout,-1
s49,s49_right_hand_092,right_hand,92,5,inferred_from_protocol,True,,test,run_holdout,-1
s49,s49_right_hand_093,right_hand,93,5,inferred_from_protocol,True,,test,run_holdout,-1
s49,s49_right_hand_094,right_hand,94,5,inferred_from_protocol,True,,test,run_holdout,-1
s49,s49_right_hand_095,right_hand,95,5,inferred_from_protocol,True,,test,run_holdout,-1
s49,s49_right_hand_096,right_hand,96,5,inferred_from_protocol,True,,test,run_holdout,-1
s49,s49_right_hand_097,right_hand,97,5,inferred_from_protocol,True,,test,run_holdout,-1
s49,s49_right_hand_098,right_hand,98,5,inferred_from_protocol,True,,test,run_holdout,-1
s49,s49_right_hand_099,right_hand,99,5,inferred_from_protocol,True,,test,run_holdout,-1
s50,s50_left_hand_000,left_hand,0,1,inferred_from_protocol,True,,train,run_holdout,-1
s50,s50_left_hand_001,left_hand,1,1,inferred_from_protocol,True,,train,run_holdout,-1
s50,s50_left_hand_002,left_hand,2,1,inferred_from_protocol,True,,train,run_holdout,-1
s50,s50_left_hand_003,left_hand,3,1,inferred_from_protocol,True,,train,run_holdout,-1
s50,s50_left_hand_004,left_hand,4,1,inferred_from_protocol,True,,train,run_holdout,-1
s50,s50_left_hand_005,left_hand,5,1,inferred_from_protocol,True,,train,run_holdout,-1
s50,s50_left_hand_006,left_hand,6,1,inferred_from_protocol,True,,train,run_holdout,-1
s50,s50_left_hand_007,left_hand,7,1,inferred_from_protocol,True,,train,run_holdout,-1
s50,s50_left_hand_008,left_hand,8,1,inferred_from_protocol,True,,train,run_holdout,-1
s50,s50_left_hand_009,left_hand,9,1,inferred_from_protocol,True,,train,run_holdout,-1
s50,s50_left_hand_010,left_hand,10,1,inferred_from_protocol,True,,train,run_holdout,-1
s50,s50_left_hand_011,left_hand,11,1,inferred_from_protocol,True,,train,run_holdout,-1
s50,s50_left_hand_012,left_hand,12,1,inferred_from_protocol,True,,train,run_holdout,-1
s50,s50_left_hand_013,left_hand,13,1,inferred_from_protocol,True,,train,run_holdout,-1
s50,s50_left_hand_014,left_hand,14,1,inferred_from_protocol,True,,train,run_holdout,-1
s50,s50_left_hand_015,left_hand,15,1,inferred_from_protocol,True,,train,run_holdout,-1
s50,s50_left_hand_016,left_hand,16,1,inferred_from_protocol,True,,train,run_holdout,-1
s50,s50_left_hand_017,left_hand,17,1,inferred_from_protocol,True,,train,run_holdout,-1
s50,s50_left_hand_018,left_hand,18,1,inferred_from_protocol,True,,train,run_holdout,-1
s50,s50_left_hand_019,left_hand,19,1,inferred_from_protocol,True,,train,run_holdout,-1
s50,s50_left_hand_020,left_hand,20,2,inferred_from_protocol,True,,train,run_holdout,-1
s50,s50_left_hand_021,left_hand,21,2,inferred_from_protocol,True,,train,run_holdout,-1
s50,s50_left_hand_022,left_hand,22,2,inferred_from_protocol,True,,train,run_holdout,-1
s50,s50_left_hand_023,left_hand,23,2,inferred_from_protocol,True,,train,run_holdout,-1
s50,s50_left_hand_024,left_hand,24,2,inferred_from_protocol,True,,train,run_holdout,-1
s50,s50_left_hand_025,left_hand,25,2,inferred_from_protocol,True,,train,run_holdout,-1
s50,s50_left_hand_026,left_hand,26,2,inferred_from_protocol,True,,train,run_holdout,-1
s50,s50_left_hand_027,left_hand,27,2,inferred_from_protocol,True,,train,run_holdout,-1
s50,s50_left_hand_028,left_hand,28,2,inferred_from_protocol,True,,train,run_holdout,-1
s50,s50_left_hand_029,left_hand,29,2,inferred_from_protocol,True,,train,run_holdout,-1
s50,s50_left_hand_030,left_hand,30,2,inferred_from_protocol,True,,train,run_holdout,-1
s50,s50_left_hand_031,left_hand,31,2,inferred_from_protocol,True,,train,run_holdout,-1
s50,s50_left_hand_032,left_hand,32,2,inferred_from_protocol,True,,train,run_holdout,-1
s50,s50_left_hand_033,left_hand,33,2,inferred_from_protocol,True,,train,run_holdout,-1
s50,s50_left_hand_034,left_hand,34,2,inferred_from_protocol,True,,train,run_holdout,-1
s50,s50_left_hand_035,left_hand,35,2,inferred_from_protocol,True,,train,run_holdout,-1
s50,s50_left_hand_036,left_hand,36,2,inferred_from_protocol,True,,train,run_holdout,-1
s50,s50_left_hand_037,left_hand,37,2,inferred_from_protocol,True,,train,run_holdout,-1
s50,s50_left_hand_038,left_hand,38,2,inferred_from_protocol,True,,train,run_holdout,-1
s50,s50_left_hand_039,left_hand,39,2,inferred_from_protocol,True,,train,run_holdout,-1
s50,s50_left_hand_040,left_hand,40,3,inferred_from_protocol,True,,train,run_holdout,-1
s50,s50_left_hand_041,left_hand,41,3,inferred_from_protocol,True,,train,run_holdout,-1
s50,s50_left_hand_042,left_hand,42,3,inferred_from_protocol,True,,train,run_holdout,-1
s50,s50_left_hand_043,left_hand,43,3,inferred_from_protocol,True,,train,run_holdout,-1
s50,s50_left_hand_044,left_hand,44,3,inferred_from_protocol,True,,train,run_holdout,-1
s50,s50_left_hand_045,left_hand,45,3,inferred_from_protocol,True,,train,run_holdout,-1
s50,s50_left_hand_046,left_hand,46,3,inferred_from_protocol,True,,train,run_holdout,-1
s50,s50_left_hand_047,left_hand,47,3,inferred_from_protocol,True,,train,run_holdout,-1
s50,s50_left_hand_048,left_hand,48,3,inferred_from_protocol,True,,train,run_holdout,-1
s50,s50_left_hand_049,left_hand,49,3,inferred_from_protocol,True,,train,run_holdout,-1
s50,s50_left_hand_050,left_hand,50,3,inferred_from_protocol,True,,train,run_holdout,-1
s50,s50_left_hand_051,left_hand,51,3,inferred_from_protocol,True,,train,run_holdout,-1
s50,s50_left_hand_052,left_hand,52,3,inferred_from_protocol,True,,train,run_holdout,-1
s50,s50_left_hand_053,left_hand,53,3,inferred_from_protocol,True,,train,run_holdout,-1
s50,s50_left_hand_054,left_hand,54,3,inferred_from_protocol,True,,train,run_holdout,-1
s50,s50_left_hand_055,left_hand,55,3,inferred_from_protocol,True,,train,run_holdout,-1
s50,s50_left_hand_056,left_hand,56,3,inferred_from_protocol,True,,train,run_holdout,-1
s50,s50_left_hand_057,left_hand,57,3,inferred_from_protocol,True,,train,run_holdout,-1
s50,s50_left_hand_058,left_hand,58,3,inferred_from_protocol,True,,train,run_holdout,-1
s50,s50_left_hand_059,left_hand,59,3,inferred_from_protocol,True,,train,run_holdout,-1
s50,s50_left_hand_060,left_hand,60,4,inferred_from_protocol,True,,val,run_holdout,-1
s50,s50_left_hand_061,left_hand,61,4,inferred_from_protocol,True,,val,run_holdout,-1
s50,s50_left_hand_062,left_hand,62,4,inferred_from_protocol,True,,val,run_holdout,-1
s50,s50_left_hand_063,left_hand,63,4,inferred_from_protocol,True,,val,run_holdout,-1
s50,s50_left_hand_064,left_hand,64,4,inferred_from_protocol,True,,val,run_holdout,-1
s50,s50_left_hand_065,left_hand,65,4,inferred_from_protocol,True,,val,run_holdout,-1
s50,s50_left_hand_066,left_hand,66,4,inferred_from_protocol,True,,val,run_holdout,-1
s50,s50_left_hand_067,left_hand,67,4,inferred_from_protocol,True,,val,run_holdout,-1
s50,s50_left_hand_068,left_hand,68,4,inferred_from_protocol,True,,val,run_holdout,-1
s50,s50_left_hand_069,left_hand,69,4,inferred_from_protocol,True,,val,run_holdout,-1
s50,s50_left_hand_070,left_hand,70,4,inferred_from_protocol,True,,val,run_holdout,-1
s50,s50_left_hand_071,left_hand,71,4,inferred_from_protocol,True,,val,run_holdout,-1
s50,s50_left_hand_072,left_hand,72,4,inferred_from_protocol,True,,val,run_holdout,-1
s50,s50_left_hand_073,left_hand,73,4,inferred_from_protocol,True,,val,run_holdout,-1
s50,s50_left_hand_074,left_hand,74,4,inferred_from_protocol,True,,val,run_holdout,-1
s50,s50_left_hand_075,left_hand,75,4,inferred_from_protocol,True,,val,run_holdout,-1
s50,s50_left_hand_076,left_hand,76,4,inferred_from_protocol,True,,val,run_holdout,-1
s50,s50_left_hand_077,left_hand,77,4,inferred_from_protocol,True,,val,run_holdout,-1
s50,s50_left_hand_078,left_hand,78,4,inferred_from_protocol,True,,val,run_holdout,-1
s50,s50_left_hand_079,left_hand,79,4,inferred_from_protocol,True,,val,run_holdout,-1
s50,s50_left_hand_080,left_hand,80,5,inferred_from_protocol,True,,test,run_holdout,-1
s50,s50_left_hand_081,left_hand,81,5,inferred_from_protocol,True,,test,run_holdout,-1
s50,s50_left_hand_082,left_hand,82,5,inferred_from_protocol,True,,test,run_holdout,-1
s50,s50_left_hand_083,left_hand,83,5,inferred_from_protocol,True,,test,run_holdout,-1
s50,s50_left_hand_084,left_hand,84,5,inferred_from_protocol,True,,test,run_holdout,-1
s50,s50_left_hand_085,left_hand,85,5,inferred_from_protocol,True,,test,run_holdout,-1
s50,s50_left_hand_086,left_hand,86,5,inferred_from_protocol,True,,test,run_holdout,-1
s50,s50_left_hand_087,left_hand,87,5,inferred_from_protocol,True,,test,run_holdout,-1
s50,s50_left_hand_088,left_hand,88,5,inferred_from_protocol,True,,test,run_holdout,-1
s50,s50_left_hand_089,left_hand,89,5,inferred_from_protocol,True,,test,run_holdout,-1
s50,s50_left_hand_090,left_hand,90,5,inferred_from_protocol,True,,test,run_holdout,-1
s50,s50_left_hand_091,left_hand,91,5,inferred_from_protocol,True,,test,run_holdout,-1
s50,s50_left_hand_092,left_hand,92,5,inferred_from_protocol,True,,test,run_holdout,-1
s50,s50_left_hand_093,left_hand,93,5,inferred_from_protocol,True,,test,run_holdout,-1
s50,s50_left_hand_094,left_hand,94,5,inferred_from_protocol,True,,test,run_holdout,-1
s50,s50_left_hand_095,left_hand,95,5,inferred_from_protocol,True,,test,run_holdout,-1
s50,s50_left_hand_096,left_hand,96,5,inferred_from_protocol,True,,test,run_holdout,-1
s50,s50_left_hand_097,left_hand,97,5,inferred_from_protocol,True,,test,run_holdout,-1
s50,s50_left_hand_098,left_hand,98,5,inferred_from_protocol,True,,test,run_holdout,-1
s50,s50_left_hand_099,left_hand,99,5,inferred_from_protocol,True,,test,run_holdout,-1
s50,s50_right_hand_000,right_hand,0,1,inferred_from_protocol,True,,train,run_holdout,-1
s50,s50_right_hand_001,right_hand,1,1,inferred_from_protocol,True,,train,run_holdout,-1
s50,s50_right_hand_002,right_hand,2,1,inferred_from_protocol,True,,train,run_holdout,-1
s50,s50_right_hand_003,right_hand,3,1,inferred_from_protocol,True,,train,run_holdout,-1
s50,s50_right_hand_004,right_hand,4,1,inferred_from_protocol,True,,train,run_holdout,-1
s50,s50_right_hand_005,right_hand,5,1,inferred_from_protocol,True,,train,run_holdout,-1
s50,s50_right_hand_006,right_hand,6,1,inferred_from_protocol,True,,train,run_holdout,-1
s50,s50_right_hand_007,right_hand,7,1,inferred_from_protocol,True,,train,run_holdout,-1
s50,s50_right_hand_008,right_hand,8,1,inferred_from_protocol,True,,train,run_holdout,-1
s50,s50_right_hand_009,right_hand,9,1,inferred_from_protocol,True,,train,run_holdout,-1
s50,s50_right_hand_010,right_hand,10,1,inferred_from_protocol,True,,train,run_holdout,-1
s50,s50_right_hand_011,right_hand,11,1,inferred_from_protocol,True,,train,run_holdout,-1
s50,s50_right_hand_012,right_hand,12,1,inferred_from_protocol,True,,train,run_holdout,-1
s50,s50_right_hand_013,right_hand,13,1,inferred_from_protocol,True,,train,run_holdout,-1
s50,s50_right_hand_014,right_hand,14,1,inferred_from_protocol,True,,train,run_holdout,-1
s50,s50_right_hand_015,right_hand,15,1,inferred_from_protocol,True,,train,run_holdout,-1
s50,s50_right_hand_016,right_hand,16,1,inferred_from_protocol,True,,train,run_holdout,-1
s50,s50_right_hand_017,right_hand,17,1,inferred_from_protocol,True,,train,run_holdout,-1
s50,s50_right_hand_018,right_hand,18,1,inferred_from_protocol,True,,train,run_holdout,-1
s50,s50_right_hand_019,right_hand,19,1,inferred_from_protocol,True,,train,run_holdout,-1
s50,s50_right_hand_020,right_hand,20,2,inferred_from_protocol,True,,train,run_holdout,-1
s50,s50_right_hand_021,right_hand,21,2,inferred_from_protocol,True,,train,run_holdout,-1
s50,s50_right_hand_022,right_hand,22,2,inferred_from_protocol,True,,train,run_holdout,-1
s50,s50_right_hand_023,right_hand,23,2,inferred_from_protocol,True,,train,run_holdout,-1
s50,s50_right_hand_024,right_hand,24,2,inferred_from_protocol,True,,train,run_holdout,-1
s50,s50_right_hand_025,right_hand,25,2,inferred_from_protocol,True,,train,run_holdout,-1
s50,s50_right_hand_026,right_hand,26,2,inferred_from_protocol,True,,train,run_holdout,-1
s50,s50_right_hand_027,right_hand,27,2,inferred_from_protocol,True,,train,run_holdout,-1
s50,s50_right_hand_028,right_hand,28,2,inferred_from_protocol,True,,train,run_holdout,-1
s50,s50_right_hand_029,right_hand,29,2,inferred_from_protocol,True,,train,run_holdout,-1
s50,s50_right_hand_030,right_hand,30,2,inferred_from_protocol,True,,train,run_holdout,-1
s50,s50_right_hand_031,right_hand,31,2,inferred_from_protocol,True,,train,run_holdout,-1
s50,s50_right_hand_032,right_hand,32,2,inferred_from_protocol,True,,train,run_holdout,-1
s50,s50_right_hand_033,right_hand,33,2,inferred_from_protocol,True,,train,run_holdout,-1
s50,s50_right_hand_034,right_hand,34,2,inferred_from_protocol,True,,train,run_holdout,-1
s50,s50_right_hand_035,right_hand,35,2,inferred_from_protocol,True,,train,run_holdout,-1
s50,s50_right_hand_036,right_hand,36,2,inferred_from_protocol,True,,train,run_holdout,-1
s50,s50_right_hand_037,right_hand,37,2,inferred_from_protocol,True,,train,run_holdout,-1
s50,s50_right_hand_038,right_hand,38,2,inferred_from_protocol,True,,train,run_holdout,-1
s50,s50_right_hand_039,right_hand,39,2,inferred_from_protocol,True,,train,run_holdout,-1
s50,s50_right_hand_040,right_hand,40,3,inferred_from_protocol,True,,train,run_holdout,-1
s50,s50_right_hand_041,right_hand,41,3,inferred_from_protocol,True,,train,run_holdout,-1
s50,s50_right_hand_042,right_hand,42,3,inferred_from_protocol,True,,train,run_holdout,-1
s50,s50_right_hand_043,right_hand,43,3,inferred_from_protocol,True,,train,run_holdout,-1
s50,s50_right_hand_044,right_hand,44,3,inferred_from_protocol,True,,train,run_holdout,-1
s50,s50_right_hand_045,right_hand,45,3,inferred_from_protocol,True,,train,run_holdout,-1
s50,s50_right_hand_046,right_hand,46,3,inferred_from_protocol,True,,train,run_holdout,-1
s50,s50_right_hand_047,right_hand,47,3,inferred_from_protocol,True,,train,run_holdout,-1
s50,s50_right_hand_048,right_hand,48,3,inferred_from_protocol,True,,train,run_holdout,-1
s50,s50_right_hand_049,right_hand,49,3,inferred_from_protocol,True,,train,run_holdout,-1
s50,s50_right_hand_050,right_hand,50,3,inferred_from_protocol,True,,train,run_holdout,-1
s50,s50_right_hand_051,right_hand,51,3,inferred_from_protocol,True,,train,run_holdout,-1
s50,s50_right_hand_052,right_hand,52,3,inferred_from_protocol,True,,train,run_holdout,-1
s50,s50_right_hand_053,right_hand,53,3,inferred_from_protocol,True,,train,run_holdout,-1
s50,s50_right_hand_054,right_hand,54,3,inferred_from_protocol,True,,train,run_holdout,-1
s50,s50_right_hand_055,right_hand,55,3,inferred_from_protocol,True,,train,run_holdout,-1
s50,s50_right_hand_056,right_hand,56,3,inferred_from_protocol,True,,train,run_holdout,-1
s50,s50_right_hand_057,right_hand,57,3,inferred_from_protocol,True,,train,run_holdout,-1
s50,s50_right_hand_058,right_hand,58,3,inferred_from_protocol,True,,train,run_holdout,-1
s50,s50_right_hand_059,right_hand,59,3,inferred_from_protocol,True,,train,run_holdout,-1
s50,s50_right_hand_060,right_hand,60,4,inferred_from_protocol,True,,val,run_holdout,-1
s50,s50_right_hand_061,right_hand,61,4,inferred_from_protocol,True,,val,run_holdout,-1
s50,s50_right_hand_062,right_hand,62,4,inferred_from_protocol,True,,val,run_holdout,-1
s50,s50_right_hand_063,right_hand,63,4,inferred_from_protocol,True,,val,run_holdout,-1
s50,s50_right_hand_064,right_hand,64,4,inferred_from_protocol,True,,val,run_holdout,-1
s50,s50_right_hand_065,right_hand,65,4,inferred_from_protocol,True,,val,run_holdout,-1
s50,s50_right_hand_066,right_hand,66,4,inferred_from_protocol,True,,val,run_holdout,-1
s50,s50_right_hand_067,right_hand,67,4,inferred_from_protocol,True,,val,run_holdout,-1
s50,s50_right_hand_068,right_hand,68,4,inferred_from_protocol,True,,val,run_holdout,-1
s50,s50_right_hand_069,right_hand,69,4,inferred_from_protocol,True,,val,run_holdout,-1
s50,s50_right_hand_070,right_hand,70,4,inferred_from_protocol,True,,val,run_holdout,-1
s50,s50_right_hand_071,right_hand,71,4,inferred_from_protocol,True,,val,run_holdout,-1
s50,s50_right_hand_072,right_hand,72,4,inferred_from_protocol,True,,val,run_holdout,-1
s50,s50_right_hand_073,right_hand,73,4,inferred_from_protocol,True,,val,run_holdout,-1
s50,s50_right_hand_074,right_hand,74,4,inferred_from_protocol,True,,val,run_holdout,-1
s50,s50_right_hand_075,right_hand,75,4,inferred_from_protocol,True,,val,run_holdout,-1
s50,s50_right_hand_076,right_hand,76,4,inferred_from_protocol,True,,val,run_holdout,-1
s50,s50_right_hand_077,right_hand,77,4,inferred_from_protocol,True,,val,run_holdout,-1
s50,s50_right_hand_078,right_hand,78,4,inferred_from_protocol,True,,val,run_holdout,-1
s50,s50_right_hand_079,right_hand,79,4,inferred_from_protocol,True,,val,run_holdout,-1
s50,s50_right_hand_080,right_hand,80,5,inferred_from_protocol,True,,test,run_holdout,-1
s50,s50_right_hand_081,right_hand,81,5,inferred_from_protocol,True,,test,run_holdout,-1
s50,s50_right_hand_082,right_hand,82,5,inferred_from_protocol,True,,test,run_holdout,-1
s50,s50_right_hand_083,right_hand,83,5,inferred_from_protocol,True,,test,run_holdout,-1
s50,s50_right_hand_084,right_hand,84,5,inferred_from_protocol,True,,test,run_holdout,-1
s50,s50_right_hand_085,right_hand,85,5,inferred_from_protocol,True,,test,run_holdout,-1
s50,s50_right_hand_086,right_hand,86,5,inferred_from_protocol,True,,test,run_holdout,-1
s50,s50_right_hand_087,right_hand,87,5,inferred_from_protocol,True,,test,run_holdout,-1
s50,s50_right_hand_088,right_hand,88,5,inferred_from_protocol,True,,test,run_holdout,-1
s50,s50_right_hand_089,right_hand,89,5,inferred_from_protocol,True,,test,run_holdout,-1
s50,s50_right_hand_090,right_hand,90,5,inferred_from_protocol,True,,test,run_holdout,-1
s50,s50_right_hand_091,right_hand,91,5,inferred_from_protocol,True,,test,run_holdout,-1
s50,s50_right_hand_092,right_hand,92,5,inferred_from_protocol,True,,test,run_holdout,-1
s50,s50_right_hand_093,right_hand,93,5,inferred_from_protocol,True,,test,run_holdout,-1
s50,s50_right_hand_094,right_hand,94,5,inferred_from_protocol,True,,test,run_holdout,-1
s50,s50_right_hand_095,right_hand,95,5,inferred_from_protocol,True,,test,run_holdout,-1
s50,s50_right_hand_096,right_hand,96,5,inferred_from_protocol,True,,test,run_holdout,-1
s50,s50_right_hand_097,right_hand,97,5,inferred_from_protocol,True,,test,run_holdout,-1
s50,s50_right_hand_098,right_hand,98,5,inferred_from_protocol,True,,test,run_holdout,-1
s50,s50_right_hand_099,right_hand,99,5,inferred_from_protocol,True,,test,run_holdout,-1
s51,s51_left_hand_000,left_hand,0,1,inferred_from_protocol,True,,train,run_holdout,-1
s51,s51_left_hand_001,left_hand,1,1,inferred_from_protocol,True,,train,run_holdout,-1
s51,s51_left_hand_002,left_hand,2,1,inferred_from_protocol,True,,train,run_holdout,-1
s51,s51_left_hand_003,left_hand,3,1,inferred_from_protocol,True,,train,run_holdout,-1
s51,s51_left_hand_004,left_hand,4,1,inferred_from_protocol,True,,train,run_holdout,-1
s51,s51_left_hand_005,left_hand,5,1,inferred_from_protocol,True,,train,run_holdout,-1
s51,s51_left_hand_006,left_hand,6,1,inferred_from_protocol,True,,train,run_holdout,-1
s51,s51_left_hand_007,left_hand,7,1,inferred_from_protocol,True,,train,run_holdout,-1
s51,s51_left_hand_008,left_hand,8,1,inferred_from_protocol,True,,train,run_holdout,-1
s51,s51_left_hand_009,left_hand,9,1,inferred_from_protocol,True,,train,run_holdout,-1
s51,s51_left_hand_010,left_hand,10,1,inferred_from_protocol,True,,train,run_holdout,-1
s51,s51_left_hand_011,left_hand,11,1,inferred_from_protocol,True,,train,run_holdout,-1
s51,s51_left_hand_012,left_hand,12,1,inferred_from_protocol,True,,train,run_holdout,-1
s51,s51_left_hand_013,left_hand,13,1,inferred_from_protocol,True,,train,run_holdout,-1
s51,s51_left_hand_014,left_hand,14,1,inferred_from_protocol,False,emg_correlation,train,run_holdout,-1
s51,s51_left_hand_015,left_hand,15,1,inferred_from_protocol,True,,train,run_holdout,-1
s51,s51_left_hand_016,left_hand,16,1,inferred_from_protocol,True,,train,run_holdout,-1
s51,s51_left_hand_017,left_hand,17,1,inferred_from_protocol,True,,train,run_holdout,-1
s51,s51_left_hand_018,left_hand,18,1,inferred_from_protocol,True,,train,run_holdout,-1
s51,s51_left_hand_019,left_hand,19,1,inferred_from_protocol,True,,train,run_holdout,-1
s51,s51_left_hand_020,left_hand,20,2,inferred_from_protocol,True,,train,run_holdout,-1
s51,s51_left_hand_021,left_hand,21,2,inferred_from_protocol,True,,train,run_holdout,-1
s51,s51_left_hand_022,left_hand,22,2,inferred_from_protocol,True,,train,run_holdout,-1
s51,s51_left_hand_023,left_hand,23,2,inferred_from_protocol,True,,train,run_holdout,-1
s51,s51_left_hand_024,left_hand,24,2,inferred_from_protocol,True,,train,run_holdout,-1
s51,s51_left_hand_025,left_hand,25,2,inferred_from_protocol,True,,train,run_holdout,-1
s51,s51_left_hand_026,left_hand,26,2,inferred_from_protocol,True,,train,run_holdout,-1
s51,s51_left_hand_027,left_hand,27,2,inferred_from_protocol,True,,train,run_holdout,-1
s51,s51_left_hand_028,left_hand,28,2,inferred_from_protocol,True,,train,run_holdout,-1
s51,s51_left_hand_029,left_hand,29,2,inferred_from_protocol,True,,train,run_holdout,-1
s51,s51_left_hand_030,left_hand,30,2,inferred_from_protocol,True,,train,run_holdout,-1
s51,s51_left_hand_031,left_hand,31,2,inferred_from_protocol,True,,train,run_holdout,-1
s51,s51_left_hand_032,left_hand,32,2,inferred_from_protocol,True,,train,run_holdout,-1
s51,s51_left_hand_033,left_hand,33,2,inferred_from_protocol,True,,train,run_holdout,-1
s51,s51_left_hand_034,left_hand,34,2,inferred_from_protocol,True,,train,run_holdout,-1
s51,s51_left_hand_035,left_hand,35,2,inferred_from_protocol,True,,train,run_holdout,-1
s51,s51_left_hand_036,left_hand,36,2,inferred_from_protocol,True,,train,run_holdout,-1
s51,s51_left_hand_037,left_hand,37,2,inferred_from_protocol,True,,train,run_holdout,-1
s51,s51_left_hand_038,left_hand,38,2,inferred_from_protocol,True,,train,run_holdout,-1
s51,s51_left_hand_039,left_hand,39,2,inferred_from_protocol,True,,train,run_holdout,-1
s51,s51_left_hand_040,left_hand,40,3,inferred_from_protocol,True,,train,run_holdout,-1
s51,s51_left_hand_041,left_hand,41,3,inferred_from_protocol,True,,train,run_holdout,-1
s51,s51_left_hand_042,left_hand,42,3,inferred_from_protocol,True,,train,run_holdout,-1
s51,s51_left_hand_043,left_hand,43,3,inferred_from_protocol,True,,train,run_holdout,-1
s51,s51_left_hand_044,left_hand,44,3,inferred_from_protocol,True,,train,run_holdout,-1
s51,s51_left_hand_045,left_hand,45,3,inferred_from_protocol,True,,train,run_holdout,-1
s51,s51_left_hand_046,left_hand,46,3,inferred_from_protocol,True,,train,run_holdout,-1
s51,s51_left_hand_047,left_hand,47,3,inferred_from_protocol,True,,train,run_holdout,-1
s51,s51_left_hand_048,left_hand,48,3,inferred_from_protocol,True,,train,run_holdout,-1
s51,s51_left_hand_049,left_hand,49,3,inferred_from_protocol,True,,train,run_holdout,-1
s51,s51_left_hand_050,left_hand,50,3,inferred_from_protocol,True,,train,run_holdout,-1
s51,s51_left_hand_051,left_hand,51,3,inferred_from_protocol,True,,train,run_holdout,-1
s51,s51_left_hand_052,left_hand,52,3,inferred_from_protocol,True,,train,run_holdout,-1
s51,s51_left_hand_053,left_hand,53,3,inferred_from_protocol,True,,train,run_holdout,-1
s51,s51_left_hand_054,left_hand,54,3,inferred_from_protocol,True,,train,run_holdout,-1
s51,s51_left_hand_055,left_hand,55,3,inferred_from_protocol,True,,train,run_holdout,-1
s51,s51_left_hand_056,left_hand,56,3,inferred_from_protocol,True,,train,run_holdout,-1
s51,s51_left_hand_057,left_hand,57,3,inferred_from_protocol,True,,train,run_holdout,-1
s51,s51_left_hand_058,left_hand,58,3,inferred_from_protocol,True,,train,run_holdout,-1
s51,s51_left_hand_059,left_hand,59,3,inferred_from_protocol,True,,train,run_holdout,-1
s51,s51_left_hand_060,left_hand,60,4,inferred_from_protocol,True,,val,run_holdout,-1
s51,s51_left_hand_061,left_hand,61,4,inferred_from_protocol,True,,val,run_holdout,-1
s51,s51_left_hand_062,left_hand,62,4,inferred_from_protocol,True,,val,run_holdout,-1
s51,s51_left_hand_063,left_hand,63,4,inferred_from_protocol,False,emg_correlation,val,run_holdout,-1
s51,s51_left_hand_064,left_hand,64,4,inferred_from_protocol,True,,val,run_holdout,-1
s51,s51_left_hand_065,left_hand,65,4,inferred_from_protocol,True,,val,run_holdout,-1
s51,s51_left_hand_066,left_hand,66,4,inferred_from_protocol,True,,val,run_holdout,-1
s51,s51_left_hand_067,left_hand,67,4,inferred_from_protocol,True,,val,run_holdout,-1
s51,s51_left_hand_068,left_hand,68,4,inferred_from_protocol,True,,val,run_holdout,-1
s51,s51_left_hand_069,left_hand,69,4,inferred_from_protocol,True,,val,run_holdout,-1
s51,s51_left_hand_070,left_hand,70,4,inferred_from_protocol,True,,val,run_holdout,-1
s51,s51_left_hand_071,left_hand,71,4,inferred_from_protocol,True,,val,run_holdout,-1
s51,s51_left_hand_072,left_hand,72,4,inferred_from_protocol,True,,val,run_holdout,-1
s51,s51_left_hand_073,left_hand,73,4,inferred_from_protocol,True,,val,run_holdout,-1
s51,s51_left_hand_074,left_hand,74,4,inferred_from_protocol,True,,val,run_holdout,-1
s51,s51_left_hand_075,left_hand,75,4,inferred_from_protocol,True,,val,run_holdout,-1
s51,s51_left_hand_076,left_hand,76,4,inferred_from_protocol,True,,val,run_holdout,-1
s51,s51_left_hand_077,left_hand,77,4,inferred_from_protocol,True,,val,run_holdout,-1
s51,s51_left_hand_078,left_hand,78,4,inferred_from_protocol,True,,val,run_holdout,-1
s51,s51_left_hand_079,left_hand,79,4,inferred_from_protocol,True,,val,run_holdout,-1
s51,s51_left_hand_080,left_hand,80,5,inferred_from_protocol,True,,test,run_holdout,-1
s51,s51_left_hand_081,left_hand,81,5,inferred_from_protocol,True,,test,run_holdout,-1
s51,s51_left_hand_082,left_hand,82,5,inferred_from_protocol,True,,test,run_holdout,-1
s51,s51_left_hand_083,left_hand,83,5,inferred_from_protocol,True,,test,run_holdout,-1
s51,s51_left_hand_084,left_hand,84,5,inferred_from_protocol,True,,test,run_holdout,-1
s51,s51_left_hand_085,left_hand,85,5,inferred_from_protocol,True,,test,run_holdout,-1
s51,s51_left_hand_086,left_hand,86,5,inferred_from_protocol,True,,test,run_holdout,-1
s51,s51_left_hand_087,left_hand,87,5,inferred_from_protocol,True,,test,run_holdout,-1
s51,s51_left_hand_088,left_hand,88,5,inferred_from_protocol,True,,test,run_holdout,-1
s51,s51_left_hand_089,left_hand,89,5,inferred_from_protocol,True,,test,run_holdout,-1
s51,s51_left_hand_090,left_hand,90,5,inferred_from_protocol,True,,test,run_holdout,-1
s51,s51_left_hand_091,left_hand,91,5,inferred_from_protocol,True,,test,run_holdout,-1
s51,s51_left_hand_092,left_hand,92,5,inferred_from_protocol,True,,test,run_holdout,-1
s51,s51_left_hand_093,left_hand,93,5,inferred_from_protocol,True,,test,run_holdout,-1
s51,s51_left_hand_094,left_hand,94,5,inferred_from_protocol,True,,test,run_holdout,-1
s51,s51_left_hand_095,left_hand,95,5,inferred_from_protocol,True,,test,run_holdout,-1
s51,s51_left_hand_096,left_hand,96,5,inferred_from_protocol,True,,test,run_holdout,-1
s51,s51_left_hand_097,left_hand,97,5,inferred_from_protocol,True,,test,run_holdout,-1
s51,s51_left_hand_098,left_hand,98,5,inferred_from_protocol,True,,test,run_holdout,-1
s51,s51_left_hand_099,left_hand,99,5,inferred_from_protocol,True,,test,run_holdout,-1
s51,s51_right_hand_000,right_hand,0,1,inferred_from_protocol,True,,train,run_holdout,-1
s51,s51_right_hand_001,right_hand,1,1,inferred_from_protocol,True,,train,run_holdout,-1
s51,s51_right_hand_002,right_hand,2,1,inferred_from_protocol,True,,train,run_holdout,-1
s51,s51_right_hand_003,right_hand,3,1,inferred_from_protocol,True,,train,run_holdout,-1
s51,s51_right_hand_004,right_hand,4,1,inferred_from_protocol,True,,train,run_holdout,-1
s51,s51_right_hand_005,right_hand,5,1,inferred_from_protocol,True,,train,run_holdout,-1
s51,s51_right_hand_006,right_hand,6,1,inferred_from_protocol,True,,train,run_holdout,-1
s51,s51_right_hand_007,right_hand,7,1,inferred_from_protocol,True,,train,run_holdout,-1
s51,s51_right_hand_008,right_hand,8,1,inferred_from_protocol,True,,train,run_holdout,-1
s51,s51_right_hand_009,right_hand,9,1,inferred_from_protocol,True,,train,run_holdout,-1
s51,s51_right_hand_010,right_hand,10,1,inferred_from_protocol,True,,train,run_holdout,-1
s51,s51_right_hand_011,right_hand,11,1,inferred_from_protocol,True,,train,run_holdout,-1
s51,s51_right_hand_012,right_hand,12,1,inferred_from_protocol,True,,train,run_holdout,-1
s51,s51_right_hand_013,right_hand,13,1,inferred_from_protocol,True,,train,run_holdout,-1
s51,s51_right_hand_014,right_hand,14,1,inferred_from_protocol,True,,train,run_holdout,-1
s51,s51_right_hand_015,right_hand,15,1,inferred_from_protocol,True,,train,run_holdout,-1
s51,s51_right_hand_016,right_hand,16,1,inferred_from_protocol,True,,train,run_holdout,-1
s51,s51_right_hand_017,right_hand,17,1,inferred_from_protocol,True,,train,run_holdout,-1
s51,s51_right_hand_018,right_hand,18,1,inferred_from_protocol,True,,train,run_holdout,-1
s51,s51_right_hand_019,right_hand,19,1,inferred_from_protocol,False,emg_correlation,train,run_holdout,-1
s51,s51_right_hand_020,right_hand,20,2,inferred_from_protocol,True,,train,run_holdout,-1
s51,s51_right_hand_021,right_hand,21,2,inferred_from_protocol,True,,train,run_holdout,-1
s51,s51_right_hand_022,right_hand,22,2,inferred_from_protocol,True,,train,run_holdout,-1
s51,s51_right_hand_023,right_hand,23,2,inferred_from_protocol,True,,train,run_holdout,-1
s51,s51_right_hand_024,right_hand,24,2,inferred_from_protocol,True,,train,run_holdout,-1
s51,s51_right_hand_025,right_hand,25,2,inferred_from_protocol,True,,train,run_holdout,-1
s51,s51_right_hand_026,right_hand,26,2,inferred_from_protocol,True,,train,run_holdout,-1
s51,s51_right_hand_027,right_hand,27,2,inferred_from_protocol,True,,train,run_holdout,-1
s51,s51_right_hand_028,right_hand,28,2,inferred_from_protocol,True,,train,run_holdout,-1
s51,s51_right_hand_029,right_hand,29,2,inferred_from_protocol,True,,train,run_holdout,-1
s51,s51_right_hand_030,right_hand,30,2,inferred_from_protocol,True,,train,run_holdout,-1
s51,s51_right_hand_031,right_hand,31,2,inferred_from_protocol,True,,train,run_holdout,-1
s51,s51_right_hand_032,right_hand,32,2,inferred_from_protocol,True,,train,run_holdout,-1
s51,s51_right_hand_033,right_hand,33,2,inferred_from_protocol,True,,train,run_holdout,-1
s51,s51_right_hand_034,right_hand,34,2,inferred_from_protocol,True,,train,run_holdout,-1
s51,s51_right_hand_035,right_hand,35,2,inferred_from_protocol,True,,train,run_holdout,-1
s51,s51_right_hand_036,right_hand,36,2,inferred_from_protocol,True,,train,run_holdout,-1
s51,s51_right_hand_037,right_hand,37,2,inferred_from_protocol,True,,train,run_holdout,-1
s51,s51_right_hand_038,right_hand,38,2,inferred_from_protocol,True,,train,run_holdout,-1
s51,s51_right_hand_039,right_hand,39,2,inferred_from_protocol,True,,train,run_holdout,-1
s51,s51_right_hand_040,right_hand,40,3,inferred_from_protocol,True,,train,run_holdout,-1
s51,s51_right_hand_041,right_hand,41,3,inferred_from_protocol,True,,train,run_holdout,-1
s51,s51_right_hand_042,right_hand,42,3,inferred_from_protocol,True,,train,run_holdout,-1
s51,s51_right_hand_043,right_hand,43,3,inferred_from_protocol,True,,train,run_holdout,-1
s51,s51_right_hand_044,right_hand,44,3,inferred_from_protocol,True,,train,run_holdout,-1
s51,s51_right_hand_045,right_hand,45,3,inferred_from_protocol,True,,train,run_holdout,-1
s51,s51_right_hand_046,right_hand,46,3,inferred_from_protocol,True,,train,run_holdout,-1
s51,s51_right_hand_047,right_hand,47,3,inferred_from_protocol,True,,train,run_holdout,-1
s51,s51_right_hand_048,right_hand,48,3,inferred_from_protocol,True,,train,run_holdout,-1
s51,s51_right_hand_049,right_hand,49,3,inferred_from_protocol,True,,train,run_holdout,-1
s51,s51_right_hand_050,right_hand,50,3,inferred_from_protocol,True,,train,run_holdout,-1
s51,s51_right_hand_051,right_hand,51,3,inferred_from_protocol,True,,train,run_holdout,-1
s51,s51_right_hand_052,right_hand,52,3,inferred_from_protocol,True,,train,run_holdout,-1
s51,s51_right_hand_053,right_hand,53,3,inferred_from_protocol,True,,train,run_holdout,-1
s51,s51_right_hand_054,right_hand,54,3,inferred_from_protocol,True,,train,run_holdout,-1
s51,s51_right_hand_055,right_hand,55,3,inferred_from_protocol,True,,train,run_holdout,-1
s51,s51_right_hand_056,right_hand,56,3,inferred_from_protocol,True,,train,run_holdout,-1
s51,s51_right_hand_057,right_hand,57,3,inferred_from_protocol,True,,train,run_holdout,-1
s51,s51_right_hand_058,right_hand,58,3,inferred_from_protocol,True,,train,run_holdout,-1
s51,s51_right_hand_059,right_hand,59,3,inferred_from_protocol,True,,train,run_holdout,-1
s51,s51_right_hand_060,right_hand,60,4,inferred_from_protocol,True,,val,run_holdout,-1
s51,s51_right_hand_061,right_hand,61,4,inferred_from_protocol,True,,val,run_holdout,-1
s51,s51_right_hand_062,right_hand,62,4,inferred_from_protocol,False,emg_correlation,val,run_holdout,-1
s51,s51_right_hand_063,right_hand,63,4,inferred_from_protocol,True,,val,run_holdout,-1
s51,s51_right_hand_064,right_hand,64,4,inferred_from_protocol,False,emg_correlation,val,run_holdout,-1
s51,s51_right_hand_065,right_hand,65,4,inferred_from_protocol,True,,val,run_holdout,-1
s51,s51_right_hand_066,right_hand,66,4,inferred_from_protocol,True,,val,run_holdout,-1
s51,s51_right_hand_067,right_hand,67,4,inferred_from_protocol,True,,val,run_holdout,-1
s51,s51_right_hand_068,right_hand,68,4,inferred_from_protocol,True,,val,run_holdout,-1
s51,s51_right_hand_069,right_hand,69,4,inferred_from_protocol,True,,val,run_holdout,-1
s51,s51_right_hand_070,right_hand,70,4,inferred_from_protocol,True,,val,run_holdout,-1
s51,s51_right_hand_071,right_hand,71,4,inferred_from_protocol,True,,val,run_holdout,-1
s51,s51_right_hand_072,right_hand,72,4,inferred_from_protocol,True,,val,run_holdout,-1
s51,s51_right_hand_073,right_hand,73,4,inferred_from_protocol,True,,val,run_holdout,-1
s51,s51_right_hand_074,right_hand,74,4,inferred_from_protocol,False,emg_correlation,val,run_holdout,-1
s51,s51_right_hand_075,right_hand,75,4,inferred_from_protocol,True,,val,run_holdout,-1
s51,s51_right_hand_076,right_hand,76,4,inferred_from_protocol,True,,val,run_holdout,-1
s51,s51_right_hand_077,right_hand,77,4,inferred_from_protocol,True,,val,run_holdout,-1
s51,s51_right_hand_078,right_hand,78,4,inferred_from_protocol,True,,val,run_holdout,-1
s51,s51_right_hand_079,right_hand,79,4,inferred_from_protocol,True,,val,run_holdout,-1
s51,s51_right_hand_080,right_hand,80,5,inferred_from_protocol,True,,test,run_holdout,-1
s51,s51_right_hand_081,right_hand,81,5,inferred_from_protocol,True,,test,run_holdout,-1
s51,s51_right_hand_082,right_hand,82,5,inferred_from_protocol,True,,test,run_holdout,-1
s51,s51_right_hand_083,right_hand,83,5,inferred_from_protocol,True,,test,run_holdout,-1
s51,s51_right_hand_084,right_hand,84,5,inferred_from_protocol,True,,test,run_holdout,-1
s51,s51_right_hand_085,right_hand,85,5,inferred_from_protocol,True,,test,run_holdout,-1
s51,s51_right_hand_086,right_hand,86,5,inferred_from_protocol,True,,test,run_holdout,-1
s51,s51_right_hand_087,right_hand,87,5,inferred_from_protocol,True,,test,run_holdout,-1
s51,s51_right_hand_088,right_hand,88,5,inferred_from_protocol,True,,test,run_holdout,-1
s51,s51_right_hand_089,right_hand,89,5,inferred_from_protocol,True,,test,run_holdout,-1
s51,s51_right_hand_090,right_hand,90,5,inferred_from_protocol,True,,test,run_holdout,-1
s51,s51_right_hand_091,right_hand,91,5,inferred_from_protocol,True,,test,run_holdout,-1
s51,s51_right_hand_092,right_hand,92,5,inferred_from_protocol,True,,test,run_holdout,-1
s51,s51_right_hand_093,right_hand,93,5,inferred_from_protocol,True,,test,run_holdout,-1
s51,s51_right_hand_094,right_hand,94,5,inferred_from_protocol,True,,test,run_holdout,-1
s51,s51_right_hand_095,right_hand,95,5,inferred_from_protocol,True,,test,run_holdout,-1
s51,s51_right_hand_096,right_hand,96,5,inferred_from_protocol,True,,test,run_holdout,-1
s51,s51_right_hand_097,right_hand,97,5,inferred_from_protocol,True,,test,run_holdout,-1
s51,s51_right_hand_098,right_hand,98,5,inferred_from_protocol,True,,test,run_holdout,-1
s51,s51_right_hand_099,right_hand,99,5,inferred_from_protocol,True,,test,run_holdout,-1
s52,s52_left_hand_000,left_hand,0,1,inferred_from_protocol,True,,train,run_holdout,-1
s52,s52_left_hand_001,left_hand,1,1,inferred_from_protocol,True,,train,run_holdout,-1
s52,s52_left_hand_002,left_hand,2,1,inferred_from_protocol,True,,train,run_holdout,-1
s52,s52_left_hand_003,left_hand,3,1,inferred_from_protocol,True,,train,run_holdout,-1
s52,s52_left_hand_004,left_hand,4,1,inferred_from_protocol,True,,train,run_holdout,-1
s52,s52_left_hand_005,left_hand,5,1,inferred_from_protocol,True,,train,run_holdout,-1
s52,s52_left_hand_006,left_hand,6,1,inferred_from_protocol,True,,train,run_holdout,-1
s52,s52_left_hand_007,left_hand,7,1,inferred_from_protocol,True,,train,run_holdout,-1
s52,s52_left_hand_008,left_hand,8,1,inferred_from_protocol,True,,train,run_holdout,-1
s52,s52_left_hand_009,left_hand,9,1,inferred_from_protocol,True,,train,run_holdout,-1
s52,s52_left_hand_010,left_hand,10,1,inferred_from_protocol,True,,train,run_holdout,-1
s52,s52_left_hand_011,left_hand,11,1,inferred_from_protocol,True,,train,run_holdout,-1
s52,s52_left_hand_012,left_hand,12,1,inferred_from_protocol,True,,train,run_holdout,-1
s52,s52_left_hand_013,left_hand,13,1,inferred_from_protocol,True,,train,run_holdout,-1
s52,s52_left_hand_014,left_hand,14,1,inferred_from_protocol,True,,train,run_holdout,-1
s52,s52_left_hand_015,left_hand,15,1,inferred_from_protocol,True,,train,run_holdout,-1
s52,s52_left_hand_016,left_hand,16,1,inferred_from_protocol,True,,train,run_holdout,-1
s52,s52_left_hand_017,left_hand,17,1,inferred_from_protocol,True,,train,run_holdout,-1
s52,s52_left_hand_018,left_hand,18,1,inferred_from_protocol,True,,train,run_holdout,-1
s52,s52_left_hand_019,left_hand,19,1,inferred_from_protocol,True,,train,run_holdout,-1
s52,s52_left_hand_020,left_hand,20,2,inferred_from_protocol,True,,train,run_holdout,-1
s52,s52_left_hand_021,left_hand,21,2,inferred_from_protocol,True,,train,run_holdout,-1
s52,s52_left_hand_022,left_hand,22,2,inferred_from_protocol,True,,train,run_holdout,-1
s52,s52_left_hand_023,left_hand,23,2,inferred_from_protocol,True,,train,run_holdout,-1
s52,s52_left_hand_024,left_hand,24,2,inferred_from_protocol,True,,train,run_holdout,-1
s52,s52_left_hand_025,left_hand,25,2,inferred_from_protocol,True,,train,run_holdout,-1
s52,s52_left_hand_026,left_hand,26,2,inferred_from_protocol,True,,train,run_holdout,-1
s52,s52_left_hand_027,left_hand,27,2,inferred_from_protocol,True,,train,run_holdout,-1
s52,s52_left_hand_028,left_hand,28,2,inferred_from_protocol,True,,train,run_holdout,-1
s52,s52_left_hand_029,left_hand,29,2,inferred_from_protocol,True,,train,run_holdout,-1
s52,s52_left_hand_030,left_hand,30,2,inferred_from_protocol,True,,train,run_holdout,-1
s52,s52_left_hand_031,left_hand,31,2,inferred_from_protocol,True,,train,run_holdout,-1
s52,s52_left_hand_032,left_hand,32,2,inferred_from_protocol,True,,train,run_holdout,-1
s52,s52_left_hand_033,left_hand,33,2,inferred_from_protocol,True,,train,run_holdout,-1
s52,s52_left_hand_034,left_hand,34,2,inferred_from_protocol,True,,train,run_holdout,-1
s52,s52_left_hand_035,left_hand,35,2,inferred_from_protocol,True,,train,run_holdout,-1
s52,s52_left_hand_036,left_hand,36,2,inferred_from_protocol,True,,train,run_holdout,-1
s52,s52_left_hand_037,left_hand,37,2,inferred_from_protocol,True,,train,run_holdout,-1
s52,s52_left_hand_038,left_hand,38,2,inferred_from_protocol,True,,train,run_holdout,-1
s52,s52_left_hand_039,left_hand,39,2,inferred_from_protocol,True,,train,run_holdout,-1
s52,s52_left_hand_040,left_hand,40,3,inferred_from_protocol,True,,train,run_holdout,-1
s52,s52_left_hand_041,left_hand,41,3,inferred_from_protocol,True,,train,run_holdout,-1
s52,s52_left_hand_042,left_hand,42,3,inferred_from_protocol,True,,train,run_holdout,-1
s52,s52_left_hand_043,left_hand,43,3,inferred_from_protocol,True,,train,run_holdout,-1
s52,s52_left_hand_044,left_hand,44,3,inferred_from_protocol,True,,train,run_holdout,-1
s52,s52_left_hand_045,left_hand,45,3,inferred_from_protocol,True,,train,run_holdout,-1
s52,s52_left_hand_046,left_hand,46,3,inferred_from_protocol,True,,train,run_holdout,-1
s52,s52_left_hand_047,left_hand,47,3,inferred_from_protocol,True,,train,run_holdout,-1
s52,s52_left_hand_048,left_hand,48,3,inferred_from_protocol,True,,train,run_holdout,-1
s52,s52_left_hand_049,left_hand,49,3,inferred_from_protocol,True,,train,run_holdout,-1
s52,s52_left_hand_050,left_hand,50,3,inferred_from_protocol,True,,train,run_holdout,-1
s52,s52_left_hand_051,left_hand,51,3,inferred_from_protocol,True,,train,run_holdout,-1
s52,s52_left_hand_052,left_hand,52,3,inferred_from_protocol,True,,train,run_holdout,-1
s52,s52_left_hand_053,left_hand,53,3,inferred_from_protocol,True,,train,run_holdout,-1
s52,s52_left_hand_054,left_hand,54,3,inferred_from_protocol,True,,train,run_holdout,-1
s52,s52_left_hand_055,left_hand,55,3,inferred_from_protocol,True,,train,run_holdout,-1
s52,s52_left_hand_056,left_hand,56,3,inferred_from_protocol,True,,train,run_holdout,-1
s52,s52_left_hand_057,left_hand,57,3,inferred_from_protocol,True,,train,run_holdout,-1
s52,s52_left_hand_058,left_hand,58,3,inferred_from_protocol,True,,train,run_holdout,-1
s52,s52_left_hand_059,left_hand,59,3,inferred_from_protocol,True,,train,run_holdout,-1
s52,s52_left_hand_060,left_hand,60,4,inferred_from_protocol,True,,val,run_holdout,-1
s52,s52_left_hand_061,left_hand,61,4,inferred_from_protocol,True,,val,run_holdout,-1
s52,s52_left_hand_062,left_hand,62,4,inferred_from_protocol,True,,val,run_holdout,-1
s52,s52_left_hand_063,left_hand,63,4,inferred_from_protocol,True,,val,run_holdout,-1
s52,s52_left_hand_064,left_hand,64,4,inferred_from_protocol,True,,val,run_holdout,-1
s52,s52_left_hand_065,left_hand,65,4,inferred_from_protocol,True,,val,run_holdout,-1
s52,s52_left_hand_066,left_hand,66,4,inferred_from_protocol,True,,val,run_holdout,-1
s52,s52_left_hand_067,left_hand,67,4,inferred_from_protocol,True,,val,run_holdout,-1
s52,s52_left_hand_068,left_hand,68,4,inferred_from_protocol,True,,val,run_holdout,-1
s52,s52_left_hand_069,left_hand,69,4,inferred_from_protocol,True,,val,run_holdout,-1
s52,s52_left_hand_070,left_hand,70,4,inferred_from_protocol,True,,val,run_holdout,-1
s52,s52_left_hand_071,left_hand,71,4,inferred_from_protocol,True,,val,run_holdout,-1
s52,s52_left_hand_072,left_hand,72,4,inferred_from_protocol,True,,val,run_holdout,-1
s52,s52_left_hand_073,left_hand,73,4,inferred_from_protocol,True,,val,run_holdout,-1
s52,s52_left_hand_074,left_hand,74,4,inferred_from_protocol,True,,val,run_holdout,-1
s52,s52_left_hand_075,left_hand,75,4,inferred_from_protocol,True,,val,run_holdout,-1
s52,s52_left_hand_076,left_hand,76,4,inferred_from_protocol,True,,val,run_holdout,-1
s52,s52_left_hand_077,left_hand,77,4,inferred_from_protocol,True,,val,run_holdout,-1
s52,s52_left_hand_078,left_hand,78,4,inferred_from_protocol,True,,val,run_holdout,-1
s52,s52_left_hand_079,left_hand,79,4,inferred_from_protocol,True,,val,run_holdout,-1
s52,s52_left_hand_080,left_hand,80,5,inferred_from_protocol,True,,test,run_holdout,-1
s52,s52_left_hand_081,left_hand,81,5,inferred_from_protocol,True,,test,run_holdout,-1
s52,s52_left_hand_082,left_hand,82,5,inferred_from_protocol,True,,test,run_holdout,-1
s52,s52_left_hand_083,left_hand,83,5,inferred_from_protocol,True,,test,run_holdout,-1
s52,s52_left_hand_084,left_hand,84,5,inferred_from_protocol,True,,test,run_holdout,-1
s52,s52_left_hand_085,left_hand,85,5,inferred_from_protocol,True,,test,run_holdout,-1
s52,s52_left_hand_086,left_hand,86,5,inferred_from_protocol,True,,test,run_holdout,-1
s52,s52_left_hand_087,left_hand,87,5,inferred_from_protocol,True,,test,run_holdout,-1
s52,s52_left_hand_088,left_hand,88,5,inferred_from_protocol,True,,test,run_holdout,-1
s52,s52_left_hand_089,left_hand,89,5,inferred_from_protocol,True,,test,run_holdout,-1
s52,s52_left_hand_090,left_hand,90,5,inferred_from_protocol,True,,test,run_holdout,-1
s52,s52_left_hand_091,left_hand,91,5,inferred_from_protocol,True,,test,run_holdout,-1
s52,s52_left_hand_092,left_hand,92,5,inferred_from_protocol,True,,test,run_holdout,-1
s52,s52_left_hand_093,left_hand,93,5,inferred_from_protocol,True,,test,run_holdout,-1
s52,s52_left_hand_094,left_hand,94,5,inferred_from_protocol,True,,test,run_holdout,-1
s52,s52_left_hand_095,left_hand,95,5,inferred_from_protocol,True,,test,run_holdout,-1
s52,s52_left_hand_096,left_hand,96,5,inferred_from_protocol,True,,test,run_holdout,-1
s52,s52_left_hand_097,left_hand,97,5,inferred_from_protocol,True,,test,run_holdout,-1
s52,s52_left_hand_098,left_hand,98,5,inferred_from_protocol,True,,test,run_holdout,-1
s52,s52_left_hand_099,left_hand,99,5,inferred_from_protocol,True,,test,run_holdout,-1
s52,s52_right_hand_000,right_hand,0,1,inferred_from_protocol,True,,train,run_holdout,-1
s52,s52_right_hand_001,right_hand,1,1,inferred_from_protocol,True,,train,run_holdout,-1
s52,s52_right_hand_002,right_hand,2,1,inferred_from_protocol,True,,train,run_holdout,-1
s52,s52_right_hand_003,right_hand,3,1,inferred_from_protocol,True,,train,run_holdout,-1
s52,s52_right_hand_004,right_hand,4,1,inferred_from_protocol,True,,train,run_holdout,-1
s52,s52_right_hand_005,right_hand,5,1,inferred_from_protocol,True,,train,run_holdout,-1
s52,s52_right_hand_006,right_hand,6,1,inferred_from_protocol,True,,train,run_holdout,-1
s52,s52_right_hand_007,right_hand,7,1,inferred_from_protocol,True,,train,run_holdout,-1
s52,s52_right_hand_008,right_hand,8,1,inferred_from_protocol,True,,train,run_holdout,-1
s52,s52_right_hand_009,right_hand,9,1,inferred_from_protocol,True,,train,run_holdout,-1
s52,s52_right_hand_010,right_hand,10,1,inferred_from_protocol,True,,train,run_holdout,-1
s52,s52_right_hand_011,right_hand,11,1,inferred_from_protocol,True,,train,run_holdout,-1
s52,s52_right_hand_012,right_hand,12,1,inferred_from_protocol,True,,train,run_holdout,-1
s52,s52_right_hand_013,right_hand,13,1,inferred_from_protocol,True,,train,run_holdout,-1
s52,s52_right_hand_014,right_hand,14,1,inferred_from_protocol,True,,train,run_holdout,-1
s52,s52_right_hand_015,right_hand,15,1,inferred_from_protocol,True,,train,run_holdout,-1
s52,s52_right_hand_016,right_hand,16,1,inferred_from_protocol,True,,train,run_holdout,-1
s52,s52_right_hand_017,right_hand,17,1,inferred_from_protocol,True,,train,run_holdout,-1
s52,s52_right_hand_018,right_hand,18,1,inferred_from_protocol,True,,train,run_holdout,-1
s52,s52_right_hand_019,right_hand,19,1,inferred_from_protocol,True,,train,run_holdout,-1
s52,s52_right_hand_020,right_hand,20,2,inferred_from_protocol,True,,train,run_holdout,-1
s52,s52_right_hand_021,right_hand,21,2,inferred_from_protocol,True,,train,run_holdout,-1
s52,s52_right_hand_022,right_hand,22,2,inferred_from_protocol,True,,train,run_holdout,-1
s52,s52_right_hand_023,right_hand,23,2,inferred_from_protocol,True,,train,run_holdout,-1
s52,s52_right_hand_024,right_hand,24,2,inferred_from_protocol,True,,train,run_holdout,-1
s52,s52_right_hand_025,right_hand,25,2,inferred_from_protocol,True,,train,run_holdout,-1
s52,s52_right_hand_026,right_hand,26,2,inferred_from_protocol,True,,train,run_holdout,-1
s52,s52_right_hand_027,right_hand,27,2,inferred_from_protocol,True,,train,run_holdout,-1
s52,s52_right_hand_028,right_hand,28,2,inferred_from_protocol,True,,train,run_holdout,-1
s52,s52_right_hand_029,right_hand,29,2,inferred_from_protocol,True,,train,run_holdout,-1
s52,s52_right_hand_030,right_hand,30,2,inferred_from_protocol,True,,train,run_holdout,-1
s52,s52_right_hand_031,right_hand,31,2,inferred_from_protocol,True,,train,run_holdout,-1
s52,s52_right_hand_032,right_hand,32,2,inferred_from_protocol,True,,train,run_holdout,-1
s52,s52_right_hand_033,right_hand,33,2,inferred_from_protocol,True,,train,run_holdout,-1
s52,s52_right_hand_034,right_hand,34,2,inferred_from_protocol,True,,train,run_holdout,-1
s52,s52_right_hand_035,right_hand,35,2,inferred_from_protocol,True,,train,run_holdout,-1
s52,s52_right_hand_036,right_hand,36,2,inferred_from_protocol,True,,train,run_holdout,-1
s52,s52_right_hand_037,right_hand,37,2,inferred_from_protocol,True,,train,run_holdout,-1
s52,s52_right_hand_038,right_hand,38,2,inferred_from_protocol,True,,train,run_holdout,-1
s52,s52_right_hand_039,right_hand,39,2,inferred_from_protocol,True,,train,run_holdout,-1
s52,s52_right_hand_040,right_hand,40,3,inferred_from_protocol,True,,train,run_holdout,-1
s52,s52_right_hand_041,right_hand,41,3,inferred_from_protocol,True,,train,run_holdout,-1
s52,s52_right_hand_042,right_hand,42,3,inferred_from_protocol,True,,train,run_holdout,-1
s52,s52_right_hand_043,right_hand,43,3,inferred_from_protocol,True,,train,run_holdout,-1
s52,s52_right_hand_044,right_hand,44,3,inferred_from_protocol,True,,train,run_holdout,-1
s52,s52_right_hand_045,right_hand,45,3,inferred_from_protocol,True,,train,run_holdout,-1
s52,s52_right_hand_046,right_hand,46,3,inferred_from_protocol,True,,train,run_holdout,-1
s52,s52_right_hand_047,right_hand,47,3,inferred_from_protocol,True,,train,run_holdout,-1
s52,s52_right_hand_048,right_hand,48,3,inferred_from_protocol,True,,train,run_holdout,-1
s52,s52_right_hand_049,right_hand,49,3,inferred_from_protocol,True,,train,run_holdout,-1
s52,s52_right_hand_050,right_hand,50,3,inferred_from_protocol,True,,train,run_holdout,-1
s52,s52_right_hand_051,right_hand,51,3,inferred_from_protocol,True,,train,run_holdout,-1
s52,s52_right_hand_052,right_hand,52,3,inferred_from_protocol,True,,train,run_holdout,-1
s52,s52_right_hand_053,right_hand,53,3,inferred_from_protocol,True,,train,run_holdout,-1
s52,s52_right_hand_054,right_hand,54,3,inferred_from_protocol,True,,train,run_holdout,-1
s52,s52_right_hand_055,right_hand,55,3,inferred_from_protocol,True,,train,run_holdout,-1
s52,s52_right_hand_056,right_hand,56,3,inferred_from_protocol,True,,train,run_holdout,-1
s52,s52_right_hand_057,right_hand,57,3,inferred_from_protocol,True,,train,run_holdout,-1
s52,s52_right_hand_058,right_hand,58,3,inferred_from_protocol,True,,train,run_holdout,-1
s52,s52_right_hand_059,right_hand,59,3,inferred_from_protocol,True,,train,run_holdout,-1
s52,s52_right_hand_060,right_hand,60,4,inferred_from_protocol,True,,val,run_holdout,-1
s52,s52_right_hand_061,right_hand,61,4,inferred_from_protocol,True,,val,run_holdout,-1
s52,s52_right_hand_062,right_hand,62,4,inferred_from_protocol,True,,val,run_holdout,-1
s52,s52_right_hand_063,right_hand,63,4,inferred_from_protocol,True,,val,run_holdout,-1
s52,s52_right_hand_064,right_hand,64,4,inferred_from_protocol,True,,val,run_holdout,-1
s52,s52_right_hand_065,right_hand,65,4,inferred_from_protocol,True,,val,run_holdout,-1
s52,s52_right_hand_066,right_hand,66,4,inferred_from_protocol,True,,val,run_holdout,-1
s52,s52_right_hand_067,right_hand,67,4,inferred_from_protocol,True,,val,run_holdout,-1
s52,s52_right_hand_068,right_hand,68,4,inferred_from_protocol,True,,val,run_holdout,-1
s52,s52_right_hand_069,right_hand,69,4,inferred_from_protocol,True,,val,run_holdout,-1
s52,s52_right_hand_070,right_hand,70,4,inferred_from_protocol,True,,val,run_holdout,-1
s52,s52_right_hand_071,right_hand,71,4,inferred_from_protocol,True,,val,run_holdout,-1
s52,s52_right_hand_072,right_hand,72,4,inferred_from_protocol,True,,val,run_holdout,-1
s52,s52_right_hand_073,right_hand,73,4,inferred_from_protocol,True,,val,run_holdout,-1
s52,s52_right_hand_074,right_hand,74,4,inferred_from_protocol,True,,val,run_holdout,-1
s52,s52_right_hand_075,right_hand,75,4,inferred_from_protocol,True,,val,run_holdout,-1
s52,s52_right_hand_076,right_hand,76,4,inferred_from_protocol,True,,val,run_holdout,-1
s52,s52_right_hand_077,right_hand,77,4,inferred_from_protocol,True,,val,run_holdout,-1
s52,s52_right_hand_078,right_hand,78,4,inferred_from_protocol,True,,val,run_holdout,-1
s52,s52_right_hand_079,right_hand,79,4,inferred_from_protocol,True,,val,run_holdout,-1
s52,s52_right_hand_080,right_hand,80,5,inferred_from_protocol,True,,test,run_holdout,-1
s52,s52_right_hand_081,right_hand,81,5,inferred_from_protocol,True,,test,run_holdout,-1
s52,s52_right_hand_082,right_hand,82,5,inferred_from_protocol,True,,test,run_holdout,-1
s52,s52_right_hand_083,right_hand,83,5,inferred_from_protocol,True,,test,run_holdout,-1
s52,s52_right_hand_084,right_hand,84,5,inferred_from_protocol,True,,test,run_holdout,-1
s52,s52_right_hand_085,right_hand,85,5,inferred_from_protocol,True,,test,run_holdout,-1
s52,s52_right_hand_086,right_hand,86,5,inferred_from_protocol,True,,test,run_holdout,-1
s52,s52_right_hand_087,right_hand,87,5,inferred_from_protocol,True,,test,run_holdout,-1
s52,s52_right_hand_088,right_hand,88,5,inferred_from_protocol,True,,test,run_holdout,-1
s52,s52_right_hand_089,right_hand,89,5,inferred_from_protocol,True,,test,run_holdout,-1
s52,s52_right_hand_090,right_hand,90,5,inferred_from_protocol,True,,test,run_holdout,-1
s52,s52_right_hand_091,right_hand,91,5,inferred_from_protocol,True,,test,run_holdout,-1
s52,s52_right_hand_092,right_hand,92,5,inferred_from_protocol,True,,test,run_holdout,-1
s52,s52_right_hand_093,right_hand,93,5,inferred_from_protocol,True,,test,run_holdout,-1
s52,s52_right_hand_094,right_hand,94,5,inferred_from_protocol,True,,test,run_holdout,-1
s52,s52_right_hand_095,right_hand,95,5,inferred_from_protocol,True,,test,run_holdout,-1
s52,s52_right_hand_096,right_hand,96,5,inferred_from_protocol,True,,test,run_holdout,-1
s52,s52_right_hand_097,right_hand,97,5,inferred_from_protocol,True,,test,run_holdout,-1
s52,s52_right_hand_098,right_hand,98,5,inferred_from_protocol,True,,test,run_holdout,-1
s52,s52_right_hand_099,right_hand,99,5,inferred_from_protocol,True,,test,run_holdout,-1
